game_id,season,game_date,team_id,team_uid,team_location,team_name,team_abbreviation,team_color,team_alternate_color,team_home_away,team_score,team_winner,assists,blocks,defensive_rebounds,field_goal_pct,field_goals_made,field_goals_attempted,flagrant_fouls,fouls,free_throw_pct,free_throws_made,free_throws_attempted,largest_lead,offensive_rebounds,steals,team_turnovers,technical_fouls,three_point_field_goal_pct,three_point_field_goals_made,three_point_field_goals_attempted,total_rebounds,total_technical_fouls,total_turnovers,turnovers,opponent_team_id,opponent_team_uid,opponent_team_location,opponent_team_name,opponent_team_color,opponent_team_alternate_color,opponent_team_score,fast_break_points,points_in_paint,turnover_points,lead_changes,lead_percentage
401812823,2026,1/8/2026,2239,s:40~l:54~t:2239,Cal State Fullerton,Titans,CSUF,003767,ff8300,home,69,FALSE,16,4,26,37,25,68,NA,18,76,16,21,4,20,15,0,0,21,3,14,46,0,26,26,28,s:40~l:54~t:28,UC San Diego,Tritons,000000,ffcd00,81,10,36,24,5,17
401825258,2026,1/8/2026,127,s:40~l:54~t:127,Michigan State,Spartans,MSU,173f35,ffffff,away,82,TRUE,13,3,27,52,32,62,NA,19,62,13,21,22,13,10,0,0,36,5,14,40,0,14,14,264,s:40~l:54~t:264,Washington,Huskies,33006f,e8d3a2,67,13,50,19,6,53
401828819,2026,1/8/2026,2539,s:40~l:54~t:2539,San Francisco,Dons,SF,005a36,ffffff,home,67,FALSE,18,2,32,40,29,72,NA,20,67,6,9,7,14,11,1,0,12,3,25,46,0,19,19,2541,s:40~l:54~t:2541,Santa Clara,Broncos,690b0b,101010,77,12,50,7,17,40
401828818,2026,1/8/2026,301,s:40~l:54~t:301,San Diego,Toreros,USD,2f99d4,2f99d4,away,62,FALSE,9,2,23,36,24,67,NA,22,85,11,13,4,16,10,0,0,18,3,17,39,0,14,14,2547,s:40~l:54~t:2547,Seattle U,Redhawks,BF2E1A,c2c3c0,68,12,32,22,4,13
401828818,2026,1/8/2026,2547,s:40~l:54~t:2547,Seattle U,Redhawks,SEA,BF2E1A,c2c3c0,home,68,TRUE,12,1,24,43,21,49,NA,16,89,17,19,10,6,3,1,0,41,9,22,30,0,19,19,301,s:40~l:54~t:301,San Diego,Toreros,2f99d4,2f99d4,62,9,16,6,4,81
401828816,2026,1/8/2026,204,s:40~l:54~t:204,Oregon State,Beavers,ORST,dc4405,000000,away,78,TRUE,11,2,27,51,33,65,NA,13,54,7,13,25,8,6,1,0,38,5,13,35,0,5,5,265,s:40~l:54~t:265,Washington State,Cougars,a60f2d,4d4d4d,64,6,36,15,1,94
401828815,2026,1/8/2026,2492,s:40~l:54~t:2492,Pepperdine,Waves,PEPP,003A72,dc762f,home,78,FALSE,19,2,23,51,31,61,NA,19,79,11,14,10,9,7,0,0,36,5,14,32,0,15,15,2351,s:40~l:54~t:2351,Loyola Marymount,Lions,880029,00345b,83,2,48,19,1,43
401812825,2026,1/8/2026,2463,s:40~l:54~t:2463,Cal State Northridge,Matadors,CSUN,b50000,NA,away,77,TRUE,12,3,26,45,25,56,NA,21,61,19,31,14,18,11,1,0,38,8,21,44,0,21,21,13,s:40~l:54~t:13,Cal Poly,Mustangs,1E4D2B,eed897,68,12,30,20,1,92
401812825,2026,1/8/2026,13,s:40~l:54~t:13,Cal Poly,Mustangs,CP,1E4D2B,eed897,home,68,FALSE,11,1,21,41,24,58,NA,22,61,14,23,3,11,8,0,0,35,6,17,32,0,17,17,2463,s:40~l:54~t:2463,Cal State Northridge,Matadors,b50000,NA,77,5,26,21,1,4
401812824,2026,1/8/2026,2934,s:40~l:54~t:2934,Cal State Bakersfield,Roadrunners,CSUB,003BAB,NA,away,42,FALSE,7,3,25,24,15,62,NA,23,63,10,16,0,13,6,0,2,9,2,23,38,2,16,16,27,s:40~l:54~t:27,UC Riverside,Highlanders,14234F,NA,64,5,20,11,0,0
401812824,2026,1/8/2026,27,s:40~l:54~t:27,UC Riverside,Highlanders,UCR,14234F,NA,home,64,TRUE,15,3,36,35,18,51,NA,18,84,21,25,24,8,8,0,1,28,7,25,44,1,20,20,2934,s:40~l:54~t:2934,Cal State Bakersfield,Roadrunners,003BAB,NA,42,11,18,11,0,100
401812822,2026,1/8/2026,300,s:40~l:54~t:300,UC Irvine,Anteaters,UCI,002B5C,fec52e,away,78,TRUE,13,1,22,39,24,62,NA,14,79,19,24,24,19,17,0,0,44,11,25,41,0,15,15,299,s:40~l:54~t:299,Long Beach State,Beach,000000,f1f2f3,59,9,16,27,5,91
401812822,2026,1/8/2026,299,s:40~l:54~t:299,Long Beach State,Beach,LBSU,000000,f1f2f3,home,59,FALSE,21,8,21,41,22,54,NA,19,71,5,7,3,8,10,1,0,36,10,28,29,0,23,23,300,s:40~l:54~t:300,UC Irvine,Anteaters,002B5C,fec52e,78,7,18,19,5,5
401812821,2026,1/8/2026,2540,s:40~l:54~t:2540,UC Santa Barbara,Gauchos,UCSB,1e1840,febc11,away,55,TRUE,6,1,35,34,21,61,NA,14,83,10,12,12,9,4,1,0,14,3,22,44,0,11,11,302,s:40~l:54~t:302,UC Davis,Aggies,002855,c3c4c6,47,11,36,4,3,72
401808437,2026,1/8/2026,304,s:40~l:54~t:304,Idaho State,Bengals,IDST,ef8c00,e9a126,home,56,FALSE,15,4,20,35,22,62,NA,19,67,8,12,4,13,7,0,0,25,4,16,33,0,17,17,2458,s:40~l:54~t:2458,Northern Colorado,Bears,13558D,ffc533,67,14,28,16,1,7
401808060,2026,1/8/2026,70,s:40~l:54~t:70,Idaho,Vandals,IDHO,000000,8c6e4a,away,67,TRUE,13,5,31,51,26,51,NA,11,63,10,16,18,6,18,0,0,33,5,15,37,0,20,20,149,s:40~l:54~t:149,Montana,Lady Griz,751D4A,666666,50,13,36,16,2,97
401808060,2026,1/8/2026,149,s:40~l:54~t:149,Montana,Lady Griz,MONT,751D4A,666666,home,50,FALSE,10,2,20,32,17,53,NA,12,63,5,8,2,7,11,1,0,39,11,28,27,0,23,23,70,s:40~l:54~t:70,Idaho,Vandals,000000,8c6e4a,67,0,12,10,2,1
401805100,2026,1/8/2026,253,s:40~l:54~t:253,Southern Utah,Thunderbirds,SUU,c72026,000000,home,76,TRUE,18,2,33,53,28,53,NA,17,69,9,13,16,9,3,1,0,58,11,19,42,0,27,27,3084,s:40~l:54~t:3084,Utah Valley,Wolverines,004812,e1c736,68,6,32,12,2,87
401807545,2026,1/8/2026,251,s:40~l:54~t:251,Texas,Longhorns,TEX,af5c37,ffffff,home,97,TRUE,23,3,30,54,36,67,NA,10,83,24,29,61,20,13,0,0,11,1,9,50,0,13,13,2,s:40~l:54~t:2,Auburn,Tigers,002b5c,f26522,36,15,58,40,0,97
401827320,2026,1/8/2026,38,s:40~l:54~t:38,Colorado,Buffaloes,COLO,cfb87c,000000,away,52,FALSE,10,4,26,28,19,67,NA,21,60,12,20,4,22,10,1,0,13,2,16,48,0,19,19,239,s:40~l:54~t:239,Baylor,Bears,154734,ffb81c,56,6,32,17,4,19
401827320,2026,1/8/2026,239,s:40~l:54~t:239,Baylor,Bears,BAY,154734,ffb81c,home,56,TRUE,13,12,28,36,20,56,NA,22,71,10,14,8,12,5,1,0,23,6,26,40,0,21,21,38,s:40~l:54~t:38,Colorado,Buffaloes,cfb87c,000000,52,6,18,15,4,64
401825255,2026,1/8/2026,84,s:40~l:54~t:84,Indiana,Hoosiers,IU,970310,ffffff,away,73,FALSE,12,1,28,51,29,57,NA,21,85,11,13,2,4,3,1,0,31,4,13,32,0,11,11,158,s:40~l:54~t:158,Nebraska,Cornhuskers,e31937,ffffff,78,3,44,9,11,8
401825255,2026,1/8/2026,158,s:40~l:54~t:158,Nebraska,Cornhuskers,NEB,e31937,ffffff,home,78,TRUE,20,7,26,42,28,67,NA,16,74,14,19,12,12,2,1,0,38,8,21,38,0,7,7,84,s:40~l:54~t:84,Indiana,Hoosiers,970310,ffffff,73,5,38,19,11,82
401825630,2026,1/8/2026,156,s:40~l:54~t:156,Creighton,Bluejays,CREI,005ca9,6cadde,away,49,FALSE,7,1,18,30,15,50,NA,15,93,13,14,1,8,7,1,0,23,6,26,26,0,15,15,269,s:40~l:54~t:269,Marquette,Golden Eagles,003366,ffcc00,67,3,12,9,4,6
401825630,2026,1/8/2026,269,s:40~l:54~t:269,Marquette,Golden Eagles,MARQ,003366,ffcc00,home,67,TRUE,14,3,26,50,26,52,NA,14,80,8,10,23,9,5,0,0,32,7,22,35,0,17,17,156,s:40~l:54~t:156,Creighton,Bluejays,005ca9,6cadde,49,6,36,13,4,94
401825259,2026,1/8/2026,135,s:40~l:54~t:135,Minnesota,Golden Gophers,MINN,5e0a2f,fab41c,home,79,TRUE,14,0,32,50,32,64,NA,17,71,10,14,38,15,12,1,0,25,5,20,47,0,12,12,77,s:40~l:54~t:77,Northwestern,Wildcats,492f92,ffffff,47,15,44,23,0,96
401819564,2026,1/8/2026,152,s:40~l:54~t:152,NC State,Wolfpack,NCSU,cc0000,ffffff,away,65,FALSE,13,3,27,41,26,63,NA,11,90,9,10,8,11,1,0,0,21,4,19,38,0,10,10,228,s:40~l:54~t:228,Clemson,Tigers,f56600,ffffff,75,2,36,6,11,56
401819564,2026,1/8/2026,228,s:40~l:54~t:228,Clemson,Tigers,CLEM,f56600,ffffff,home,75,TRUE,10,2,27,48,30,62,NA,14,78,7,9,12,7,6,0,0,33,8,24,34,0,7,7,152,s:40~l:54~t:152,NC State,Wolfpack,cc0000,ffffff,65,20,38,16,11,32
401818451,2026,1/8/2026,140,s:40~l:54~t:140,Kansas City,Roos,KC,004b87,ffc72c,away,54,FALSE,4,0,25,35,23,65,NA,24,86,6,7,7,10,2,0,0,18,2,11,35,0,13,13,2449,s:40~l:54~t:2449,North Dakota State,Bison,01402A,ffffff,77,0,30,12,1,10
401818450,2026,1/8/2026,2172,s:40~l:54~t:2172,Denver,Pioneers,DEN,98002e,a8996e,away,65,FALSE,19,2,31,43,26,61,NA,17,46,6,13,4,8,6,2,0,35,7,20,39,0,13,13,2900,s:40~l:54~t:2900,St. Thomas-Minnesota,Tommies,000000,NA,74,7,28,13,10,18
401818450,2026,1/8/2026,2900,s:40~l:54~t:2900,St. Thomas-Minnesota,Tommies,STMN,000000,NA,home,74,TRUE,15,3,31,39,26,67,NA,16,72,13,18,11,13,5,0,0,38,9,24,44,0,10,10,2172,s:40~l:54~t:2172,Denver,Pioneers,98002e,a8996e,65,0,30,8,10,70
401818449,2026,1/8/2026,233,s:40~l:54~t:233,South Dakota,Coyotes,SDAK,CD1241,f0f0f0,home,61,FALSE,12,10,20,30,20,67,NA,18,86,18,21,2,17,8,1,0,19,3,16,37,0,21,21,198,s:40~l:54~t:198,Oral Roberts,Golden Eagles,002462,dac792,83,6,30,20,5,7
401818448,2026,1/8/2026,2437,s:40~l:54~t:2437,Omaha,Mavericks,OMA,e3193e,474648,away,54,FALSE,18,2,20,36,20,55,NA,18,50,4,8,3,6,8,0,0,32,10,31,26,0,18,18,155,s:40~l:54~t:155,North Dakota,Fighting Hawks,00A26B,c2c3c0,75,6,16,9,4,4
401818448,2026,1/8/2026,155,s:40~l:54~t:155,North Dakota,Fighting Hawks,UND,00A26B,c2c3c0,home,75,TRUE,16,2,31,47,24,51,NA,14,80,20,25,23,9,5,1,0,29,7,24,40,0,15,15,2437,s:40~l:54~t:2437,Omaha,Mavericks,e3193e,474648,54,6,34,20,4,88
401808754,2026,1/8/2026,2032,s:40~l:54~t:2032,Arkansas State,Red Wolves,ARST,cc092f,000000,away,107,TRUE,19,2,24,46,37,81,NA,28,82,18,22,43,20,17,1,0,35,15,43,44,0,12,12,6,s:40~l:54~t:6,South Alabama,Jaguars,00205b,bf0d3e,67,27,40,42,0,99
401808105,2026,1/8/2026,2464,s:40~l:54~t:2464,Northern Arizona,Lumberjacks,NAU,003976,1b3069,away,71,TRUE,14,2,26,39,25,64,NA,19,83,10,12,19,12,10,0,0,48,11,23,38,0,25,25,2692,s:40~l:54~t:2692,Weber State,Wildcats,18005a,ebebeb,58,14,20,28,3,87
401807551,2026,1/8/2026,2579,s:40~l:54~t:2579,South Carolina,Gamecocks,SC,73000a,000000,away,93,TRUE,17,9,31,52,34,66,NA,16,62,18,29,37,12,11,1,0,54,7,13,43,0,13,13,8,s:40~l:54~t:8,Arkansas,Razorbacks,a32136,ffffff,58,15,48,30,1,93
401807551,2026,1/8/2026,8,s:40~l:54~t:8,Arkansas,Razorbacks,ARK,a32136,ffffff,home,58,FALSE,9,3,23,33,20,61,NA,24,77,10,13,3,11,6,2,0,42,8,19,34,0,23,23,2579,s:40~l:54~t:2579,South Carolina,Gamecocks,73000a,000000,93,12,20,8,1,4
401807546,2026,1/8/2026,2633,s:40~l:54~t:2633,Tennessee,Lady Volunteers,TENN,ff8200,ffffff,away,90,TRUE,16,5,19,51,34,67,NA,22,71,12,17,18,16,11,0,0,37,10,27,35,0,14,14,344,s:40~l:54~t:344,Mississippi State,Bulldogs,5d1725,c1c6c8,80,17,42,15,4,91
401831094,2026,1/8/2026,2287,s:40~l:54~t:2287,Illinois State,Redbirds,ILST,CE1126,ffe716,home,75,TRUE,15,4,19,53,29,55,NA,9,85,11,13,23,10,7,0,0,40,6,15,29,0,14,14,82,s:40~l:54~t:82,UIC,Flames,001e62,d50032,61,2,38,21,4,86
401825260,2026,1/8/2026,2509,s:40~l:54~t:2509,Purdue,Boilermakers,PUR,ceb888,000000,away,75,TRUE,14,0,26,47,25,53,NA,13,76,13,17,11,9,8,1,0,60,12,20,35,0,17,17,275,s:40~l:54~t:275,Wisconsin,Badgers,a00000,ffffff,67,7,22,20,3,93
401825260,2026,1/8/2026,275,s:40~l:54~t:275,Wisconsin,Badgers,WIS,a00000,ffffff,home,67,FALSE,13,5,19,38,25,65,NA,19,73,8,11,2,14,11,0,0,30,9,30,33,0,14,14,2509,s:40~l:54~t:2509,Purdue,Boilermakers,ceb888,000000,75,18,30,16,3,1
401808007,2026,1/8/2026,292,s:40~l:54~t:292,UT Rio Grande Valley,Vaqueros,RGV,dc6000,e1732d,away,61,TRUE,5,0,25,38,20,53,NA,18,81,17,21,6,9,8,0,0,22,4,18,34,0,11,11,2466,s:40~l:54~t:2466,Northwestern State,Lady Demons,492F91,ed6118,55,2,16,13,7,12
401808007,2026,1/8/2026,2466,s:40~l:54~t:2466,Northwestern State,Lady Demons,NWST,492F91,ed6118,home,55,FALSE,10,3,26,32,18,56,NA,17,86,12,14,9,13,4,1,0,33,7,21,39,0,18,18,292,s:40~l:54~t:292,UT Rio Grande Valley,Vaqueros,dc6000,e1732d,61,11,16,14,7,78
401807925,2026,1/8/2026,2447,s:40~l:54~t:2447,Nicholls,Colonels,NICH,C41230,f0f0f0,away,51,FALSE,11,4,30,36,17,47,NA,14,70,14,20,0,9,8,0,0,27,3,11,39,0,23,23,2377,s:40~l:54~t:2377,McNeese,Cowgirls,00529C,ffd204,62,5,28,10,0,0
401807781,2026,1/8/2026,2110,s:40~l:54~t:2110,Central Arkansas,Sugar Bears,CARK,a7a9ac,8e959a,home,85,TRUE,25,5,33,42,30,71,NA,18,80,8,10,56,14,12,0,0,37,17,46,47,0,9,9,91,s:40~l:54~t:91,Bellarmine,Knights,000000,NA,29,15,22,24,1,94
401804984,2026,1/8/2026,2638,s:40~l:54~t:2638,UTEP,Miners,UTEP,ff8200,041e42,away,43,FALSE,3,0,19,26,15,57,NA,10,45,10,22,2,12,6,1,0,21,3,14,31,0,14,14,2393,s:40~l:54~t:2393,Middle Tennessee,Blue Raiders,036eb7,ffffff,86,8,22,9,1,3
401804984,2026,1/8/2026,2393,s:40~l:54~t:2393,Middle Tennessee,Blue Raiders,MTSU,036eb7,ffffff,home,86,TRUE,13,4,36,46,31,68,NA,18,100,11,11,43,18,7,0,0,42,13,31,54,0,13,13,2638,s:40~l:54~t:2638,UTEP,Miners,ff8200,041e42,43,4,30,21,1,91
401804982,2026,1/8/2026,98,s:40~l:54~t:98,Western Kentucky,Lady Toppers,WKU,e13a3e,ffffff,home,67,FALSE,19,3,12,51,28,55,NA,10,86,6,7,8,3,15,1,0,29,5,17,15,0,17,17,166,s:40~l:54~t:166,New Mexico State,Aggies,7e141b,231f20,70,9,42,19,11,38
401817725,2026,1/8/2026,94,s:40~l:54~t:94,Northern Kentucky,Norse,NKU,ffc82e,000000,away,61,TRUE,15,3,29,39,24,61,NA,14,69,9,13,12,12,5,0,0,19,4,21,41,0,9,9,2754,s:40~l:54~t:2754,Youngstown State,Penguins,E51937,690717,49,2,38,8,11,50
401817725,2026,1/8/2026,2754,s:40~l:54~t:2754,Youngstown State,Penguins,YSU,E51937,690717,home,49,FALSE,8,4,25,27,16,59,NA,16,74,14,19,5,13,4,2,0,11,3,28,38,0,10,10,94,s:40~l:54~t:94,Northern Kentucky,Norse,ffc82e,000000,61,4,18,8,11,39
401807547,2026,1/8/2026,145,s:40~l:54~t:145,Ole Miss,Rebels,MISS,13294b,cf142b,away,74,TRUE,11,8,29,47,28,59,NA,20,87,13,15,12,10,8,1,0,42,5,12,39,0,19,19,201,s:40~l:54~t:201,Oklahoma,Sooners,990000,ffffff,69,10,24,15,2,91
401807547,2026,1/8/2026,201,s:40~l:54~t:201,Oklahoma,Sooners,OU,990000,ffffff,home,69,FALSE,13,3,22,34,23,67,NA,18,74,17,23,2,18,10,0,0,24,6,25,40,0,17,17,145,s:40~l:54~t:145,Ole Miss,Rebels,13294b,cf142b,74,6,28,16,2,3
401807550,2026,1/8/2026,333,s:40~l:54~t:333,Alabama,Crimson Tide,ALA,9e1b32,ffffff,home,64,TRUE,13,4,27,38,23,60,NA,18,73,11,15,23,13,12,0,0,30,7,23,40,0,15,15,96,s:40~l:54~t:96,Kentucky,Wildcats,0033a0,ffffff,51,8,26,21,5,69
401825256,2026,1/8/2026,120,s:40~l:54~t:120,Maryland,Terrapins,MD,ce1126,ffffff,away,88,TRUE,23,5,31,48,29,60,NA,22,74,14,19,47,18,9,0,0,64,16,25,49,0,18,18,164,s:40~l:54~t:164,Rutgers,Scarlet Knights,ce0e2d,ffffff,41,18,22,28,0,99
401825256,2026,1/8/2026,164,s:40~l:54~t:164,Rutgers,Scarlet Knights,RUTG,ce0e2d,ffffff,home,41,FALSE,10,5,15,20,11,55,NA,18,73,16,22,0,16,6,0,0,19,3,16,31,0,20,20,120,s:40~l:54~t:120,Maryland,Terrapins,ce1126,ffffff,88,1,16,14,0,0
401831096,2026,1/8/2026,71,s:40~l:54~t:71,Bradley,Braves,BRAD,b70002,c0c0c0,away,80,TRUE,18,2,28,48,31,64,NA,17,44,7,16,44,12,15,0,0,39,11,28,40,0,13,13,2674,s:40~l:54~t:2674,Valparaiso,Beacons,794500,NA,44,8,30,18,0,99
401831096,2026,1/8/2026,2674,s:40~l:54~t:2674,Valparaiso,Beacons,VAL,794500,NA,home,44,FALSE,9,4,26,32,17,53,NA,14,53,8,15,0,11,8,0,0,13,2,16,37,0,21,21,71,s:40~l:54~t:71,Bradley,Braves,b70002,c0c0c0,80,4,28,8,0,0
401831095,2026,1/8/2026,339,s:40~l:54~t:339,Evansville,Purple Aces,EVAN,663399,ef6f00,away,75,TRUE,13,5,33,44,28,63,NA,17,74,14,19,5,11,4,0,0,28,5,18,44,0,17,17,79,s:40~l:54~t:79,Southern Illinois,Salukis,85283D,c2c3c0,70,2,44,9,17,24
401831095,2026,1/8/2026,79,s:40~l:54~t:79,Southern Illinois,Salukis,SIU,85283D,c2c3c0,home,70,FALSE,10,6,28,39,27,69,NA,19,68,15,22,8,13,12,0,0,9,1,11,41,0,14,14,339,s:40~l:54~t:339,Evansville,Purple Aces,663399,ef6f00,75,10,50,16,17,66
401829529,2026,1/8/2026,2582,s:40~l:54~t:2582,Southern,Jaguars,SOU,004B97,ffc82d,away,61,TRUE,12,1,19,40,24,60,NA,18,57,8,14,18,17,15,1,1,38,5,13,36,1,17,17,2065,s:40~l:54~t:2065,Bethune-Cookman,Wildcats,7b1831,e9aa12,50,20,28,30,3,87
401825631,2026,1/8/2026,2507,s:40~l:54~t:2507,Providence,Friars,PROV,000000,a3a19e,home,48,FALSE,8,2,20,27,16,60,NA,21,67,10,15,10,18,7,0,0,29,6,21,38,0,18,18,2550,s:40~l:54~t:2550,Seton Hall,Pirates,0857B1,8a8d8f,58,0,16,9,1,53
401824397,2026,1/8/2026,2029,s:40~l:54~t:2029,Arkansas-Pine Bluff,Golden Lions,UAPB,e0aa0f,eaaa00,away,53,TRUE,7,0,29,30,20,67,NA,15,60,9,15,7,17,7,5,0,15,4,26,46,0,19,19,2504,s:40~l:54~t:2504,Prairie View A&M,Lady Panthers,582c83,eaaa00,49,9,30,11,10,73
401824397,2026,1/8/2026,2504,s:40~l:54~t:2504,Prairie View A&M,Lady Panthers,PV,582c83,eaaa00,home,49,FALSE,6,4,25,32,15,47,NA,16,55,12,22,3,6,8,3,0,29,7,24,31,0,15,15,2029,s:40~l:54~t:2029,Arkansas-Pine Bluff,Golden Lions,e0aa0f,eaaa00,53,6,10,11,10,16
401824341,2026,1/8/2026,2400,s:40~l:54~t:2400,Mississippi Valley State,Devilettes,MVSU,005328,cf2d34,away,62,FALSE,6,5,31,34,23,68,NA,24,59,13,22,6,16,14,1,0,20,3,15,47,0,20,20,2640,s:40~l:54~t:2640,Texas Southern,Tigers,860038,ffffff,72,18,36,18,2,14
401824288,2026,1/8/2026,2016,s:40~l:54~t:2016,Alcorn State,Lady Braves,ALCN,4b0058,46166a,away,49,TRUE,11,6,23,33,17,52,NA,16,68,13,19,12,9,5,2,0,11,2,19,32,0,13,13,2011,s:40~l:54~t:2011,Alabama State,Lady Hornets,e9a900,0a0a0a,40,9,26,13,3,42
401824288,2026,1/8/2026,2011,s:40~l:54~t:2011,Alabama State,Lady Hornets,ALST,e9a900,0a0a0a,home,40,FALSE,7,0,28,28,14,50,NA,19,50,8,16,5,16,3,3,1,19,4,21,44,1,23,23,2016,s:40~l:54~t:2016,Alcorn State,Lady Braves,4b0058,46166a,49,0,18,9,3,53
401824264,2026,1/8/2026,2296,s:40~l:54~t:2296,Jackson State,Lady Tigers,JKST,123297,b5b7ba,away,59,FALSE,10,1,18,43,20,47,NA,26,67,12,18,0,7,7,1,0,39,7,18,25,0,19,19,2010,s:40~l:54~t:2010,Alabama A&M,Bulldogs,790000,ffffff,69,8,24,13,0,0
401819658,2026,1/8/2026,258,s:40~l:54~t:258,Virginia,Cavaliers,UVA,f84c1e,232d4b,away,61,TRUE,18,13,28,38,23,60,NA,18,50,10,20,9,17,6,0,0,38,5,13,45,0,19,19,59,s:40~l:54~t:59,Georgia Tech,Yellow Jackets,b3a369,ffffff,59,2,30,6,2,93
401819658,2026,1/8/2026,59,s:40~l:54~t:59,Georgia Tech,Yellow Jackets,GT,b3a369,ffffff,home,59,FALSE,11,4,20,28,17,61,NA,21,85,22,26,2,15,11,1,0,17,3,18,35,0,12,12,258,s:40~l:54~t:258,Virginia,Cavaliers,f84c1e,232d4b,61,8,22,22,2,4
401817315,2026,1/8/2026,231,s:40~l:54~t:231,Furman,Paladins,FUR,582c83,ffffff,away,72,TRUE,11,5,27,45,28,62,NA,17,90,9,10,15,8,7,1,0,41,7,17,35,0,13,13,2193,s:40~l:54~t:2193,East Tennessee State,Bucs,002d61,ffc423,70,10,30,15,0,93
401817315,2026,1/8/2026,2193,s:40~l:54~t:2193,East Tennessee State,Bucs,ETSU,002d61,ffc423,home,70,FALSE,9,3,26,42,25,59,NA,12,55,12,22,0,13,6,1,0,38,8,21,39,0,12,12,231,s:40~l:54~t:231,Furman,Paladins,582c83,ffffff,72,2,20,9,0,0
401813900,2026,1/8/2026,2368,s:40~l:54~t:2368,Marist,Red Foxes,MRST,e53730,f0f0f0,away,57,FALSE,8,6,24,28,17,61,NA,12,82,18,22,6,19,8,1,0,28,5,18,43,0,17,17,2771,s:40~l:54~t:2771,Merrimack,Warriors,2f4f93,e8c535,59,0,20,9,5,79
401813900,2026,1/8/2026,2771,s:40~l:54~t:2771,Merrimack,Warriors,MRMK,2f4f93,e8c535,home,59,TRUE,7,7,24,38,25,66,NA,20,83,5,6,4,16,6,0,0,21,4,19,40,0,18,18,2368,s:40~l:54~t:2368,Marist,Red Foxes,e53730,f0f0f0,57,4,38,18,5,14
401812497,2026,1/8/2026,2681,s:40~l:54~t:2681,Wagner,Seahawks,WAG,00483A,ffffff,away,67,FALSE,11,1,23,40,25,62,NA,22,46,17,37,0,17,11,0,1,0,0,8,40,1,15,15,2598,s:40~l:54~t:2598,Saint Francis,Red Flash,a20012,000000,75,7,48,15,0,0
401812497,2026,1/8/2026,2598,s:40~l:54~t:2598,Saint Francis,Red Flash,SFPA,a20012,000000,home,75,TRUE,16,3,32,42,22,53,NA,25,81,21,26,15,11,7,3,0,45,10,22,43,0,24,24,2681,s:40~l:54~t:2681,Wagner,Seahawks,00483A,ffffff,67,13,22,16,0,100
401807996,2026,1/8/2026,2617,s:40~l:54~t:2617,Stephen F. Austin,Ladyjacks,SFA,393996,bec0c2,home,75,TRUE,16,8,29,49,30,61,NA,14,69,11,16,14,10,12,0,0,31,4,13,39,0,14,14,2916,s:40~l:54~t:2916,Incarnate Word,Cardinals,000000,080808,63,18,52,18,1,47
401807952,2026,1/8/2026,2443,s:40~l:54~t:2443,New Orleans,Privateers,UNO,005da6,a2a9ae,away,64,TRUE,12,3,28,37,24,65,NA,14,69,11,16,2,16,9,0,0,28,5,18,44,0,17,17,2545,s:40~l:54~t:2545,SE Louisiana,Lady Lions,215732,ffc72c,63,14,32,25,6,3
401807952,2026,1/8/2026,2545,s:40~l:54~t:2545,SE Louisiana,Lady Lions,SELA,215732,ffc72c,home,63,FALSE,18,1,27,38,25,66,NA,16,42,5,12,16,16,7,0,0,32,8,25,43,0,19,19,2443,s:40~l:54~t:2443,New Orleans,Privateers,005da6,a2a9ae,64,6,30,14,6,88
401807786,2026,1/8/2026,56,s:40~l:54~t:56,Stetson,Hatters,STET,0a5640,56854e,away,53,FALSE,10,6,28,32,20,63,NA,25,73,8,11,0,11,9,0,0,16,5,31,39,0,13,13,288,s:40~l:54~t:288,Lipscomb,Bisons,20366C,f6b734,67,11,28,10,0,0
401807786,2026,1/8/2026,288,s:40~l:54~t:288,Lipscomb,Bisons,LIP,20366C,f6b734,home,67,TRUE,11,6,33,38,20,53,NA,11,58,18,31,26,10,6,2,0,45,9,20,43,0,15,15,56,s:40~l:54~t:56,Stetson,Hatters,0a5640,56854e,53,2,20,10,0,97
401807785,2026,1/8/2026,2454,s:40~l:54~t:2454,North Florida,Ospreys,UNF,004B8D,babcbe,away,61,FALSE,9,2,20,34,19,56,NA,22,78,18,23,5,11,9,1,0,23,5,22,31,0,20,20,2698,s:40~l:54~t:2698,West Georgia,Wolves,0033a1,db1a21,76,10,28,20,3,6
401807783,2026,1/8/2026,526,s:40~l:54~t:526,Florida Gulf Coast,Eagles,FGCU,00885a,076c3b,away,58,TRUE,12,1,23,42,21,50,NA,23,50,5,10,11,8,6,2,0,44,11,25,31,0,18,18,2046,s:40~l:54~t:2046,Austin Peay,Governors,8e0b0b,NA,54,4,14,13,5,87
401807783,2026,1/8/2026,2046,s:40~l:54~t:2046,Austin Peay,Governors,APSU,8e0b0b,NA,home,54,FALSE,6,2,21,30,18,60,NA,16,71,15,21,3,23,7,0,0,14,3,22,44,0,18,18,526,s:40~l:54~t:526,Florida Gulf Coast,Eagles,00885a,076c3b,58,9,28,11,5,3
401807782,2026,1/8/2026,2453,s:40~l:54~t:2453,North Alabama,Lions,UNA,000000,NA,home,78,FALSE,17,2,21,58,32,55,NA,16,64,7,11,14,2,9,2,0,44,7,16,23,0,14,14,2198,s:40~l:54~t:2198,Eastern Kentucky,Colonels,660819,f0f0f0,80,6,40,17,9,78
401807552,2026,1/8/2026,57,s:40~l:54~t:57,Florida,Gators,FLA,0021a5,fa4616,home,66,FALSE,13,2,21,36,21,59,NA,25,77,17,22,0,15,10,0,0,30,7,23,36,0,17,17,245,s:40~l:54~t:245,Texas A&M,Aggies,500000,ffffff,74,11,26,10,0,0
401805098,2026,1/8/2026,2627,s:40~l:54~t:2627,Tarleton State,Texans,TAR,000000,NA,away,59,FALSE,12,5,18,42,22,52,NA,14,53,9,17,0,12,11,1,0,35,6,17,30,0,19,19,2000,s:40~l:54~t:2000,Abilene Christian,Wildcats,592d82,b1b3b3,64,12,26,22,0,0
401804981,2026,1/8/2026,2348,s:40~l:54~t:2348,Louisiana Tech,Lady Techsters,LT,003087,cb333b,away,65,TRUE,15,0,25,41,25,61,NA,21,70,7,10,18,15,9,1,0,33,8,24,40,0,14,14,48,s:40~l:54~t:48,Delaware,Blue Hens,00539f,ffd200,50,10,26,15,0,99
401804981,2026,1/8/2026,48,s:40~l:54~t:48,Delaware,Blue Hens,DEL,00539f,ffd200,home,50,FALSE,10,2,21,30,13,43,NA,16,84,16,19,0,6,4,0,0,47,8,17,27,0,19,19,2348,s:40~l:54~t:2348,Louisiana Tech,Lady Techsters,003087,cb333b,65,2,8,3,0,0
401807549,2026,1/8/2026,61,s:40~l:54~t:61,Georgia,Lady Bulldogs,UGA,ba0c2f,2c2a29,home,59,FALSE,10,0,18,31,22,71,NA,13,69,11,16,2,17,6,2,0,14,4,29,35,0,12,12,99,s:40~l:54~t:99,LSU,Tigers,461d76,fdd023,80,17,22,12,3,1
401829519,2026,1/8/2026,50,s:40~l:54~t:50,Florida A&M,Rattlers,FAMU,F89728,00843d,home,59,TRUE,7,1,27,30,15,50,NA,23,86,25,29,8,16,10,2,0,31,4,13,43,0,19,19,2755,s:40~l:54~t:2755,Grambling,Lady Tigers,ee8601,ffd10a,55,6,18,15,12,34
401817722,2026,1/8/2026,2473,s:40~l:54~t:2473,Oakland,Golden Grizzlies,OAK,04091c,bc955c,home,63,FALSE,13,1,18,42,25,60,NA,19,78,7,9,0,6,9,2,0,26,6,23,24,0,12,12,2739,s:40~l:54~t:2739,Green Bay,Phoenix,006633,ffffff,78,5,32,16,0,0
401825257,2026,1/8/2026,130,s:40~l:54~t:130,Michigan,Wolverines,MICH,00274c,ffcb05,away,105,TRUE,20,2,23,46,34,74,NA,15,83,25,30,42,15,12,0,0,44,12,27,38,0,9,9,213,s:40~l:54~t:213,Penn State,Lady Lions,061440,ffffff,65,31,38,30,0,97
401827844,2026,1/8/2026,47,s:40~l:54~t:47,Howard,Bison,HOW,003a63,e51937,home,73,TRUE,15,5,23,51,27,53,NA,22,68,15,22,17,6,7,0,1,31,4,13,29,1,20,20,2169,s:40~l:54~t:2169,Delaware State,Hornets,009cdb,d51c28,63,7,34,24,6,60
401827767,2026,1/8/2026,2379,s:40~l:54~t:2379,Maryland Eastern Shore,Hawks,UMES,5c2301,b5b7ba,away,63,TRUE,9,2,25,32,23,73,NA,17,79,15,19,12,16,8,3,0,14,2,14,41,0,16,16,2450,s:40~l:54~t:2450,Norfolk State,Spartans,0c8968,fdb813,60,6,26,14,3,70
401819659,2026,1/8/2026,259,s:40~l:54~t:259,Virginia Tech,Hokies,VT,6a2c3e,cf4520,away,77,TRUE,18,2,26,45,29,64,NA,13,81,13,16,26,13,9,0,0,67,6,9,39,0,14,14,183,s:40~l:54~t:183,Syracuse,Orange,000e54,ff431b,57,12,32,14,1,94
401819659,2026,1/8/2026,183,s:40~l:54~t:183,Syracuse,Orange,SYR,000e54,ff431b,home,57,FALSE,12,10,24,35,21,60,NA,12,67,12,18,2,15,5,1,0,25,3,12,39,0,15,15,259,s:40~l:54~t:259,Virginia Tech,Hokies,6a2c3e,cf4520,77,13,26,13,1,2
401819656,2026,1/8/2026,25,s:40~l:54~t:25,California,Golden Bears,CAL,041e42,ffc72c,home,74,FALSE,12,1,30,45,27,60,NA,16,86,18,21,10,13,6,1,0,17,2,12,43,0,19,19,150,s:40~l:54~t:150,Duke,Blue Devils,00539b,ffffff,78,2,44,13,6,23
401819655,2026,1/8/2026,87,s:40~l:54~t:87,Notre Dame,Fighting Irish,ND,062340,c99700,home,94,TRUE,14,2,26,65,34,52,NA,17,86,19,22,37,11,10,2,0,70,7,10,37,0,17,17,103,s:40~l:54~t:103,Boston College,Eagles,8c2232,dbcca6,60,11,42,18,0,99
401817724,2026,1/8/2026,2870,s:40~l:54~t:2870,Purdue Fort Wayne,Mastodons,PFW,cfb991,000000,away,64,FALSE,10,4,24,45,23,51,NA,17,79,11,14,4,5,3,0,0,39,7,18,29,0,16,16,2523,s:40~l:54~t:2523,Robert Morris,Colonials,00214D,a21d2b,74,6,28,7,3,5
401817340,2026,1/8/2026,2717,s:40~l:54~t:2717,Western Carolina,Catamounts,WCU,492F91,bf9e70,home,75,FALSE,14,2,26,45,23,51,NA,24,80,24,30,8,11,8,2,0,33,5,15,37,0,23,23,2382,s:40~l:54~t:2382,Mercer,Bears,ff7f29,080808,84,16,30,12,10,43
401817286,2026,1/8/2026,236,s:40~l:54~t:236,Chattanooga,Mocs,UTC,00386b,dca71d,home,61,TRUE,10,0,30,35,23,66,NA,7,100,8,8,21,21,6,0,0,27,7,26,51,0,16,16,2747,s:40~l:54~t:2747,Wofford,Terriers,533B24,f0f0f0,42,4,18,14,2,82
401813752,2026,1/8/2026,2217,s:40~l:54~t:2217,Fairfield,Stags,FAIR,000000,ebebeb,away,84,TRUE,24,1,18,53,31,59,NA,15,25,2,8,23,8,11,0,0,45,20,44,26,0,14,14,2612,s:40~l:54~t:2612,Saint Peter's,Peacocks,004CC2,NA,62,9,18,30,4,98
401813752,2026,1/8/2026,2612,s:40~l:54~t:2612,Saint Peter's,Peacocks,SPU,004CC2,NA,home,62,FALSE,13,1,23,51,23,45,NA,10,71,10,14,1,5,6,2,0,35,6,17,28,0,23,23,2217,s:40~l:54~t:2217,Fairfield,Stags,000000,ebebeb,84,4,34,17,4,1
401812522,2026,1/8/2026,2115,s:40~l:54~t:2115,Central Connecticut,Blue Devils,CCSU,1B49A2,d1d5d8,away,53,FALSE,12,0,19,43,24,56,NA,11,50,2,4,2,5,9,1,0,23,3,13,24,0,16,16,284,s:40~l:54~t:284,Stonehill,Skyhawks,000000,NA,71,5,28,10,5,3
401812451,2026,1/8/2026,112358,s:40~l:54~t:112358,Long Island University,Sharks,LIU,50c9f7,ffbf00,away,86,TRUE,10,3,27,52,32,62,NA,21,58,14,24,14,17,5,0,0,38,8,21,44,0,17,17,2385,s:40~l:54~t:2385,Mercyhurst,Lakers,000000,NA,81,3,34,11,2,96
401812451,2026,1/8/2026,2385,s:40~l:54~t:2385,Mercyhurst,Lakers,MERC,000000,NA,home,81,FALSE,12,0,19,46,27,59,NA,22,63,15,24,3,9,8,0,0,39,12,31,28,0,12,12,112358,s:40~l:54~t:112358,Long Island University,Sharks,50c9f7,ffbf00,86,7,30,14,2,2
401812187,2026,1/8/2026,311,s:40~l:54~t:311,Maine,Black Bears,ME,127dbe,NA,home,58,TRUE,16,6,30,44,22,50,NA,12,77,10,13,21,6,5,1,0,33,4,12,36,0,24,24,2378,s:40~l:54~t:2378,UMBC,Retrievers,000000,ad860a,43,2,32,13,7,61
401812186,2026,1/8/2026,2349,s:40~l:54~t:2349,UMass Lowell,River Hawks,UML,000000,cf1f2f,home,38,FALSE,4,3,22,35,16,46,NA,18,30,3,10,0,13,4,2,0,19,3,16,35,0,23,23,2803,s:40~l:54~t:2803,Bryant,Bulldogs,000000,9f8343,80,1,18,8,0,0
401808820,2026,1/8/2026,2433,s:40~l:54~t:2433,UL Monroe,Warhawks,ULM,840029,fdb913,away,61,TRUE,7,2,32,32,20,62,NA,18,65,17,26,10,18,8,0,0,25,4,16,50,0,13,13,309,s:40~l:54~t:309,Louisiana,Ragin' Cajuns,ce181e,000000,51,2,22,13,1,12
401808820,2026,1/8/2026,309,s:40~l:54~t:309,Louisiana,Ragin' Cajuns,UL,ce181e,000000,home,51,FALSE,5,1,27,32,18,57,NA,25,63,12,19,16,11,6,1,0,38,3,8,38,0,15,15,2433,s:40~l:54~t:2433,UL Monroe,Warhawks,840029,fdb913,61,8,22,15,1,80
401807784,2026,1/8/2026,294,s:40~l:54~t:294,Jacksonville,Dolphins,JAX,00523e,NA,away,91,TRUE,16,2,32,53,36,68,NA,13,74,14,19,52,7,13,0,0,36,5,14,39,0,11,11,2511,s:40~l:54~t:2511,Queens University,Royals,192C66,857040,40,37,54,20,2,97
401806540,2026,1/8/2026,2710,s:40~l:54~t:2710,Western Illinois,Leathernecks,WIU,4e1e8a,ffc90a,home,76,TRUE,16,4,20,40,25,63,NA,15,77,20,26,21,14,10,2,0,38,6,16,34,0,12,12,2634,s:40~l:54~t:2634,Tennessee State,Lady Tigers,171796,f0f0f0,59,10,34,26,1,60
401806539,2026,1/8/2026,88,s:40~l:54~t:88,Southern Indiana,Screaming Eagles,USI,000000,NA,home,77,TRUE,11,2,24,36,21,59,NA,16,80,28,35,37,21,17,0,0,37,7,19,45,0,21,21,2546,s:40~l:54~t:2546,Southeast Missouri State,Redhawks,c8102e,000000,46,20,28,39,0,99
401804983,2026,1/8/2026,2534,s:40~l:54~t:2534,Sam Houston,Bearkats,SHSU,f56423,ffffff,away,59,TRUE,8,0,24,38,21,56,NA,16,71,15,21,8,16,13,2,0,15,2,13,40,0,18,18,2335,s:40~l:54~t:2335,Liberty,Flames,0a254e,b72025,53,8,28,16,3,81
401804983,2026,1/8/2026,2335,s:40~l:54~t:2335,Liberty,Flames,LIB,0a254e,b72025,home,53,FALSE,13,2,21,33,19,57,NA,18,59,10,17,2,17,7,1,0,31,5,16,38,0,20,20,2534,s:40~l:54~t:2534,Sam Houston,Bearkats,f56423,ffffff,59,0,28,13,3,7
401807877,2026,1/8/2026,357,s:40~l:54~t:357,Texas A&M-Corpus Christi,Islanders,AMCC,0067c5,007f3e,away,60,FALSE,14,1,24,44,21,48,NA,14,52,12,23,5,8,6,0,0,46,6,13,32,0,11,11,2837,s:40~l:54~t:2837,East Texas A&M,Lions,000000,NA,65,3,22,16,1,10
401819657,2026,1/8/2026,97,s:40~l:54~t:97,Louisville,Cardinals,LOU,c9001f,ffffff,away,77,TRUE,22,3,26,46,30,65,NA,19,75,9,12,16,9,6,0,0,30,8,27,35,0,15,15,2390,s:40~l:54~t:2390,Miami,Hurricanes,f47423,035131,68,8,40,16,12,75
401819657,2026,1/8/2026,2390,s:40~l:54~t:2390,Miami,Hurricanes,MIA,f47423,035131,home,68,FALSE,10,0,27,41,26,63,NA,10,73,11,15,6,13,4,0,0,31,5,16,40,0,18,18,97,s:40~l:54~t:97,Louisville,Cardinals,c9001f,ffffff,77,4,38,16,12,19
401825632,2026,1/8/2026,2752,s:40~l:54~t:2752,Xavier,Musketeers,XAV,21304e,a5a7a8,away,50,FALSE,12,5,27,43,18,42,NA,10,63,10,16,4,6,7,2,0,31,4,13,33,0,21,21,222,s:40~l:54~t:222,Villanova,Wildcats,00205b,13b5ea,67,6,24,16,2,10
401825767,2026,1/8/2026,2520,s:40~l:54~t:2520,Rider,Broncs,RID,a80532,ebebeb,away,61,TRUE,17,2,34,35,23,66,NA,12,53,10,19,6,18,5,1,0,23,5,22,52,0,18,18,2561,s:40~l:54~t:2561,Siena,Saints,037961,eea60f,59,8,34,12,11,61
401825767,2026,1/8/2026,2561,s:40~l:54~t:2561,Siena,Saints,SIE,037961,eea60f,home,59,FALSE,10,3,30,31,21,68,NA,18,67,10,15,7,16,7,0,0,25,7,28,46,0,14,14,2520,s:40~l:54~t:2520,Rider,Broncs,a80532,ebebeb,61,8,26,17,11,27
401813858,2026,1/8/2026,314,s:40~l:54~t:314,Iona,Gaels,IONA,6f2c3e,f0ab00,away,77,TRUE,11,2,31,45,30,67,NA,24,86,12,14,30,17,7,0,0,22,5,23,48,0,19,19,315,s:40~l:54~t:315,Niagara,Purple Eagles,69207E,f0f0f0,49,18,44,24,5,82
401813858,2026,1/8/2026,315,s:40~l:54~t:315,Niagara,Purple Eagles,NIA,69207E,f0f0f0,home,49,FALSE,6,5,22,24,13,54,NA,23,73,19,26,5,13,9,3,0,24,4,17,35,0,22,22,314,s:40~l:54~t:314,Iona,Gaels,6f2c3e,f0ab00,77,11,18,12,5,10
401813834,2026,1/8/2026,2363,s:40~l:54~t:2363,Manhattan,Jaspers,MAN,4f8537,b5b7ba,away,69,TRUE,15,2,20,48,29,61,NA,15,100,9,9,29,12,19,2,0,25,2,8,32,0,16,16,2099,s:40~l:54~t:2099,Canisius,Golden Griffins,004a81,dda50f,43,19,44,34,0,99
401813834,2026,1/8/2026,2099,s:40~l:54~t:2099,Canisius,Golden Griffins,CAN,004a81,dda50f,home,43,FALSE,7,3,19,34,16,47,NA,8,77,10,13,0,13,4,1,0,13,1,8,32,0,29,29,2363,s:40~l:54~t:2363,Manhattan,Jaspers,4f8537,b5b7ba,69,0,28,8,0,0
401829763,2026,1/7/2026,2439,s:40~l:54~t:2439,UNLV,Lady Rebels,UNLV,cf0a2c,cac8c8,home,69,TRUE,10,3,29,42,26,62,NA,9,73,11,15,16,18,6,3,0,27,6,22,47,0,17,17,328,s:40~l:54~t:328,Utah State,Aggies,0f2439,ffffff,58,11,32,13,3,90
401829582,2026,1/7/2026,2440,s:40~l:54~t:2440,Nevada,Wolf Pack,NEV,041e42,8a8d8f,home,70,TRUE,17,4,29,49,30,61,NA,11,56,5,9,13,11,6,0,0,36,5,14,40,0,14,14,2751,s:40~l:54~t:2751,Wyoming,Cowgirls,492f24,ffc425,60,4,34,11,4,90
401829605,2026,1/7/2026,2253,s:40~l:54~t:2253,Grand Canyon,Lopes,GCU,522398,ffffff,away,69,FALSE,16,2,25,35,22,62,NA,12,85,17,20,3,10,6,2,0,35,8,23,35,0,14,14,21,s:40~l:54~t:21,San Diego State,Aztecs,a6192e,000000,87,8,26,15,1,2
401829605,2026,1/7/2026,21,s:40~l:54~t:21,San Diego State,Aztecs,SDSU,a6192e,000000,home,87,TRUE,18,4,30,51,31,61,NA,17,100,13,13,31,5,6,0,0,44,12,27,35,0,14,14,2253,s:40~l:54~t:2253,Grand Canyon,Lopes,522398,ffffff,69,10,34,25,1,96
401831317,2026,1/7/2026,167,s:40~l:54~t:167,New Mexico,Lobos,UNM,ba0c2f,a7a8aa,away,66,TRUE,9,3,29,38,23,61,NA,12,64,9,14,10,13,6,1,0,42,11,26,42,0,12,12,36,s:40~l:54~t:36,Colorado State,Rams,004c23,c8c372,59,5,18,18,5,54
401827575,2026,1/7/2026,68,s:40~l:54~t:68,Boise State,Broncos,BOIS,0033a0,d64309,away,70,TRUE,18,5,26,52,26,50,NA,15,62,8,13,18,8,10,1,0,50,10,20,34,0,26,26,2005,s:40~l:54~t:2005,Air Force,Falcons,003594,ffffff,59,9,30,20,4,91
401827314,2026,1/7/2026,2116,s:40~l:54~t:2116,UCF,Knights,UCF,000000,b4a169,away,45,FALSE,11,1,21,31,16,52,NA,20,64,9,14,0,7,5,2,0,25,4,16,28,0,18,18,9,s:40~l:54~t:9,Arizona State,Sun Devils,ffc627,8c1d40,68,4,18,14,0,0
401827314,2026,1/7/2026,9,s:40~l:54~t:9,Arizona State,Sun Devils,ASU,ffc627,8c1d40,home,68,TRUE,16,2,31,53,25,47,NA,15,65,15,23,24,6,8,1,0,27,3,11,37,0,19,19,2116,s:40~l:54~t:2116,UCF,Knights,000000,b4a169,45,24,40,12,0,92
401829064,2026,1/7/2026,2670,s:40~l:54~t:2670,VCU,Rams,VCU,ffaf00,000000,away,50,TRUE,13,2,35,35,23,65,NA,16,25,1,4,19,14,12,2,0,18,3,17,49,0,16,16,139,s:40~l:54~t:139,Saint Louis,Billikens,00539C,ebebeb,39,9,38,18,3,95
401829064,2026,1/7/2026,139,s:40~l:54~t:139,Saint Louis,Billikens,SLU,00539C,ebebeb,home,39,FALSE,7,2,30,21,13,62,NA,15,100,10,10,2,14,4,0,0,12,3,25,44,0,19,19,2670,s:40~l:54~t:2670,VCU,Rams,ffaf00,000000,50,7,20,8,3,4
401828049,2026,1/7/2026,2429,s:40~l:54~t:2429,Charlotte,49ers,CLT,005035,a49665,away,59,FALSE,8,5,20,34,22,64,NA,20,60,9,15,6,17,7,0,0,40,6,15,37,0,14,14,242,s:40~l:54~t:242,Rice,Owls,00205b,c1c6c8,84,4,20,11,5,26
401825629,2026,1/7/2026,2599,s:40~l:54~t:2599,St. John's,Red Storm,SJU,d10000,101010,away,43,FALSE,8,3,19,36,14,39,NA,8,67,8,12,0,9,2,3,0,30,7,23,28,0,33,33,41,s:40~l:54~t:41,UConn,Huskies,0c2340,a2aaad,88,2,10,6,0,0
401825629,2026,1/7/2026,41,s:40~l:54~t:41,UConn,Huskies,CONN,0c2340,a2aaad,home,88,TRUE,25,6,15,59,36,61,NA,16,90,9,10,46,4,23,0,0,39,7,18,19,0,8,8,2599,s:40~l:54~t:2599,St. John's,Red Storm,d10000,101010,43,25,54,46,0,98
401827318,2026,1/7/2026,197,s:40~l:54~t:197,Oklahoma State,Cowgirls,OKST,fe5c00,000000,away,61,FALSE,8,2,22,40,24,60,NA,13,69,9,13,1,10,6,1,0,18,4,22,32,0,12,12,2628,s:40~l:54~t:2628,TCU,Horned Frogs,4d1979,ffffff,69,5,28,11,2,1
401827318,2026,1/7/2026,2628,s:40~l:54~t:2628,TCU,Horned Frogs,TCU,4d1979,ffffff,home,69,TRUE,20,4,29,52,26,50,NA,15,67,8,12,10,4,7,0,0,50,9,18,33,0,16,16,197,s:40~l:54~t:197,Oklahoma State,Cowgirls,fe5c00,000000,61,14,30,15,2,94
401827317,2026,1/7/2026,254,s:40~l:54~t:254,Utah,Utes,UTAH,be0000,ffffff,away,62,TRUE,17,4,31,41,24,58,NA,17,50,5,10,12,11,6,0,0,32,9,28,42,0,17,17,2305,s:40~l:54~t:2305,Kansas,Jayhawks,0051ba,e8000d,59,7,26,6,4,43
401827317,2026,1/7/2026,2305,s:40~l:54~t:2305,Kansas,Jayhawks,KU,0051ba,e8000d,home,59,FALSE,13,4,26,41,23,56,NA,17,71,10,14,10,4,12,0,0,19,3,16,30,0,9,9,254,s:40~l:54~t:254,Utah,Utes,be0000,ffffff,62,6,36,14,4,48
401827319,2026,1/7/2026,2641,s:40~l:54~t:2641,Texas Tech,Lady Raiders,TTU,da291c,000000,away,71,TRUE,12,4,21,44,24,54,NA,18,83,15,18,6,16,6,2,0,47,8,17,37,0,20,20,277,s:40~l:54~t:277,West Virginia,Mountaineers,eaaa00,002855,66,6,22,20,15,38
401827319,2026,1/7/2026,277,s:40~l:54~t:277,West Virginia,Mountaineers,WVU,eaaa00,002855,home,66,FALSE,13,3,15,39,24,62,NA,18,60,12,20,6,18,4,0,0,29,6,21,33,0,15,15,2641,s:40~l:54~t:2641,Texas Tech,Lady Raiders,da291c,000000,71,11,30,19,15,53
401825254,2026,1/7/2026,194,s:40~l:54~t:194,Ohio State,Buckeyes,OSU,ba0c2f,a8adb4,away,78,TRUE,17,3,27,48,29,60,NA,14,80,16,20,13,6,6,0,0,27,4,15,33,0,13,13,356,s:40~l:54~t:356,Illinois,Fighting Illini,ff5f05,13294b,69,16,40,15,16,56
401825254,2026,1/7/2026,356,s:40~l:54~t:356,Illinois,Fighting Illini,ILL,ff5f05,13294b,home,69,FALSE,13,2,26,42,28,66,NA,22,92,11,12,5,12,3,0,0,15,2,13,38,0,17,17,194,s:40~l:54~t:194,Ohio State,Buckeyes,ba0c2f,a8adb4,78,11,50,12,16,26
401829060,2026,1/7/2026,2350,s:40~l:54~t:2350,Loyola Chicago,Ramblers,LUC,9d1244,NA,away,71,TRUE,10,2,15,44,26,59,NA,20,72,13,18,22,8,18,2,0,32,6,19,23,0,17,17,2168,s:40~l:54~t:2168,Dayton,Flyers,004B8D,ffffff,68,22,38,27,4,95
401829060,2026,1/7/2026,2168,s:40~l:54~t:2168,Dayton,Flyers,DAY,004B8D,ffffff,home,68,FALSE,9,4,25,46,22,48,NA,18,77,20,26,2,12,9,1,0,33,4,12,37,0,30,30,2350,s:40~l:54~t:2350,Loyola Chicago,Ramblers,9d1244,NA,71,5,36,14,4,2
401829059,2026,1/7/2026,2325,s:40~l:54~t:2325,La Salle,Explorers,LAS,003356,ffce00,away,47,FALSE,7,1,22,35,18,51,NA,15,67,8,12,1,8,10,2,0,23,3,13,30,0,20,20,2244,s:40~l:54~t:2244,George Mason,Patriots,016600,ecb010,62,10,14,11,2,3
401829059,2026,1/7/2026,2244,s:40~l:54~t:2244,George Mason,Patriots,GMU,016600,ecb010,home,62,TRUE,15,2,26,43,23,53,NA,13,55,6,11,16,9,8,2,0,56,10,18,35,0,20,20,2325,s:40~l:54~t:2325,La Salle,Explorers,003356,ffce00,47,2,18,16,2,96
401825628,2026,1/7/2026,46,s:40~l:54~t:46,Georgetown,Hoyas,GTWN,110E42,001c58,away,63,TRUE,12,3,19,38,21,56,NA,20,80,16,20,22,16,10,0,0,28,5,18,35,0,13,13,2086,s:40~l:54~t:2086,Butler,Bulldogs,0d1361,00a3e0,46,3,30,17,4,96
401823093,2026,1/7/2026,349,s:40~l:54~t:349,Army,Black Knights,ARMY,000000,d3bc8d,away,71,TRUE,17,1,23,39,22,56,NA,23,79,19,24,19,11,7,1,0,31,8,26,34,0,14,14,2352,s:40~l:54~t:2352,Loyola Maryland,Greyhounds,76a7a0,c9cbca,66,10,24,13,0,99
401823093,2026,1/7/2026,2352,s:40~l:54~t:2352,Loyola Maryland,Greyhounds,L-MD,76a7a0,c9cbca,home,66,FALSE,13,2,23,38,21,55,NA,22,74,20,27,0,14,5,1,0,31,4,13,37,0,15,15,349,s:40~l:54~t:349,Army,Black Knights,000000,d3bc8d,71,0,34,16,0,0
401820527,2026,1/7/2026,2241,s:40~l:54~t:2241,Gardner-Webb,Runnin' Bulldogs,GWEB,c12535,909090,home,51,FALSE,10,2,13,31,17,55,NA,12,83,10,12,6,10,11,1,1,25,7,28,23,1,18,18,2427,s:40~l:54~t:2427,UNC Asheville,Bulldogs,003da5,ffffff,62,6,18,20,1,7
401817721,2026,1/7/2026,325,s:40~l:54~t:325,Cleveland State,Vikings,CLE,006633,231f20,home,87,TRUE,21,3,30,50,27,54,NA,17,77,23,30,20,15,6,0,0,37,10,27,45,0,18,18,2750,s:40~l:54~t:2750,Wright State,Raiders,cba052,cba052,75,17,34,13,0,99
401814618,2026,1/7/2026,113,s:40~l:54~t:113,Massachusetts,Minutewomen,MASS,881c1c,ffffff,away,60,FALSE,12,4,21,37,23,62,NA,14,64,9,14,6,18,6,0,0,23,5,22,39,0,17,17,193,s:40~l:54~t:193,Miami (OH),RedHawks,c41230,ffffff,72,13,28,20,7,19
401814617,2026,1/7/2026,195,s:40~l:54~t:195,Ohio,Bobcats,OHIO,154734,ffffff,home,96,TRUE,19,8,24,54,33,61,NA,13,63,17,27,21,10,13,0,0,45,13,29,34,0,15,15,2199,s:40~l:54~t:2199,Eastern Michigan,Eagles,006938,ffffff,87,16,40,28,13,61
401814614,2026,1/7/2026,2006,s:40~l:54~t:2006,Akron,Zips,AKR,041e42,c5b783,away,48,FALSE,8,4,29,25,15,61,NA,25,76,13,17,4,13,2,0,0,21,5,24,42,0,13,13,2711,s:40~l:54~t:2711,Western Michigan,Broncos,532e1f,f1c500,55,3,18,15,4,6
401808857,2026,1/7/2026,2653,s:40~l:54~t:2653,Troy,Trojans,TROY,862633,b1b1b1,home,84,TRUE,12,7,38,40,30,75,NA,12,75,21,28,38,26,14,0,0,20,3,15,64,0,18,18,326,s:40~l:54~t:326,Texas State,Bobcats,501214,6a5638,49,16,50,14,0,99
401827315,2026,1/7/2026,66,s:40~l:54~t:66,Iowa State,Cyclones,ISU,ae192d,ffc72a,away,63,FALSE,12,1,19,36,24,67,NA,16,55,11,20,3,11,9,0,0,19,4,21,30,0,12,12,2132,s:40~l:54~t:2132,Cincinnati,Bearcats,000000,e00122,71,8,36,19,11,11
401827315,2026,1/7/2026,2132,s:40~l:54~t:2132,Cincinnati,Bearcats,CIN,000000,e00122,home,71,TRUE,6,2,36,49,25,51,NA,20,71,17,24,11,8,8,0,0,44,4,9,44,0,25,25,66,s:40~l:54~t:66,Iowa State,Cyclones,ae192d,ffc72a,63,0,30,8,11,86
401813233,2026,1/7/2026,2649,s:40~l:54~t:2649,Toledo,Rockets,TOL,0b2240,ffcd00,away,68,FALSE,13,0,20,36,25,69,NA,15,86,12,14,6,16,8,0,0,21,6,29,36,0,14,14,2050,s:40~l:54~t:2050,Ball State,Cardinals,ba0c2f,ffffff,72,2,38,19,5,19
401808736,2026,1/7/2026,324,s:40~l:54~t:324,Coastal Carolina,Chanticleers,CCU,006f71,a27752,away,69,TRUE,13,5,28,46,23,50,NA,15,74,17,23,25,13,10,0,0,40,6,15,41,0,18,18,2026,s:40~l:54~t:2026,App State,Mountaineers,000000,ffcd00,53,10,30,16,1,95
401829063,2026,1/7/2026,2603,s:40~l:54~t:2603,Saint Joseph's,Hawks,JOES,9e1b32,6c6f70,away,36,FALSE,6,1,27,31,14,45,NA,17,54,7,13,4,6,10,1,0,9,1,11,33,0,23,23,2166,s:40~l:54~t:2166,Davidson,Wildcats,000000,e51837,48,0,24,5,1,8
401829062,2026,1/7/2026,179,s:40~l:54~t:179,St. Bonaventure,Bonnies,SBU,70261D,NA,away,46,TRUE,8,3,29,28,15,53,NA,14,75,12,16,8,10,10,0,0,21,4,19,39,0,18,18,2184,s:40~l:54~t:2184,Duquesne,Dukes,002D62,b90b2e,38,3,14,15,1,21
401829058,2026,1/7/2026,257,s:40~l:54~t:257,Richmond,Spiders,RICH,9e0712,b90b2e,home,84,TRUE,20,5,26,51,28,55,NA,17,82,18,22,25,10,6,1,0,37,10,27,36,0,17,17,2230,s:40~l:54~t:2230,Fordham,Rams,830032,909090,65,8,36,25,2,87
401823973,2026,1/7/2026,2127,s:40~l:54~t:2127,Charleston Southern,Buccaneers,CHSO,2e3192,ded090,home,63,FALSE,14,0,22,43,24,56,NA,18,67,6,9,2,6,8,1,0,31,9,29,28,0,23,23,2344,s:40~l:54~t:2344,Longwood,Lancers,003273,9ea2a3,83,3,28,11,3,2
401823972,2026,1/7/2026,2506,s:40~l:54~t:2506,Presbyterian,Blue Hose,PRES,194896,990134,home,43,FALSE,5,3,22,30,15,50,NA,29,77,10,13,2,11,8,0,0,30,3,10,33,0,20,20,2272,s:40~l:54~t:2272,High Point,Panthers,330072,ffffff,76,2,16,8,2,0
401823115,2026,1/7/2026,2329,s:40~l:54~t:2329,Lehigh,Mountain Hawks,LEH,6c2b2a,b69e70,away,60,TRUE,15,0,22,47,22,47,NA,13,64,9,14,9,6,6,1,0,39,7,18,28,0,16,16,107,s:40~l:54~t:107,Holy Cross,Crusaders,582c83,ffffff,57,3,28,19,0,99
401823115,2026,1/7/2026,107,s:40~l:54~t:107,Holy Cross,Crusaders,HC,582c83,ffffff,home,57,FALSE,12,4,21,42,22,52,NA,16,50,7,14,0,9,7,1,0,40,6,15,30,0,14,14,2329,s:40~l:54~t:2329,Lehigh,Mountain Hawks,6c2b2a,b69e70,60,7,28,17,0,0
401823068,2026,1/7/2026,2426,s:40~l:54~t:2426,Navy,Midshipmen,NAVY,00225b,b5a67c,away,77,TRUE,12,2,33,45,30,66,NA,19,53,9,17,35,15,10,1,0,33,8,24,48,0,13,13,2083,s:40~l:54~t:2083,Bucknell,Bison,000060,00316e,51,10,30,20,7,84
401808838,2026,1/7/2026,295,s:40~l:54~t:295,Old Dominion,Monarchs,ODU,003768,a1d2f1,away,70,FALSE,15,5,24,48,29,60,NA,23,71,5,7,11,18,6,0,1,54,7,13,42,1,25,25,276,s:40~l:54~t:276,Marshall,Thundering Herd,00b140,000000,77,13,32,16,6,75
401808838,2026,1/7/2026,276,s:40~l:54~t:276,Marshall,Thundering Herd,MRSH,00b140,000000,home,77,TRUE,13,5,15,43,24,56,NA,13,79,23,29,7,10,20,0,0,29,6,21,25,0,12,12,295,s:40~l:54~t:295,Old Dominion,Monarchs,003768,a1d2f1,70,15,36,41,6,21
401808783,2026,1/7/2026,256,s:40~l:54~t:256,James Madison,Dukes,JMU,450084,cbb677,away,70,FALSE,7,2,25,43,25,58,NA,19,61,17,28,2,12,6,0,0,25,3,12,37,0,13,13,290,s:40~l:54~t:290,Georgia Southern,Eagles,041e42,a3aaae,78,14,36,11,1,4
401827892,2026,1/7/2026,322,s:40~l:54~t:322,Lafayette,Leopards,LAF,790000,a59474,away,65,TRUE,9,2,18,45,26,58,NA,10,75,3,4,7,7,7,2,0,42,10,24,25,0,4,4,104,s:40~l:54~t:104,Boston University,Terriers,cc0000,ffffff,64,8,18,15,4,47
401827892,2026,1/7/2026,104,s:40~l:54~t:104,Boston University,Terriers,BU,cc0000,ffffff,home,64,FALSE,20,4,26,46,25,54,NA,11,63,5,8,11,13,1,0,0,50,9,18,39,0,11,11,322,s:40~l:54~t:322,Lafayette,Leopards,790000,a59474,65,0,32,4,4,45
401829061,2026,1/7/2026,45,s:40~l:54~t:45,George Washington,Revolutionaries,GW,002843,e8d2a1,home,70,FALSE,12,3,19,49,29,59,NA,18,75,6,8,11,6,4,1,0,33,6,18,25,0,9,9,227,s:40~l:54~t:227,Rhode Island,Rams,091f3f,5ab3e8,79,4,36,3,8,64
401814616,2026,1/7/2026,2309,s:40~l:54~t:2309,Kent State,Golden Flashes,KENT,002664,eaab00,away,57,FALSE,9,5,21,40,22,55,NA,19,75,9,12,0,6,15,0,0,25,4,16,27,0,17,17,2117,s:40~l:54~t:2117,Central Michigan,Chippewas,4c0027,fbab18,66,9,32,16,0,0
401814616,2026,1/7/2026,2117,s:40~l:54~t:2117,Central Michigan,Chippewas,CMU,4c0027,fbab18,home,66,TRUE,15,3,30,43,26,60,NA,13,57,12,21,15,17,4,0,0,20,2,10,47,0,20,20,2309,s:40~l:54~t:2309,Kent State,Golden Flashes,002664,eaab00,57,7,40,15,0,99
401825253,2026,1/6/2026,2483,s:40~l:54~t:2483,Oregon,Ducks,ORE,00934b,fff41b,away,71,TRUE,20,6,31,42,27,65,NA,16,67,8,12,5,12,7,1,0,39,9,23,43,0,12,12,30,s:40~l:54~t:30,USC,Trojans,9d2235,ffc72c,66,12,28,13,4,16
401827313,2026,1/6/2026,252,s:40~l:54~t:252,BYU,Cougars,BYU,0047ba,002e5d,away,72,FALSE,16,3,27,44,24,55,NA,26,60,15,25,7,14,9,0,0,36,9,25,41,0,27,27,12,s:40~l:54~t:12,Arizona,Wildcats,cc0033,003366,75,9,28,18,17,52
401827313,2026,1/6/2026,12,s:40~l:54~t:12,Arizona,Wildcats,ARIZ,cc0033,003366,home,75,TRUE,18,3,22,40,21,53,NA,18,91,30,33,5,6,12,2,0,21,3,14,28,0,18,18,252,s:40~l:54~t:252,BYU,Cougars,0047ba,002e5d,72,17,36,22,17,34
401828048,2026,1/6/2026,202,s:40~l:54~t:202,Tulsa,Golden Hurricane,TLSA,003595,d0b787,away,76,TRUE,16,2,28,42,26,62,NA,18,74,17,23,5,9,8,0,0,35,7,20,37,0,16,16,2655,s:40~l:54~t:2655,Tulane,Green Wave,006747,418fde,73,21,34,12,6,17
401828048,2026,1/6/2026,2655,s:40~l:54~t:2655,Tulane,Green Wave,TULN,006747,418fde,home,73,FALSE,20,5,30,46,31,67,NA,16,47,8,17,17,12,8,1,0,16,3,19,42,0,19,19,202,s:40~l:54~t:202,Tulsa,Golden Hurricane,003595,d0b787,76,20,48,15,6,77
401828046,2026,1/6/2026,151,s:40~l:54~t:151,East Carolina,Pirates,ECU,582c83,ffc72c,away,63,FALSE,10,6,20,36,23,64,NA,22,61,11,18,5,13,11,1,0,40,6,15,33,0,18,18,249,s:40~l:54~t:249,North Texas,Mean Green,068f33,ffffff,87,10,28,14,3,16
401828046,2026,1/6/2026,249,s:40~l:54~t:249,North Texas,Mean Green,UNT,068f33,ffffff,home,87,TRUE,11,4,31,47,30,64,NA,22,78,21,27,28,17,9,0,0,46,6,13,48,0,19,19,151,s:40~l:54~t:151,East Carolina,Pirates,582c83,ffc72c,63,19,46,25,3,78
401828047,2026,1/6/2026,2724,s:40~l:54~t:2724,Wichita State,Shockers,WICH,ffcd00,27251f,home,50,FALSE,11,4,27,35,18,51,NA,17,69,11,16,1,11,6,1,0,25,3,12,38,0,25,25,218,s:40~l:54~t:218,Temple,Owls,a41e35,ffffff,70,13,28,16,2,1
401828045,2026,1/6/2026,58,s:40~l:54~t:58,South Florida,Bulls,USF,006747,cfc493,away,70,TRUE,15,1,36,41,26,63,NA,15,61,14,23,14,10,10,1,0,36,4,11,46,0,15,15,5,s:40~l:54~t:5,UAB,Blazers,1a5632,fdb913,65,25,42,11,3,75
401828045,2026,1/6/2026,5,s:40~l:54~t:5,UAB,Blazers,UAB,1a5632,fdb913,home,65,FALSE,6,1,29,38,25,65,NA,18,79,11,14,6,6,5,1,0,18,4,22,35,0,14,14,58,s:40~l:54~t:58,South Florida,Bulls,006747,cfc493,70,4,34,17,3,21
401825251,2026,1/5/2026,2294,s:40~l:54~t:2294,Iowa,Hawkeyes,IOWA,231f20,fcd116,away,67,TRUE,16,3,29,44,22,50,NA,14,69,20,29,10,10,9,1,0,30,3,10,39,0,20,20,77,s:40~l:54~t:77,Northwestern,Wildcats,492f92,ffffff,58,9,30,14,8,67
401817719,2026,1/5/2026,2870,s:40~l:54~t:2870,Purdue Fort Wayne,Mastodons,PFW,cfb991,000000,home,71,TRUE,14,4,34,48,28,58,NA,26,67,8,12,27,11,9,0,0,35,7,20,45,0,19,19,85,s:40~l:54~t:85,IU Indianapolis,Jaguars,A81F30,d59f0f,46,9,42,16,0,99
401825252,2026,1/5/2026,135,s:40~l:54~t:135,Minnesota,Golden Gophers,MINN,5e0a2f,fab41c,away,60,FALSE,8,1,25,39,22,57,NA,18,100,10,10,12,10,4,1,0,29,6,21,35,0,17,17,130,s:40~l:54~t:130,Michigan,Wolverines,00274c,ffcb05,70,0,26,12,6,43
401825252,2026,1/5/2026,130,s:40~l:54~t:130,Michigan,Wolverines,MICH,00274c,ffcb05,home,70,TRUE,12,2,24,43,24,56,NA,11,69,18,26,10,9,9,0,0,21,4,19,33,0,14,14,135,s:40~l:54~t:135,Minnesota,Golden Gophers,5e0a2f,fab41c,60,7,30,19,6,54
401817720,2026,1/5/2026,2473,s:40~l:54~t:2473,Oakland,Golden Grizzlies,OAK,04091c,bc955c,away,58,FALSE,9,6,26,34,23,67,NA,12,50,11,22,2,11,10,0,0,6,1,18,37,0,9,9,2754,s:40~l:54~t:2754,Youngstown State,Penguins,E51937,690717,81,17,42,18,6,2
401817720,2026,1/5/2026,2754,s:40~l:54~t:2754,Youngstown State,Penguins,YSU,E51937,690717,home,81,TRUE,19,7,40,49,33,68,NA,14,67,6,9,23,11,5,0,0,41,9,22,51,0,17,17,2473,s:40~l:54~t:2473,Oakland,Golden Grizzlies,04091c,bc955c,58,18,42,12,6,92
401831092,2026,1/4/2026,71,s:40~l:54~t:71,Bradley,Braves,BRAD,b70002,c0c0c0,away,82,FALSE,13,6,35,43,36,83,NA,19,44,4,9,6,16,12,1,0,29,6,21,51,0,23,23,93,s:40~l:54~t:93,Murray State,Racers,002148,000e00,93,15,46,17,16,35
401831092,2026,1/4/2026,93,s:40~l:54~t:93,Murray State,Racers,MUR,002148,000e00,home,93,TRUE,18,5,33,43,32,75,NA,12,87,20,23,11,10,10,0,0,29,9,31,43,0,18,18,71,s:40~l:54~t:71,Bradley,Braves,b70002,c0c0c0,82,19,40,28,16,48
401825247,2026,1/4/2026,84,s:40~l:54~t:84,Indiana,Hoosiers,IU,970310,ffffff,away,67,FALSE,12,0,19,47,23,49,NA,19,80,12,15,1,7,1,2,0,43,9,21,26,0,21,21,120,s:40~l:54~t:120,Maryland,Terrapins,ce1126,ffffff,82,4,28,13,2,1
401825247,2026,1/4/2026,120,s:40~l:54~t:120,Maryland,Terrapins,MD,ce1126,ffffff,home,82,TRUE,19,1,19,48,30,63,NA,17,84,16,19,21,13,7,1,0,30,6,20,32,0,11,11,84,s:40~l:54~t:84,Indiana,Hoosiers,970310,ffffff,67,14,38,25,2,98
401828813,2026,1/4/2026,301,s:40~l:54~t:301,San Diego,Toreros,USD,2f99d4,2f99d4,home,49,FALSE,10,5,20,34,19,56,NA,14,80,8,10,0,11,13,0,0,13,3,24,31,0,17,17,2608,s:40~l:54~t:2608,Saint Mary's,Gaels,d80024,003057,57,11,26,11,0,0
401828812,2026,1/4/2026,2501,s:40~l:54~t:2501,Portland,Pilots,PORT,330072,a8b3ba,home,74,TRUE,20,7,31,39,25,64,NA,20,70,19,27,24,14,11,0,0,36,5,14,45,0,13,13,279,s:40~l:54~t:279,Pacific,Tigers,F47820,c2c3c0,53,10,38,24,10,87
401828811,2026,1/4/2026,2539,s:40~l:54~t:2539,San Francisco,Dons,SF,005a36,ffffff,away,85,TRUE,19,6,24,53,31,59,NA,21,86,18,21,6,8,5,1,0,36,5,14,32,0,14,14,2351,s:40~l:54~t:2351,Loyola Marymount,Lions,880029,00345b,82,11,46,14,11,23
401819654,2026,1/4/2026,259,s:40~l:54~t:259,Virginia Tech,Hokies,VT,6a2c3e,cf4520,away,60,FALSE,10,3,20,41,24,59,NA,15,71,12,17,2,14,9,1,0,0,0,16,34,0,18,18,97,s:40~l:54~t:97,Louisville,Cardinals,c9001f,ffffff,85,8,30,18,1,1
401819654,2026,1/4/2026,97,s:40~l:54~t:97,Louisville,Cardinals,LOU,c9001f,ffffff,home,85,TRUE,23,3,22,47,34,72,NA,17,86,6,7,31,19,11,0,0,58,11,19,41,0,15,15,259,s:40~l:54~t:259,Virginia Tech,Hokies,6a2c3e,cf4520,60,9,40,17,1,91
401807538,2026,1/4/2026,2633,s:40~l:54~t:2633,Tennessee,Lady Volunteers,TENN,ff8200,ffffff,away,73,TRUE,8,5,24,51,26,51,NA,18,75,12,16,24,10,8,1,0,43,9,21,34,0,25,25,2,s:40~l:54~t:2,Auburn,Tigers,002b5c,f26522,56,16,28,15,1,99
401828814,2026,1/4/2026,2547,s:40~l:54~t:2547,Seattle U,Redhawks,SEA,BF2E1A,c2c3c0,home,69,FALSE,8,2,25,34,23,67,NA,20,94,15,16,4,12,3,0,0,25,8,32,37,0,11,11,265,s:40~l:54~t:265,Washington State,Cougars,a60f2d,4d4d4d,73,6,22,6,13,23
401825626,2026,1/4/2026,269,s:40~l:54~t:269,Marquette,Golden Eagles,MARQ,003366,ffcc00,home,85,TRUE,19,3,25,52,31,60,NA,11,71,12,17,20,11,5,2,0,61,11,18,36,0,15,15,222,s:40~l:54~t:222,Villanova,Wildcats,00205b,13b5ea,69,6,32,22,2,93
401825248,2026,1/4/2026,275,s:40~l:54~t:275,Wisconsin,Badgers,WIS,a00000,ffffff,home,74,TRUE,14,1,21,47,29,62,NA,17,87,13,15,10,11,5,0,0,18,3,17,32,0,12,12,213,s:40~l:54~t:213,Penn State,Lady Lions,061440,ffffff,73,7,42,21,5,49
401819649,2026,1/4/2026,59,s:40~l:54~t:59,Georgia Tech,Yellow Jackets,GT,b3a369,ffffff,away,67,TRUE,13,8,28,43,25,58,NA,11,81,13,16,15,12,12,1,0,31,4,13,40,0,20,20,2567,s:40~l:54~t:2567,SMU,Mustangs,a80000,0033a1,59,14,38,29,2,89
401804973,2026,1/4/2026,48,s:40~l:54~t:48,Delaware,Blue Hens,DEL,00539f,ffd200,away,57,FALSE,9,2,27,35,21,60,NA,15,63,10,16,11,14,11,1,0,23,5,22,41,0,24,24,166,s:40~l:54~t:166,New Mexico State,Aggies,7e141b,231f20,64,6,24,18,9,65
401804975,2026,1/4/2026,2393,s:40~l:54~t:2393,Middle Tennessee,Blue Raiders,MTSU,036eb7,ffffff,away,69,TRUE,14,2,30,50,27,54,NA,16,60,3,5,22,4,8,1,0,52,12,23,34,0,14,14,55,s:40~l:54~t:55,Jacksonville State,Gamecocks,cc0000,000000,52,0,22,6,1,52
401807539,2026,1/4/2026,145,s:40~l:54~t:145,Ole Miss,Rebels,MISS,13294b,cf142b,away,64,FALSE,7,5,22,45,23,51,NA,22,80,16,20,4,9,8,3,0,18,2,11,31,0,16,16,251,s:40~l:54~t:251,Texas,Longhorns,af5c37,ffffff,67,6,32,16,2,4
401807539,2026,1/4/2026,251,s:40~l:54~t:251,Texas,Longhorns,TEX,af5c37,ffffff,home,67,TRUE,17,3,18,45,25,55,NA,16,71,15,21,19,11,6,2,0,18,2,11,29,0,14,14,145,s:40~l:54~t:145,Ole Miss,Rebels,13294b,cf142b,64,2,34,20,2,92
401807544,2026,1/4/2026,201,s:40~l:54~t:201,Oklahoma,Sooners,OU,990000,ffffff,home,95,TRUE,25,3,47,49,39,79,NA,14,67,14,21,53,17,12,0,0,18,3,17,64,0,13,13,344,s:40~l:54~t:344,Mississippi State,Bulldogs,5d1725,c1c6c8,47,28,60,23,1,96
401827311,2026,1/4/2026,239,s:40~l:54~t:239,Baylor,Bears,BAY,154734,ffb81c,away,72,TRUE,12,7,32,38,24,64,NA,18,94,17,18,8,14,8,2,0,30,7,23,46,0,14,14,66,s:40~l:54~t:66,Iowa State,Cyclones,ae192d,ffc72a,70,4,22,11,9,47
401827311,2026,1/4/2026,66,s:40~l:54~t:66,Iowa State,Cyclones,ISU,ae192d,ffc72a,home,70,FALSE,20,2,26,38,27,71,NA,16,70,7,10,6,13,2,0,0,29,9,31,39,0,13,13,239,s:40~l:54~t:239,Baylor,Bears,154734,ffb81c,72,2,26,13,9,34
401825249,2026,1/4/2026,2509,s:40~l:54~t:2509,Purdue,Boilermakers,PUR,ceb888,000000,away,62,FALSE,15,2,18,44,23,52,NA,21,67,8,12,3,10,13,0,0,40,8,20,28,0,16,16,158,s:40~l:54~t:158,Nebraska,Cornhuskers,e31937,ffffff,78,6,30,16,3,1
401825249,2026,1/4/2026,158,s:40~l:54~t:158,Nebraska,Cornhuskers,NEB,e31937,ffffff,home,78,TRUE,11,5,22,51,24,47,NA,12,78,18,23,16,7,6,1,0,63,12,19,29,0,15,15,2509,s:40~l:54~t:2509,Purdue,Boilermakers,ceb888,000000,62,4,24,19,3,96
401831093,2026,1/4/2026,79,s:40~l:54~t:79,Southern Illinois,Salukis,SIU,85283D,c2c3c0,away,64,FALSE,9,3,17,40,24,60,NA,20,68,13,19,1,10,7,0,0,20,3,15,27,0,15,15,2460,s:40~l:54~t:2460,Northern Iowa,Panthers,473282,ffffff,91,6,32,26,2,2
401831093,2026,1/4/2026,2460,s:40~l:54~t:2460,Northern Iowa,Panthers,UNI,473282,ffffff,home,91,TRUE,15,5,30,55,30,55,NA,15,74,23,31,44,13,11,2,0,40,8,20,43,0,18,18,79,s:40~l:54~t:79,Southern Illinois,Salukis,85283D,c2c3c0,64,9,38,24,2,97
401831091,2026,1/4/2026,282,s:40~l:54~t:282,Indiana State,Sycamores,INST,00669a,f0f0f0,away,57,FALSE,12,0,24,31,22,70,NA,20,69,11,16,4,13,5,0,0,14,2,14,37,0,8,8,82,s:40~l:54~t:82,UIC,Flames,001e62,d50032,70,12,36,4,4,10
401825625,2026,1/4/2026,2507,s:40~l:54~t:2507,Providence,Friars,PROV,000000,a3a19e,away,69,TRUE,14,6,22,40,21,53,NA,17,69,22,32,10,11,17,1,1,36,5,14,33,1,17,17,305,s:40~l:54~t:305,DePaul,Blue Demons,2d649c,ce1125,59,15,32,28,3,11
401825625,2026,1/4/2026,305,s:40~l:54~t:305,DePaul,Blue Demons,DEP,2d649c,ce1125,home,59,FALSE,16,3,23,37,20,54,NA,20,71,10,14,19,12,7,1,0,39,9,23,35,0,25,25,2507,s:40~l:54~t:2507,Providence,Friars,000000,a3a19e,69,15,16,10,3,84
401817717,2026,1/4/2026,325,s:40~l:54~t:325,Cleveland State,Vikings,CLE,006633,231f20,away,58,FALSE,14,2,21,39,22,57,NA,18,83,10,12,16,7,7,0,0,19,4,21,28,0,9,9,270,s:40~l:54~t:270,Milwaukee,Panthers,000000,ffc20e,66,6,36,17,6,78
401807537,2026,1/4/2026,8,s:40~l:54~t:8,Arkansas,Razorbacks,ARK,a32136,ffffff,away,48,FALSE,11,5,28,32,18,57,NA,11,50,7,14,0,9,7,0,0,22,5,23,37,0,14,14,333,s:40~l:54~t:333,Alabama,Crimson Tide,9e1b32,ffffff,77,12,20,8,0,0
401807537,2026,1/4/2026,333,s:40~l:54~t:333,Alabama,Crimson Tide,ALA,9e1b32,ffffff,home,77,TRUE,18,1,32,40,29,72,NA,11,75,6,8,32,16,9,1,0,41,13,32,48,0,11,11,8,s:40~l:54~t:8,Arkansas,Razorbacks,a32136,ffffff,48,8,30,12,0,98
401807542,2026,1/4/2026,2579,s:40~l:54~t:2579,South Carolina,Gamecocks,SC,73000a,000000,away,74,TRUE,10,9,33,34,24,70,NA,18,68,21,31,11,26,10,1,0,24,5,21,59,0,21,21,57,s:40~l:54~t:57,Florida,Gators,0021a5,fa4616,63,7,34,14,3,85
401807542,2026,1/4/2026,57,s:40~l:54~t:57,Florida,Gators,FLA,0021a5,fa4616,home,63,FALSE,8,3,24,34,22,65,NA,22,88,15,17,3,12,8,0,0,17,4,23,36,0,20,20,2579,s:40~l:54~t:2579,South Carolina,Gamecocks,73000a,000000,74,16,32,13,3,9
401825250,2026,1/4/2026,164,s:40~l:54~t:164,Rutgers,Scarlet Knights,RUTG,ce0e2d,ffffff,away,49,FALSE,14,2,20,39,22,56,NA,13,20,1,5,3,5,8,5,0,24,4,17,25,0,21,21,194,s:40~l:54~t:194,Ohio State,Buckeyes,ba0c2f,a8adb4,71,4,34,17,5,24
401825250,2026,1/4/2026,194,s:40~l:54~t:194,Ohio State,Buckeyes,OSU,ba0c2f,a8adb4,home,71,TRUE,21,7,24,42,27,65,NA,12,71,12,17,24,14,12,0,0,31,5,16,38,0,16,16,164,s:40~l:54~t:164,Rutgers,Scarlet Knights,ce0e2d,ffffff,49,17,40,24,5,63
401831090,2026,1/4/2026,2287,s:40~l:54~t:2287,Illinois State,Redbirds,ILST,CE1126,ffe716,away,68,FALSE,19,1,30,46,26,56,NA,17,40,6,15,8,12,5,1,0,42,10,24,42,0,21,21,2057,s:40~l:54~t:2057,Belmont,Bruins,182142,c9262d,75,4,30,3,18,38
401827312,2026,1/4/2026,277,s:40~l:54~t:277,West Virginia,Mountaineers,WVU,eaaa00,002855,away,60,TRUE,21,0,25,48,22,46,NA,17,81,13,16,7,9,4,1,0,21,3,14,34,0,24,24,2306,s:40~l:54~t:2306,Kansas State,Wildcats,330a57,e2e3e4,58,7,28,12,6,41
401827310,2026,1/4/2026,2305,s:40~l:54~t:2305,Kansas,Jayhawks,KU,0051ba,e8000d,away,83,TRUE,18,2,27,57,31,54,NA,15,76,16,21,18,6,7,1,1,31,5,16,33,1,14,14,2116,s:40~l:54~t:2116,UCF,Knights,000000,b4a169,68,12,48,5,10,80
401827310,2026,1/4/2026,2116,s:40~l:54~t:2116,UCF,Knights,UCF,000000,b4a169,home,68,FALSE,8,3,22,43,24,56,NA,20,79,15,19,3,7,5,1,1,38,5,13,29,1,15,15,2305,s:40~l:54~t:2305,Kansas,Jayhawks,0051ba,e8000d,83,7,32,12,10,15
401825627,2026,1/4/2026,2752,s:40~l:54~t:2752,Xavier,Musketeers,XAV,21304e,a5a7a8,away,52,TRUE,11,5,25,32,19,60,NA,13,64,7,11,11,12,5,1,0,32,7,22,37,0,11,11,46,s:40~l:54~t:46,Georgetown,Hoyas,110E42,001c58,51,5,22,10,12,74
401825627,2026,1/4/2026,46,s:40~l:54~t:46,Georgetown,Hoyas,GTWN,110E42,001c58,home,51,FALSE,9,1,30,38,20,52,NA,18,46,6,13,4,13,5,1,0,36,5,14,43,0,18,18,2752,s:40~l:54~t:2752,Xavier,Musketeers,21304e,a5a7a8,52,7,28,13,12,12
401825624,2026,1/4/2026,156,s:40~l:54~t:156,Creighton,Bluejays,CREI,005ca9,6cadde,home,67,TRUE,12,5,31,44,24,54,NA,19,78,14,18,10,5,10,0,0,45,5,11,36,0,15,15,2086,s:40~l:54~t:2086,Butler,Bulldogs,0d1361,00a3e0,59,14,32,11,1,53
401824475,2026,1/4/2026,2097,s:40~l:54~t:2097,Campbell,Fighting Camels,CAM,000000,NA,away,62,TRUE,14,3,27,46,21,46,NA,18,82,14,17,14,8,6,2,0,29,6,21,35,0,15,15,2182,s:40~l:54~t:2182,Drexel,Dragons,020260,ffd65a,51,7,22,4,5,89
401824475,2026,1/4/2026,2182,s:40~l:54~t:2182,Drexel,Dragons,DREX,020260,ffd65a,home,51,FALSE,15,2,16,32,17,53,NA,17,55,11,20,2,10,6,0,0,32,6,19,26,0,9,9,2097,s:40~l:54~t:2097,Campbell,Fighting Camels,000000,NA,62,0,16,14,5,7
401819653,2026,1/4/2026,258,s:40~l:54~t:258,Virginia,Cavaliers,UVA,f84c1e,232d4b,away,91,TRUE,22,13,39,41,34,82,NA,18,55,11,20,17,18,9,1,0,35,12,34,57,0,18,18,52,s:40~l:54~t:52,Florida State,Seminoles,782f40,ceb888,87,17,40,16,5,88
401819653,2026,1/4/2026,52,s:40~l:54~t:52,Florida State,Seminoles,FSU,782f40,ceb888,home,87,FALSE,13,8,37,41,33,81,NA,17,60,12,20,2,13,8,0,0,33,9,27,50,0,14,14,258,s:40~l:54~t:258,Virginia,Cavaliers,f84c1e,232d4b,91,9,46,19,5,2
401819652,2026,1/4/2026,183,s:40~l:54~t:183,Syracuse,Orange,SYR,000e54,ff431b,away,73,TRUE,20,4,24,51,31,61,NA,13,63,5,8,22,9,9,0,0,35,6,17,33,0,12,12,154,s:40~l:54~t:154,Wake Forest,Demon Deacons,ceb888,2c2a29,58,11,36,25,6,71
401819652,2026,1/4/2026,154,s:40~l:54~t:154,Wake Forest,Demon Deacons,WAKE,ceb888,2c2a29,home,58,FALSE,19,2,20,38,24,63,NA,8,73,8,11,4,15,4,1,0,11,2,19,35,0,14,14,183,s:40~l:54~t:183,Syracuse,Orange,000e54,ff431b,73,9,42,11,6,18
401819589,2026,1/4/2026,228,s:40~l:54~t:228,Clemson,Tigers,CLEM,f56600,ffffff,away,70,TRUE,19,3,20,44,26,59,NA,12,86,6,7,15,12,5,4,0,35,12,34,32,0,12,12,2390,s:40~l:54~t:2390,Miami,Hurricanes,f47423,035131,55,4,28,17,7,53
401819589,2026,1/4/2026,2390,s:40~l:54~t:2390,Miami,Hurricanes,MIA,f47423,035131,home,55,FALSE,14,1,18,44,21,48,NA,11,67,8,12,6,7,4,0,0,36,5,14,25,0,13,13,228,s:40~l:54~t:228,Clemson,Tigers,f56600,ffffff,70,4,22,10,7,37
401819563,2026,1/4/2026,25,s:40~l:54~t:25,California,Golden Bears,CAL,041e42,ffc72c,away,60,FALSE,12,4,32,44,24,55,NA,14,70,7,10,3,10,4,0,0,23,5,22,42,0,20,20,152,s:40~l:54~t:152,NC State,Wolfpack,cc0000,ffffff,71,8,34,7,12,17
401819563,2026,1/4/2026,152,s:40~l:54~t:152,NC State,Wolfpack,NCSU,cc0000,ffffff,home,71,TRUE,18,3,21,44,28,63,NA,12,73,11,15,14,7,12,0,0,25,4,16,28,0,6,6,25,s:40~l:54~t:25,California,Golden Bears,041e42,ffc72c,60,18,36,23,12,78
401812521,2026,1/4/2026,2681,s:40~l:54~t:2681,Wagner,Seahawks,WAG,00483A,ffffff,away,62,TRUE,13,3,25,47,25,53,NA,24,73,8,11,10,7,9,0,0,29,4,14,32,0,14,14,284,s:40~l:54~t:284,Stonehill,Skyhawks,000000,NA,59,5,32,17,2,82
401807543,2026,1/4/2026,61,s:40~l:54~t:61,Georgia,Lady Bulldogs,UGA,ba0c2f,2c2a29,home,64,TRUE,10,4,33,36,25,70,NA,18,48,12,25,8,17,18,1,0,14,2,14,50,0,18,18,245,s:40~l:54~t:245,Texas A&M,Aggies,500000,ffffff,56,17,42,19,1,9
401804978,2026,1/4/2026,98,s:40~l:54~t:98,Western Kentucky,Lady Toppers,WKU,e13a3e,ffffff,away,64,FALSE,15,2,14,45,21,47,NA,12,67,12,18,7,7,7,1,0,53,10,19,21,0,18,18,338,s:40~l:54~t:338,Kennesaw State,Owls,fdbb30,0b1315,78,15,20,18,3,30
401804974,2026,1/4/2026,2335,s:40~l:54~t:2335,Liberty,Flames,LIB,0a254e,b72025,away,86,TRUE,22,4,26,48,31,64,NA,21,67,12,18,21,13,10,1,0,50,12,24,39,0,14,14,2638,s:40~l:54~t:2638,UTEP,Miners,ff8200,041e42,66,9,38,17,0,99
401804974,2026,1/4/2026,2638,s:40~l:54~t:2638,UTEP,Miners,UTEP,ff8200,041e42,home,66,FALSE,8,4,24,32,20,62,NA,18,92,22,24,0,17,4,0,0,21,4,19,41,0,18,18,2335,s:40~l:54~t:2335,Liberty,Flames,0a254e,b72025,86,17,26,6,0,0
401819615,2026,1/4/2026,24,s:40~l:54~t:24,Stanford,Cardinal,STAN,8c1515,ffffff,away,77,TRUE,17,0,29,45,27,60,NA,26,83,15,18,6,11,6,2,0,35,8,23,40,0,22,22,153,s:40~l:54~t:153,North Carolina,Tar Heels,7bafd4,13294b,71,11,30,11,7,20
401819615,2026,1/4/2026,153,s:40~l:54~t:153,North Carolina,Tar Heels,UNC,7bafd4,13294b,home,71,FALSE,14,2,21,45,25,56,NA,18,60,18,30,7,7,10,0,0,21,3,14,28,0,15,15,24,s:40~l:54~t:24,Stanford,Cardinal,8c1515,ffffff,77,14,36,16,7,69
401825826,2026,1/4/2026,2385,s:40~l:54~t:2385,Mercyhurst,Lakers,MERC,000000,NA,away,89,TRUE,16,0,24,46,28,61,NA,25,82,18,22,36,10,10,1,0,43,15,35,34,0,15,15,2330,s:40~l:54~t:2330,Le Moyne,Dolphins,000000,NA,72,13,20,21,0,96
401825816,2026,1/4/2026,2115,s:40~l:54~t:2115,Central Connecticut,Blue Devils,CCSU,1B49A2,d1d5d8,away,51,FALSE,13,0,24,38,20,53,NA,12,53,8,15,0,8,7,0,0,27,3,11,32,0,20,20,2441,s:40~l:54~t:2441,New Haven,Chargers,041e42,ffc425,70,4,30,17,0,0
401824474,2026,1/4/2026,2261,s:40~l:54~t:2261,Hampton,Lady Pirates,HAMP,0067AC,NA,away,75,FALSE,16,2,19,45,24,53,NA,17,79,19,24,3,14,5,1,0,44,8,18,33,0,21,21,2210,s:40~l:54~t:2210,Elon,Phoenix,020303,b59a57,84,11,24,15,1,2
401824474,2026,1/4/2026,2210,s:40~l:54~t:2210,Elon,Phoenix,ELON,020303,b59a57,home,84,TRUE,18,0,16,49,34,69,NA,18,77,10,13,22,17,8,2,0,38,6,16,33,0,13,13,2261,s:40~l:54~t:2261,Hampton,Lady Pirates,0067AC,NA,75,10,40,36,1,96
401824472,2026,1/4/2026,2275,s:40~l:54~t:2275,Hofstra,Pride,HOF,003594,ffc72c,away,54,TRUE,10,3,25,32,20,62,NA,10,60,9,15,15,17,10,1,0,25,5,20,42,0,13,13,350,s:40~l:54~t:350,UNC Wilmington,Seahawks,00665e,ffda00,46,9,24,14,3,71
401824471,2026,1/4/2026,2619,s:40~l:54~t:2619,Stony Brook,Seawolves,STBK,990000,NA,away,73,TRUE,12,7,33,41,23,56,NA,14,68,17,25,17,18,6,4,0,36,10,28,51,0,17,17,2729,s:40~l:54~t:2729,William & Mary,Tribe,115740,f0b323,57,10,22,24,7,25
401817716,2026,1/4/2026,94,s:40~l:54~t:94,Northern Kentucky,Norse,NKU,ffc82e,000000,home,75,TRUE,18,6,26,36,26,72,NA,19,70,14,20,31,20,12,0,0,30,9,30,46,0,10,10,2174,s:40~l:54~t:2174,Detroit Mercy,Titans,165b9e,d31733,57,20,26,23,7,85
401812432,2026,1/4/2026,2598,s:40~l:54~t:2598,Saint Francis,Red Flash,SFPA,a20012,000000,home,28,FALSE,6,1,17,16,8,50,NA,13,73,11,15,0,9,7,0,0,5,1,21,26,0,17,17,161,s:40~l:54~t:161,Fairleigh Dickinson,Knights,72293c,28334a,73,0,12,7,0,0
401819650,2026,1/4/2026,87,s:40~l:54~t:87,Notre Dame,Fighting Irish,ND,062340,c99700,away,68,FALSE,12,2,21,46,27,59,NA,16,78,7,9,4,10,8,0,0,50,7,14,31,0,16,16,150,s:40~l:54~t:150,Duke,Blue Devils,00539b,ffffff,82,4,32,6,2,6
401825246,2026,1/4/2026,356,s:40~l:54~t:356,Illinois,Fighting Illini,ILL,ff5f05,13294b,away,75,FALSE,14,4,27,40,25,63,NA,19,79,15,19,1,8,4,1,0,43,10,23,35,0,8,8,127,s:40~l:54~t:127,Michigan State,Spartans,173f35,ffffff,81,22,22,7,2,1
401825246,2026,1/4/2026,127,s:40~l:54~t:127,Michigan State,Spartans,MSU,173f35,ffffff,home,81,TRUE,14,9,30,43,27,63,NA,15,84,21,25,15,10,5,0,0,38,6,16,40,0,6,6,356,s:40~l:54~t:356,Illinois,Fighting Illini,ff5f05,13294b,75,17,42,13,2,95
401829057,2026,1/4/2026,2244,s:40~l:54~t:2244,George Mason,Patriots,GMU,016600,ecb010,away,68,TRUE,13,0,25,42,25,59,NA,18,78,7,9,27,14,7,1,0,41,11,27,39,0,17,17,2670,s:40~l:54~t:2670,VCU,Rams,ffaf00,000000,58,5,14,16,1,93
401829057,2026,1/4/2026,2670,s:40~l:54~t:2670,VCU,Rams,VCU,ffaf00,000000,home,58,FALSE,7,0,22,37,19,51,NA,17,78,14,18,3,7,7,2,0,24,6,25,29,0,15,15,2244,s:40~l:54~t:2244,George Mason,Patriots,016600,ecb010,68,4,26,15,1,4
401812450,2026,1/4/2026,112358,s:40~l:54~t:112358,Long Island University,Sharks,LIU,50c9f7,ffbf00,home,60,TRUE,11,4,28,38,23,60,NA,10,59,10,17,13,16,6,0,0,24,4,17,44,0,19,19,2130,s:40~l:54~t:2130,Chicago State,Cougars,006700,NA,51,9,32,20,7,59
401812819,2026,1/3/2026,28,s:40~l:54~t:28,UC San Diego,Tritons,UCSD,000000,ffcd00,away,65,TRUE,15,0,21,38,21,55,NA,11,70,14,20,13,7,12,2,0,39,9,23,28,0,12,12,62,s:40~l:54~t:62,Hawai'i,Rainbow Wahine,005737,000000,54,8,20,16,2,66
401812819,2026,1/3/2026,62,s:40~l:54~t:62,Hawai'i,Rainbow Wahine,HAW,005737,000000,home,54,FALSE,8,10,29,40,19,48,NA,17,91,10,11,6,9,7,1,0,25,6,24,38,0,24,24,28,s:40~l:54~t:28,UC San Diego,Tritons,000000,ffcd00,65,8,20,15,2,26
401827309,2026,1/3/2026,2628,s:40~l:54~t:2628,TCU,Horned Frogs,TCU,4d1979,ffffff,away,77,FALSE,15,2,26,37,28,75,NA,24,80,12,15,6,13,11,0,0,23,9,39,39,0,14,14,254,s:40~l:54~t:254,Utah,Utes,be0000,ffffff,87,2,28,19,12,47
401827309,2026,1/3/2026,254,s:40~l:54~t:254,Utah,Utes,UTAH,be0000,ffffff,home,87,TRUE,22,2,35,48,26,54,NA,16,67,22,33,10,8,5,1,0,57,13,23,43,0,19,19,2628,s:40~l:54~t:2628,TCU,Horned Frogs,4d1979,ffffff,77,13,22,17,12,38
401825245,2026,1/3/2026,26,s:40~l:54~t:26,UCLA,Bruins,UCLA,2774ae,f2a900,home,80,TRUE,24,6,34,53,30,57,NA,10,84,16,19,35,12,10,0,0,36,4,11,46,0,17,17,30,s:40~l:54~t:30,USC,Trojans,9d2235,ffc72c,46,7,42,15,5,79
401829034,2026,1/3/2026,2350,s:40~l:54~t:2350,Loyola Chicago,Ramblers,LUC,9d1244,NA,home,58,FALSE,11,2,23,42,23,55,NA,19,64,9,14,5,4,7,0,0,23,3,13,27,0,15,15,227,s:40~l:54~t:227,Rhode Island,Rams,091f3f,5ab3e8,70,7,36,13,1,8
401827308,2026,1/3/2026,12,s:40~l:54~t:12,Arizona,Wildcats,ARIZ,cc0033,003366,away,49,FALSE,9,1,19,35,21,60,NA,18,44,4,9,1,14,11,1,1,25,3,12,33,1,17,17,2641,s:40~l:54~t:2641,Texas Tech,Lady Raiders,da291c,000000,80,15,34,17,2,0
401827308,2026,1/3/2026,2641,s:40~l:54~t:2641,Texas Tech,Lady Raiders,TTU,da291c,000000,home,80,TRUE,22,11,25,47,28,59,NA,10,73,11,15,35,12,7,0,0,42,13,31,37,0,14,14,12,s:40~l:54~t:12,Arizona,Wildcats,cc0033,003366,49,11,26,19,2,98
401828044,2026,1/3/2026,249,s:40~l:54~t:249,North Texas,Mean Green,UNT,068f33,ffffff,away,61,FALSE,7,3,27,36,25,70,NA,19,53,8,15,0,14,8,1,1,43,3,7,41,1,16,16,58,s:40~l:54~t:58,South Florida,Bulls,006747,cfc493,77,7,38,11,0,0
401828044,2026,1/3/2026,58,s:40~l:54~t:58,South Florida,Bulls,USF,006747,cfc493,home,77,TRUE,17,10,34,50,29,58,NA,20,75,15,20,18,6,9,0,1,50,4,8,40,1,17,17,249,s:40~l:54~t:249,North Texas,Mean Green,068f33,ffffff,61,17,48,23,0,99
401812818,2026,1/3/2026,2934,s:40~l:54~t:2934,Cal State Bakersfield,Roadrunners,CSUB,003BAB,NA,home,59,FALSE,14,0,25,32,23,71,NA,19,83,5,6,7,13,6,0,0,31,8,26,38,0,8,8,302,s:40~l:54~t:302,UC Davis,Aggies,002855,c3c4c6,69,7,20,17,5,25
401831316,2026,1/3/2026,167,s:40~l:54~t:167,New Mexico,Lobos,UNM,ba0c2f,a7a8aa,away,89,TRUE,18,1,33,40,32,80,NA,17,60,12,20,38,25,14,1,0,32,13,40,58,0,14,14,23,s:40~l:54~t:23,San José State,Spartans,0038a8,ffb81a,51,9,28,23,0,100
401818447,2026,1/3/2026,2571,s:40~l:54~t:2571,South Dakota State,Jackrabbits,SDST,0033a0,ffd100,away,65,TRUE,17,6,32,40,26,65,NA,9,75,6,8,32,17,9,0,0,22,7,32,49,0,15,15,2437,s:40~l:54~t:2437,Omaha,Mavericks,e3193e,474648,36,8,38,21,5,73
401818447,2026,1/3/2026,2437,s:40~l:54~t:2437,Omaha,Mavericks,OMA,e3193e,474648,home,36,FALSE,7,1,24,25,14,57,NA,13,67,4,6,6,12,10,1,0,13,4,32,36,0,17,17,2571,s:40~l:54~t:2571,South Dakota State,Jackrabbits,0033a0,ffd100,65,7,16,12,5,19
401812820,2026,1/3/2026,2463,s:40~l:54~t:2463,Cal State Northridge,Matadors,CSUN,b50000,NA,away,70,FALSE,13,3,18,46,23,50,NA,23,61,17,28,2,8,10,0,0,37,7,19,26,0,24,24,2540,s:40~l:54~t:2540,UC Santa Barbara,Gauchos,1e1840,febc11,88,9,30,17,6,6
401812820,2026,1/3/2026,2540,s:40~l:54~t:2540,UC Santa Barbara,Gauchos,UCSB,1e1840,febc11,home,88,TRUE,15,3,23,57,32,56,NA,22,78,18,23,26,7,5,1,0,35,6,17,30,0,20,20,2463,s:40~l:54~t:2463,Cal State Northridge,Matadors,b50000,NA,70,13,50,26,6,93
401812817,2026,1/3/2026,2239,s:40~l:54~t:2239,Cal State Fullerton,Titans,CSUF,003767,ff8300,away,51,FALSE,9,1,19,27,19,71,NA,28,48,12,25,3,24,12,0,0,5,1,21,43,0,18,18,300,s:40~l:54~t:300,UC Irvine,Anteaters,002B5C,fec52e,64,9,30,17,4,3
401812817,2026,1/3/2026,300,s:40~l:54~t:300,UC Irvine,Anteaters,UCI,002B5C,fec52e,home,64,TRUE,10,3,34,37,17,46,NA,22,71,24,34,20,13,11,1,0,29,6,21,47,0,23,23,2239,s:40~l:54~t:2239,Cal State Fullerton,Titans,003767,ff8300,51,8,20,10,4,89
401812816,2026,1/3/2026,299,s:40~l:54~t:299,Long Beach State,Beach,LBSU,000000,f1f2f3,away,49,FALSE,7,2,23,30,14,47,NA,22,67,12,18,2,10,8,1,0,38,9,24,33,0,18,18,13,s:40~l:54~t:13,Cal Poly,Mustangs,1E4D2B,eed897,63,8,10,14,1,1
401812816,2026,1/3/2026,13,s:40~l:54~t:13,Cal Poly,Mustangs,CP,1E4D2B,eed897,home,63,TRUE,13,0,25,41,22,54,NA,18,94,17,18,14,9,8,0,0,15,2,13,34,0,11,11,299,s:40~l:54~t:299,Long Beach State,Beach,000000,f1f2f3,49,10,34,12,1,94
401808089,2026,1/3/2026,304,s:40~l:54~t:304,Idaho State,Bengals,IDST,ef8c00,e9a126,away,72,TRUE,19,4,25,40,25,62,NA,23,89,16,18,10,12,9,0,0,30,6,20,37,0,10,10,2502,s:40~l:54~t:2502,Portland State,Vikings,00311e,ebebeb,63,2,30,22,4,87
401808029,2026,1/3/2026,70,s:40~l:54~t:70,Idaho,Vandals,IDHO,000000,8c6e4a,away,69,TRUE,13,5,35,36,27,74,NA,16,71,10,14,14,13,13,0,0,29,5,17,48,0,11,11,331,s:40~l:54~t:331,Eastern Washington,Eagles,a10022,abb4bc,63,19,38,18,3,85
401831089,2026,1/3/2026,2674,s:40~l:54~t:2674,Valparaiso,Beacons,VAL,794500,NA,away,46,FALSE,9,3,24,27,16,59,NA,16,70,7,10,3,8,5,1,0,24,7,29,32,0,18,18,339,s:40~l:54~t:339,Evansville,Purple Aces,663399,ef6f00,66,9,16,14,1,3
401831089,2026,1/3/2026,339,s:40~l:54~t:339,Evansville,Purple Aces,EVAN,663399,ef6f00,home,66,TRUE,19,6,36,38,24,64,NA,15,92,12,13,26,15,8,0,0,22,6,27,51,0,18,18,2674,s:40~l:54~t:2674,Valparaiso,Beacons,794500,NA,46,10,26,17,1,95
401830435,2026,1/3/2026,21,s:40~l:54~t:21,San Diego State,Aztecs,SDSU,a6192e,000000,away,72,TRUE,13,1,29,51,30,59,NA,12,67,4,6,23,7,7,0,0,47,8,17,36,0,9,9,2751,s:40~l:54~t:2751,Wyoming,Cowgirls,492f24,ffc425,55,4,40,18,3,59
401829581,2026,1/3/2026,2440,s:40~l:54~t:2440,Nevada,Wolf Pack,NEV,041e42,8a8d8f,home,58,TRUE,8,1,34,36,19,53,NA,17,67,18,27,19,11,10,1,0,12,2,17,45,0,15,15,328,s:40~l:54~t:328,Utah State,Aggies,0f2439,ffffff,40,15,22,14,0,99
401829566,2026,1/3/2026,2253,s:40~l:54~t:2253,Grand Canyon,Lopes,GCU,522398,ffffff,away,87,TRUE,13,1,26,42,30,72,NA,21,77,20,26,14,16,7,0,0,25,7,28,42,0,13,13,68,s:40~l:54~t:68,Boise State,Broncos,0033a0,d64309,76,10,44,21,1,63
401829566,2026,1/3/2026,68,s:40~l:54~t:68,Boise State,Broncos,BOIS,0033a0,d64309,home,76,FALSE,14,3,25,43,28,65,NA,20,73,16,22,10,13,6,0,0,29,4,14,38,0,17,17,2253,s:40~l:54~t:2253,Grand Canyon,Lopes,522398,ffffff,87,5,40,11,1,28
401827307,2026,1/3/2026,197,s:40~l:54~t:197,Oklahoma State,Cowgirls,OKST,fe5c00,000000,home,83,TRUE,23,6,32,51,34,67,NA,11,58,7,12,33,12,11,0,0,36,8,22,44,0,17,17,248,s:40~l:54~t:248,Houston,Cougars,c8102e,ffffff,52,13,44,22,0,98
401827305,2026,1/3/2026,9,s:40~l:54~t:9,Arizona State,Sun Devils,ASU,ffc627,8c1d40,away,62,FALSE,10,2,16,37,19,52,NA,20,74,20,27,8,9,10,0,0,29,4,14,25,0,17,17,252,s:40~l:54~t:252,BYU,Cougars,0047ba,002e5d,71,4,26,16,5,49
401827305,2026,1/3/2026,252,s:40~l:54~t:252,BYU,Cougars,BYU,0047ba,002e5d,home,71,TRUE,14,2,28,38,25,65,NA,23,73,11,15,11,26,13,1,0,26,10,39,54,0,26,26,9,s:40~l:54~t:9,Arizona State,Sun Devils,ffc627,8c1d40,62,10,28,17,5,48
401824287,2026,1/3/2026,2011,s:40~l:54~t:2011,Alabama State,Lady Hornets,ALST,e9a900,0a0a0a,away,83,TRUE,10,1,34,54,29,54,NA,28,83,20,24,33,11,13,0,0,71,5,7,45,0,24,24,2400,s:40~l:54~t:2400,Mississippi Valley State,Devilettes,005328,cf2d34,50,20,42,25,0,99
401824287,2026,1/3/2026,2400,s:40~l:54~t:2400,Mississippi Valley State,Devilettes,MVSU,005328,cf2d34,home,50,FALSE,9,4,16,31,17,54,NA,23,48,13,27,0,7,4,0,0,16,3,19,23,0,20,20,2011,s:40~l:54~t:2011,Alabama State,Lady Hornets,e9a900,0a0a0a,83,14,22,15,0,0
401824263,2026,1/3/2026,2029,s:40~l:54~t:2029,Arkansas-Pine Bluff,Golden Lions,UAPB,e0aa0f,eaaa00,home,49,FALSE,10,1,14,37,16,43,NA,19,48,11,23,0,9,8,0,0,46,6,13,23,0,16,16,2010,s:40~l:54~t:2010,Alabama A&M,Bulldogs,790000,ffffff,72,5,20,12,0,0
401808819,2026,1/3/2026,309,s:40~l:54~t:309,Louisiana,Ragin' Cajuns,UL,ce181e,000000,home,56,FALSE,4,3,17,31,18,58,NA,22,80,20,25,1,11,8,3,0,0,0,13,28,0,19,19,6,s:40~l:54~t:6,South Alabama,Jaguars,00205b,bf0d3e,81,4,26,21,2,1
401808555,2026,1/3/2026,2464,s:40~l:54~t:2464,Northern Arizona,Lumberjacks,NAU,003976,1b3069,home,65,FALSE,13,3,33,42,25,60,NA,12,62,8,13,0,11,4,0,0,30,7,23,44,0,25,25,147,s:40~l:54~t:147,Montana State,Bobcats,00205c,bc955c,82,13,28,8,0,0
401808447,2026,1/3/2026,149,s:40~l:54~t:149,Montana,Lady Griz,MONT,751D4A,666666,away,58,FALSE,9,1,24,35,18,52,NA,19,68,13,19,12,5,5,1,0,30,9,30,29,0,12,12,2458,s:40~l:54~t:2458,Northern Colorado,Bears,13558D,ffc533,77,2,18,8,1,59
401805096,2026,1/3/2026,2627,s:40~l:54~t:2627,Tarleton State,Texans,TAR,000000,NA,away,68,FALSE,10,6,21,41,26,64,NA,7,75,9,12,1,9,3,0,0,37,7,19,30,0,8,8,2856,s:40~l:54~t:2856,California Baptist,Lancers,000000,NA,80,6,24,17,2,3
401824340,2026,1/3/2026,2582,s:40~l:54~t:2582,Southern,Jaguars,SOU,004B97,ffc82d,home,64,TRUE,11,6,28,37,22,60,NA,24,59,16,27,23,13,15,0,0,24,4,17,41,0,15,15,2640,s:40~l:54~t:2640,Texas Southern,Tigers,860038,ffffff,45,2,30,20,8,83
401814613,2026,1/3/2026,113,s:40~l:54~t:113,Massachusetts,Minutewomen,MASS,881c1c,ffffff,away,75,TRUE,10,6,20,40,25,62,NA,19,73,19,26,8,18,13,0,0,33,6,18,38,0,14,14,2309,s:40~l:54~t:2309,Kent State,Golden Flashes,002664,eaab00,70,14,30,23,4,35
401814613,2026,1/3/2026,2309,s:40~l:54~t:2309,Kent State,Golden Flashes,KENT,002664,eaab00,home,70,FALSE,12,2,22,39,28,71,NA,20,79,11,14,15,24,5,0,0,15,3,20,46,0,19,19,113,s:40~l:54~t:113,Massachusetts,Minutewomen,881c1c,ffffff,75,14,44,20,4,62
401808769,2026,1/3/2026,324,s:40~l:54~t:324,Coastal Carolina,Chanticleers,CCU,006f71,a27752,home,50,FALSE,8,2,30,30,17,57,NA,19,67,10,15,0,12,7,0,0,33,6,18,42,0,17,17,290,s:40~l:54~t:290,Georgia Southern,Eagles,041e42,a3aaae,60,4,20,18,0,0
401829055,2026,1/3/2026,257,s:40~l:54~t:257,Richmond,Spiders,RICH,9e0712,b90b2e,away,80,TRUE,19,2,27,51,32,63,NA,10,100,2,2,21,10,10,0,0,44,14,32,37,0,13,13,179,s:40~l:54~t:179,St. Bonaventure,Bonnies,70261D,NA,60,6,34,12,3,87
401829055,2026,1/3/2026,179,s:40~l:54~t:179,St. Bonaventure,Bonnies,SBU,70261D,NA,home,60,FALSE,8,2,21,44,25,57,NA,8,57,4,7,5,6,9,0,0,33,6,18,27,0,13,13,257,s:40~l:54~t:257,Richmond,Spiders,9e0712,b90b2e,80,4,20,11,3,9
401828043,2026,1/3/2026,2655,s:40~l:54~t:2655,Tulane,Green Wave,TULN,006747,418fde,away,70,TRUE,15,3,24,38,25,66,NA,10,68,15,22,16,16,10,1,0,22,5,23,40,0,14,14,2724,s:40~l:54~t:2724,Wichita State,Shockers,ffcd00,27251f,60,15,40,28,2,92
401828043,2026,1/3/2026,2724,s:40~l:54~t:2724,Wichita State,Shockers,WICH,ffcd00,27251f,home,60,FALSE,9,3,26,39,22,56,NA,18,73,11,15,1,11,8,0,0,23,5,22,37,0,21,21,2655,s:40~l:54~t:2655,Tulane,Green Wave,006747,418fde,70,13,26,16,2,6
401828039,2026,1/3/2026,5,s:40~l:54~t:5,UAB,Blazers,UAB,1a5632,fdb913,away,60,FALSE,15,1,22,46,26,56,NA,13,67,2,3,1,6,4,0,0,26,6,23,28,0,17,17,2429,s:40~l:54~t:2429,Charlotte,49ers,005035,a49665,71,5,28,18,6,3
401828039,2026,1/3/2026,2429,s:40~l:54~t:2429,Charlotte,49ers,CLT,005035,a49665,home,71,TRUE,10,0,24,35,25,71,NA,8,80,12,15,13,25,7,0,0,33,9,27,49,0,14,14,5,s:40~l:54~t:5,UAB,Blazers,1a5632,fdb913,60,6,30,17,6,97
401827554,2026,1/3/2026,2439,s:40~l:54~t:2439,UNLV,Lady Rebels,UNLV,cf0a2c,cac8c8,away,64,TRUE,16,7,36,49,23,47,NA,14,67,12,18,13,5,1,2,0,46,6,13,41,0,16,16,2005,s:40~l:54~t:2005,Air Force,Falcons,003594,ffffff,58,16,32,5,3,89
401827306,2026,1/3/2026,2132,s:40~l:54~t:2132,Cincinnati,Bearcats,CIN,000000,e00122,away,68,FALSE,10,4,24,39,21,54,NA,24,79,19,24,5,10,5,0,0,37,7,19,34,0,18,18,38,s:40~l:54~t:38,Colorado,Buffaloes,cfb87c,000000,79,15,22,12,7,21
401827306,2026,1/3/2026,38,s:40~l:54~t:38,Colorado,Buffaloes,COLO,cfb87c,000000,home,79,TRUE,15,2,23,44,26,59,NA,19,72,23,32,17,13,10,0,0,36,4,11,36,0,10,10,2132,s:40~l:54~t:2132,Cincinnati,Bearcats,000000,e00122,68,15,38,23,7,72
401824396,2026,1/3/2026,2504,s:40~l:54~t:2504,Prairie View A&M,Lady Panthers,PV,582c83,eaaa00,away,60,FALSE,10,0,23,35,20,57,NA,23,79,15,19,2,5,14,0,1,28,5,18,28,1,23,23,2755,s:40~l:54~t:2755,Grambling,Lady Tigers,ee8601,ffd10a,85,11,22,20,1,2
401818446,2026,1/3/2026,233,s:40~l:54~t:233,South Dakota,Coyotes,SDAK,CD1241,f0f0f0,away,67,TRUE,14,3,26,40,25,63,NA,11,100,9,9,23,12,5,2,0,40,8,20,38,0,7,7,140,s:40~l:54~t:140,Kansas City,Roos,004b87,ffc72c,47,4,28,10,4,91
401818446,2026,1/3/2026,140,s:40~l:54~t:140,Kansas City,Roos,KC,004b87,ffc72c,home,47,FALSE,11,4,24,32,17,53,NA,13,77,10,13,2,11,3,0,0,33,3,9,35,0,11,11,233,s:40~l:54~t:233,South Dakota,Coyotes,CD1241,f0f0f0,67,0,16,6,4,2
401818444,2026,1/3/2026,155,s:40~l:54~t:155,North Dakota,Fighting Hawks,UND,00A26B,c2c3c0,away,67,FALSE,12,4,30,44,25,57,NA,21,69,9,13,1,8,5,3,0,33,8,24,38,0,31,31,198,s:40~l:54~t:198,Oral Roberts,Golden Eagles,002462,dac792,95,12,32,17,2,1
401808852,2026,1/3/2026,2653,s:40~l:54~t:2653,Troy,Trojans,TROY,862633,b1b1b1,away,95,FALSE,24,3,27,42,37,89,NA,18,64,9,14,8,26,7,1,0,34,12,35,53,0,10,10,2572,s:40~l:54~t:2572,Southern Miss,Lady Eagles,ffc72c,231f20,98,9,44,14,7,25
401808852,2026,1/3/2026,2572,s:40~l:54~t:2572,Southern Miss,Lady Eagles,USM,ffc72c,231f20,home,98,TRUE,15,2,29,51,37,73,NA,11,76,13,17,10,10,4,1,0,38,11,29,39,0,12,12,2653,s:40~l:54~t:2653,Troy,Trojans,862633,b1b1b1,95,11,42,12,7,69
401808104,2026,1/3/2026,16,s:40~l:54~t:16,Sacramento State,Hornets,SAC,00573C,cdb97d,home,60,TRUE,14,3,27,44,24,55,NA,18,60,6,10,21,11,12,4,0,38,6,16,38,0,19,19,2692,s:40~l:54~t:2692,Weber State,Wildcats,18005a,ebebeb,39,6,34,25,0,98
401808006,2026,1/3/2026,357,s:40~l:54~t:357,Texas A&M-Corpus Christi,Islanders,AMCC,0067c5,007f3e,away,47,FALSE,11,4,26,40,21,52,NA,19,33,1,3,4,8,8,2,0,31,4,13,34,0,20,20,292,s:40~l:54~t:292,UT Rio Grande Valley,Vaqueros,dc6000,e1732d,58,6,24,12,5,13
401808006,2026,1/3/2026,292,s:40~l:54~t:292,UT Rio Grande Valley,Vaqueros,RGV,dc6000,e1732d,home,58,TRUE,14,4,24,35,19,54,NA,10,68,15,22,13,11,9,0,0,28,5,18,35,0,10,10,357,s:40~l:54~t:357,Texas A&M-Corpus Christi,Islanders,0067c5,007f3e,47,12,16,19,5,71
401807876,2026,1/3/2026,2443,s:40~l:54~t:2443,New Orleans,Privateers,UNO,005da6,a2a9ae,home,63,FALSE,14,2,26,32,22,69,NA,18,79,15,19,5,16,7,1,0,20,4,20,42,0,13,13,2837,s:40~l:54~t:2837,East Texas A&M,Lions,000000,NA,72,12,28,15,10,19
401805097,2026,1/3/2026,253,s:40~l:54~t:253,Southern Utah,Thunderbirds,SUU,c72026,000000,away,58,TRUE,14,4,25,35,22,62,NA,18,64,9,14,11,14,7,2,0,25,5,20,39,0,20,20,250,s:40~l:54~t:250,UT Arlington,Mavericks,004b7c,f58024,55,2,24,12,0,93
401806534,2026,1/3/2026,2710,s:40~l:54~t:2710,Western Illinois,Leathernecks,WIU,4e1e8a,ffc90a,away,58,TRUE,8,3,28,43,19,44,NA,16,73,19,26,7,7,6,3,0,14,1,7,35,0,22,22,2546,s:40~l:54~t:2546,Southeast Missouri State,Redhawks,c8102e,000000,51,8,32,7,6,58
401825809,2026,1/3/2026,219,s:40~l:54~t:219,Pennsylvania,Quakers,PENN,082A74,a6163d,home,68,FALSE,17,1,27,45,26,58,NA,20,88,7,8,4,9,4,2,0,45,9,20,36,0,18,18,163,s:40~l:54~t:163,Princeton,Tigers,000000,ff6000,74,6,28,11,4,10
401829056,2026,1/3/2026,2603,s:40~l:54~t:2603,Saint Joseph's,Hawks,JOES,9e1b32,6c6f70,away,78,TRUE,23,5,29,53,27,51,NA,11,68,17,25,30,9,12,0,0,35,7,20,38,0,18,18,2230,s:40~l:54~t:2230,Fordham,Rams,830032,909090,49,27,32,26,4,68
401829031,2026,1/3/2026,139,s:40~l:54~t:139,Saint Louis,Billikens,SLU,00539C,ebebeb,home,55,FALSE,9,1,21,32,18,56,NA,18,88,14,16,0,11,9,1,0,28,5,18,32,0,22,22,2166,s:40~l:54~t:2166,Davidson,Wildcats,000000,e51837,71,3,20,12,0,0
401828040,2026,1/3/2026,151,s:40~l:54~t:151,East Carolina,Pirates,ECU,582c83,ffc72c,home,74,TRUE,14,2,28,37,24,65,NA,18,79,22,28,12,17,13,0,0,22,4,18,45,0,18,18,235,s:40~l:54~t:235,Memphis,Tigers,004991,8e908f,65,9,34,25,17,40
401827856,2026,1/3/2026,349,s:40~l:54~t:349,Army,Black Knights,ARMY,000000,d3bc8d,away,81,TRUE,16,3,29,52,31,60,NA,10,70,14,20,38,14,10,0,0,31,5,16,43,0,11,11,2142,s:40~l:54~t:2142,Colgate,Raiders,821019,ffffff,49,6,50,17,0,98
401827843,2026,1/3/2026,47,s:40~l:54~t:47,Howard,Bison,HOW,003a63,e51937,away,68,TRUE,10,4,22,40,22,55,NA,12,60,18,30,7,9,13,1,0,27,6,22,31,0,13,13,2569,s:40~l:54~t:2569,South Carolina State,Lady Bulldogs,7d1315,104897,64,9,28,15,8,31
401827766,2026,1/3/2026,2379,s:40~l:54~t:2379,Maryland Eastern Shore,Hawks,UMES,5c2301,b5b7ba,home,68,TRUE,8,3,22,43,27,63,NA,19,63,12,19,10,22,9,0,0,17,2,12,44,0,18,18,2415,s:40~l:54~t:2415,Morgan State,Lady Bears,014786,f47937,61,15,46,32,5,90
401824416,2026,1/3/2026,2016,s:40~l:54~t:2016,Alcorn State,Lady Braves,ALCN,4b0058,46166a,away,49,TRUE,12,0,20,34,18,53,NA,9,75,9,12,6,8,10,1,0,19,4,21,28,0,12,12,2296,s:40~l:54~t:2296,Jackson State,Lady Tigers,123297,b5b7ba,45,5,26,18,8,35
401824416,2026,1/3/2026,2296,s:40~l:54~t:2296,Jackson State,Lady Tigers,JKST,123297,b5b7ba,home,45,FALSE,12,1,27,33,18,54,NA,16,83,5,6,8,13,5,0,0,16,4,25,40,0,18,18,2016,s:40~l:54~t:2016,Alcorn State,Lady Braves,4b0058,46166a,49,0,26,11,8,53
401824079,2026,1/3/2026,108,s:40~l:54~t:108,Harvard,Crimson,HARV,990000,dbdbdb,away,72,TRUE,17,2,25,43,29,67,NA,19,82,9,11,31,20,6,0,0,26,5,19,45,0,12,12,159,s:40~l:54~t:159,Dartmouth,Big Green,005730,000000,47,16,48,14,0,97
401824079,2026,1/3/2026,159,s:40~l:54~t:159,Dartmouth,Big Green,DART,005730,000000,home,47,FALSE,15,1,20,35,19,55,NA,11,71,5,7,0,11,0,3,0,25,4,16,31,0,14,14,108,s:40~l:54~t:108,Harvard,Crimson,990000,dbdbdb,72,2,30,8,0,0
401823971,2026,1/3/2026,2506,s:40~l:54~t:2506,Presbyterian,Blue Hose,PRES,194896,990134,away,56,FALSE,10,2,22,41,21,51,NA,29,57,13,23,3,11,10,2,0,9,1,11,33,0,30,30,2344,s:40~l:54~t:2344,Longwood,Lancers,003273,9ea2a3,89,4,38,14,8,7
401823969,2026,1/3/2026,2127,s:40~l:54~t:2127,Charleston Southern,Buccaneers,CHSO,2e3192,ded090,away,63,TRUE,11,3,28,40,21,53,NA,13,85,11,13,4,9,5,5,1,36,10,28,37,1,18,18,2515,s:40~l:54~t:2515,Radford,Highlanders,BC1515,c2c3c0,59,1,16,14,5,14
401823201,2026,1/3/2026,172,s:40~l:54~t:172,Cornell,Big Red,COR,b31b1b,ffffff,away,67,TRUE,20,2,22,45,23,51,NA,9,79,11,14,12,4,6,1,0,53,10,19,26,0,11,11,171,s:40~l:54~t:171,Columbia,Lions,7ba4db,183863,60,4,16,17,7,80
401823160,2026,1/3/2026,2329,s:40~l:54~t:2329,Lehigh,Mountain Hawks,LEH,6c2b2a,b69e70,home,74,TRUE,17,2,21,49,24,49,NA,16,100,12,12,31,9,13,0,0,41,14,34,30,0,20,20,2083,s:40~l:54~t:2083,Bucknell,Bison,000060,00316e,43,8,20,21,0,99
401823092,2026,1/3/2026,2352,s:40~l:54~t:2352,Loyola Maryland,Greyhounds,L-MD,76a7a0,c9cbca,away,52,FALSE,14,2,19,38,17,45,NA,11,62,13,21,2,11,5,0,0,26,5,19,30,0,16,16,322,s:40~l:54~t:322,Lafayette,Leopards,790000,a59474,63,5,18,13,1,4
401823092,2026,1/3/2026,322,s:40~l:54~t:322,Lafayette,Leopards,LAF,790000,a59474,home,63,TRUE,17,2,21,46,24,52,NA,16,100,4,4,20,9,8,1,0,46,11,24,30,0,13,13,2352,s:40~l:54~t:2352,Loyola Maryland,Greyhounds,76a7a0,c9cbca,52,5,16,20,1,95
401818445,2026,1/3/2026,2172,s:40~l:54~t:2172,Denver,Pioneers,DEN,98002e,a8996e,home,44,FALSE,8,2,17,40,19,48,NA,14,100,4,4,0,2,5,3,0,18,2,11,19,0,17,17,2449,s:40~l:54~t:2449,North Dakota State,Bison,01402A,ffffff,81,4,32,5,0,0
401813922,2026,1/3/2026,2520,s:40~l:54~t:2520,Rider,Broncs,RID,a80532,ebebeb,home,56,FALSE,14,1,17,41,20,49,NA,14,67,8,12,5,7,9,0,0,42,8,19,24,0,14,14,2514,s:40~l:54~t:2514,Quinnipiac,Bobcats,041B43,NA,68,6,20,16,8,16
401813857,2026,1/3/2026,315,s:40~l:54~t:315,Niagara,Purple Eagles,NIA,69207E,f0f0f0,away,42,FALSE,6,3,20,29,15,52,NA,14,77,10,13,0,12,7,1,0,33,2,6,32,0,27,27,2217,s:40~l:54~t:2217,Fairfield,Stags,000000,ebebeb,98,7,22,7,0,0
401813857,2026,1/3/2026,2217,s:40~l:54~t:2217,Fairfield,Stags,FAIR,000000,ebebeb,home,98,TRUE,30,4,27,55,39,71,NA,15,45,5,11,60,14,16,1,0,43,15,35,41,0,10,10,315,s:40~l:54~t:315,Niagara,Purple Eagles,69207E,f0f0f0,42,25,48,48,0,98
401813833,2026,1/3/2026,2368,s:40~l:54~t:2368,Marist,Red Foxes,MRST,e53730,f0f0f0,away,62,TRUE,16,1,28,42,22,52,NA,16,74,14,19,6,8,6,1,0,33,4,12,36,0,15,15,2363,s:40~l:54~t:2363,Manhattan,Jaspers,4f8537,b5b7ba,57,6,26,9,10,43
401813833,2026,1/3/2026,2363,s:40~l:54~t:2363,Manhattan,Jaspers,MAN,4f8537,b5b7ba,home,57,FALSE,14,4,22,36,21,59,NA,19,79,15,19,6,13,5,0,0,0,0,11,35,0,12,12,2368,s:40~l:54~t:2368,Marist,Red Foxes,e53730,f0f0f0,62,2,36,5,10,39
401813810,2026,1/3/2026,2099,s:40~l:54~t:2099,Canisius,Golden Griffins,CAN,004a81,dda50f,away,61,FALSE,12,0,23,52,24,46,NA,20,62,8,13,7,6,4,2,0,38,5,13,29,0,23,23,2529,s:40~l:54~t:2529,Sacred Heart,Pioneers,a40012,c29472,77,0,36,6,6,42
401813205,2026,1/3/2026,2117,s:40~l:54~t:2117,Central Michigan,Chippewas,CMU,4c0027,fbab18,away,68,TRUE,11,2,21,39,22,57,NA,29,67,16,24,14,16,6,0,0,50,6,12,37,0,16,16,189,s:40~l:54~t:189,Bowling Green,Falcons,fd5000,4f2c1d,56,9,24,23,1,82
401813205,2026,1/3/2026,189,s:40~l:54~t:189,Bowling Green,Falcons,BGSU,fd5000,4f2c1d,home,56,FALSE,8,0,24,29,16,55,NA,25,72,23,32,3,21,9,4,0,6,1,16,45,0,20,20,2117,s:40~l:54~t:2117,Central Michigan,Chippewas,4c0027,fbab18,68,11,30,11,1,9
401812184,2026,1/3/2026,2349,s:40~l:54~t:2349,UMass Lowell,River Hawks,UML,000000,cf1f2f,away,62,FALSE,6,0,9,42,20,48,NA,12,82,14,17,6,15,5,1,0,38,8,21,24,0,17,17,399,s:40~l:54~t:399,UAlbany,Great Danes,3D2777,ffffff,74,1,16,24,5,24
401812184,2026,1/3/2026,399,s:40~l:54~t:399,UAlbany,Great Danes,UALB,3D2777,ffffff,home,74,TRUE,18,1,14,64,27,42,NA,17,70,7,10,14,6,5,1,0,59,13,22,20,0,18,18,2349,s:40~l:54~t:2349,UMass Lowell,River Hawks,000000,cf1f2f,62,0,22,19,5,64
401812183,2026,1/3/2026,311,s:40~l:54~t:311,Maine,Black Bears,ME,127dbe,NA,away,73,FALSE,13,2,13,49,29,59,NA,21,68,13,19,2,9,11,1,0,14,2,14,22,0,10,10,2803,s:40~l:54~t:2803,Bryant,Bulldogs,000000,9f8343,82,13,48,24,8,3
401809065,2026,1/3/2026,2466,s:40~l:54~t:2466,Northwestern State,Lady Demons,NWST,492F91,ed6118,away,50,TRUE,11,0,32,40,19,48,NA,13,63,5,8,8,7,5,3,0,54,7,13,39,0,20,20,2447,s:40~l:54~t:2447,Nicholls,Colonels,C41230,f0f0f0,46,7,20,5,9,67
401809065,2026,1/3/2026,2447,s:40~l:54~t:2447,Nicholls,Colonels,NICH,C41230,f0f0f0,home,46,FALSE,4,4,22,32,18,56,NA,12,62,8,13,4,9,11,1,0,11,2,18,31,0,10,10,2466,s:40~l:54~t:2466,Northwestern State,Lady Demons,492F91,ed6118,50,9,30,17,9,17
401808837,2026,1/3/2026,276,s:40~l:54~t:276,Marshall,Thundering Herd,MRSH,00b140,000000,away,53,TRUE,8,3,26,32,18,56,NA,16,72,13,18,11,15,10,0,0,18,4,22,41,0,14,14,2026,s:40~l:54~t:2026,App State,Mountaineers,000000,ffcd00,48,7,28,14,3,50
401808808,2026,1/3/2026,256,s:40~l:54~t:256,James Madison,Dukes,JMU,450084,cbb677,home,87,TRUE,15,2,28,52,31,60,NA,12,84,16,19,40,10,8,1,0,41,9,22,38,0,17,17,326,s:40~l:54~t:326,Texas State,Bobcats,501214,6a5638,52,16,40,32,0,98
401807974,2026,1/3/2026,2617,s:40~l:54~t:2617,Stephen F. Austin,Ladyjacks,SFA,393996,bec0c2,away,87,TRUE,18,4,33,46,29,63,NA,20,95,18,19,15,16,4,0,0,38,11,29,49,0,19,19,2545,s:40~l:54~t:2545,SE Louisiana,Lady Lions,215732,ffc72c,72,20,34,11,8,28
401807974,2026,1/3/2026,2545,s:40~l:54~t:2545,SE Louisiana,Lady Lions,SELA,215732,ffc72c,home,72,FALSE,12,1,19,38,25,66,NA,13,74,17,23,14,12,10,1,0,24,5,21,31,0,9,9,2617,s:40~l:54~t:2617,Stephen F. Austin,Ladyjacks,393996,bec0c2,87,8,38,18,8,70
401807778,2026,1/3/2026,2453,s:40~l:54~t:2453,North Alabama,Lions,UNA,000000,NA,away,59,FALSE,13,7,21,39,22,57,NA,15,67,8,12,0,15,3,0,0,44,7,16,36,0,17,17,56,s:40~l:54~t:56,Stetson,Hatters,0a5640,56854e,76,8,28,12,0,0
401807778,2026,1/3/2026,56,s:40~l:54~t:56,Stetson,Hatters,STET,0a5640,56854e,home,76,TRUE,17,2,22,48,31,64,NA,18,57,8,14,28,16,10,1,0,38,6,16,38,0,11,11,2453,s:40~l:54~t:2453,North Alabama,Lions,000000,NA,59,13,42,25,0,99
401807777,2026,1/3/2026,288,s:40~l:54~t:288,Lipscomb,Bisons,LIP,20366C,f6b734,away,59,FALSE,8,3,20,38,22,58,NA,17,56,9,16,5,7,6,0,0,26,6,23,27,0,15,15,294,s:40~l:54~t:294,Jacksonville,Dolphins,00523e,NA,72,4,30,16,8,18
401807777,2026,1/3/2026,294,s:40~l:54~t:294,Jacksonville,Dolphins,JAX,00523e,NA,home,72,TRUE,12,1,30,47,28,59,NA,21,50,8,16,23,8,9,1,0,33,8,24,38,0,15,15,288,s:40~l:54~t:288,Lipscomb,Bisons,20366C,f6b734,59,7,38,15,8,78
401807776,2026,1/3/2026,2110,s:40~l:54~t:2110,Central Arkansas,Sugar Bears,CARK,a7a9ac,8e959a,away,51,FALSE,5,3,19,26,16,61,NA,21,68,15,22,0,10,9,0,0,17,4,24,29,0,8,8,526,s:40~l:54~t:526,Florida Gulf Coast,Eagles,00885a,076c3b,64,12,24,21,0,0
401807776,2026,1/3/2026,526,s:40~l:54~t:526,Florida Gulf Coast,Eagles,FGCU,00885a,076c3b,home,64,TRUE,13,4,37,46,19,41,NA,20,72,21,29,19,6,4,1,0,33,5,15,43,0,18,18,2110,s:40~l:54~t:2110,Central Arkansas,Sugar Bears,a7a9ac,8e959a,51,0,26,8,0,98
401807775,2026,1/3/2026,2046,s:40~l:54~t:2046,Austin Peay,Governors,APSU,8e0b0b,NA,away,80,TRUE,16,1,31,48,32,66,NA,14,82,9,11,29,14,7,1,0,33,7,21,45,0,17,17,2454,s:40~l:54~t:2454,North Florida,Ospreys,004B8D,babcbe,55,18,42,20,0,98
401807775,2026,1/3/2026,2454,s:40~l:54~t:2454,North Florida,Ospreys,UNF,004B8D,babcbe,home,55,FALSE,11,3,20,38,20,53,NA,15,64,7,11,0,3,4,0,0,27,8,30,23,0,17,17,2046,s:40~l:54~t:2046,Austin Peay,Governors,8e0b0b,NA,80,2,24,14,0,0
401806531,2026,1/3/2026,88,s:40~l:54~t:88,Southern Indiana,Screaming Eagles,USI,000000,NA,away,65,FALSE,11,3,21,38,23,60,NA,16,87,13,15,3,14,7,0,0,32,6,19,35,0,17,17,2815,s:40~l:54~t:2815,Lindenwood,Lions,000000,NA,75,8,34,14,1,3
401829541,2026,1/3/2026,2940,s:40~l:54~t:2940,Livingstone,Blue Bears,LIV,000000,NA,away,39,FALSE,4,6,20,26,16,62,NA,13,67,6,9,2,14,9,0,0,11,1,9,34,0,20,20,2430,s:40~l:54~t:2430,UNC Greensboro,Spartans,003559,ffd90a,94,6,24,4,3,1
401829528,2026,1/3/2026,50,s:40~l:54~t:50,Florida A&M,Rattlers,FAMU,F89728,00843d,away,56,FALSE,6,6,25,36,21,59,NA,19,68,13,19,12,16,7,2,2,13,1,8,41,2,18,18,2065,s:40~l:54~t:2065,Bethune-Cookman,Wildcats,7b1831,e9aa12,57,11,24,13,5,87
401829033,2026,1/3/2026,45,s:40~l:54~t:45,George Washington,Revolutionaries,GW,002843,e8d2a1,away,52,FALSE,12,5,26,35,17,49,NA,17,70,14,20,2,13,7,1,0,29,4,14,39,0,20,20,2325,s:40~l:54~t:2325,La Salle,Explorers,003356,ffce00,66,2,24,12,2,1
401829033,2026,1/3/2026,2325,s:40~l:54~t:2325,La Salle,Explorers,LAS,003356,ffce00,home,66,TRUE,17,4,22,34,23,67,NA,18,79,15,19,19,19,10,2,0,33,5,15,41,0,13,13,45,s:40~l:54~t:45,George Washington,Revolutionaries,002843,e8d2a1,52,10,26,25,2,94
401829032,2026,1/3/2026,2168,s:40~l:54~t:2168,Dayton,Flyers,DAY,004B8D,ffffff,home,68,TRUE,16,6,21,43,24,56,NA,12,56,10,18,7,11,10,2,0,43,10,23,32,0,14,14,2184,s:40~l:54~t:2184,Duquesne,Dukes,002D62,b90b2e,61,7,26,32,12,34
401827867,2026,1/3/2026,104,s:40~l:54~t:104,Boston University,Terriers,BU,cc0000,ffffff,away,45,FALSE,11,6,31,33,18,54,NA,15,50,6,12,7,12,7,0,0,16,3,19,43,0,16,16,44,s:40~l:54~t:44,American University,Eagles,c41130,c8102e,53,2,28,5,1,20
401827480,2026,1/3/2026,109546,s:40~l:54~t:109546,Bob Jones,Bruins,BOBJ,NA,NA,away,21,FALSE,4,2,17,17,8,46,NA,13,0,0,1,0,6,8,4,0,22,5,23,23,0,41,41,231,s:40~l:54~t:231,Furman,Paladins,582c83,ffffff,106,0,6,3,0,0
401827480,2026,1/3/2026,231,s:40~l:54~t:231,Furman,Paladins,FUR,582c83,ffffff,home,106,TRUE,27,7,33,58,49,84,NA,9,33,5,15,85,24,29,0,0,20,3,15,57,0,17,17,109546,s:40~l:54~t:109546,Bob Jones,Bruins,NA,NA,21,33,86,51,0,99
401825766,2026,1/3/2026,2561,s:40~l:54~t:2561,Siena,Saints,SIE,037961,eea60f,away,94,TRUE,24,6,38,51,35,68,NA,13,77,17,22,22,16,6,2,0,29,7,24,54,0,27,27,314,s:40~l:54~t:314,Iona,Gaels,6f2c3e,f0ab00,80,16,42,16,0,99
401825766,2026,1/3/2026,314,s:40~l:54~t:314,Iona,Gaels,IONA,6f2c3e,f0ab00,home,80,FALSE,25,0,17,38,32,84,NA,25,80,8,10,0,15,12,1,0,28,8,29,32,0,15,15,2561,s:40~l:54~t:2561,Siena,Saints,037961,eea60f,94,9,40,21,0,0
401823067,2026,1/3/2026,107,s:40~l:54~t:107,Holy Cross,Crusaders,HC,582c83,ffffff,away,66,TRUE,17,2,37,42,25,59,NA,12,53,10,19,11,11,8,0,0,32,6,19,48,0,17,17,2426,s:40~l:54~t:2426,Navy,Midshipmen,00225b,b5a67c,55,10,28,13,9,39
401823067,2026,1/3/2026,2426,s:40~l:54~t:2426,Navy,Midshipmen,NAVY,00225b,b5a67c,home,55,FALSE,10,5,27,32,20,63,NA,17,82,9,11,7,7,9,0,0,20,6,30,34,0,13,13,107,s:40~l:54~t:107,Holy Cross,Crusaders,582c83,ffffff,66,3,20,16,9,45
401814610,2026,1/3/2026,2006,s:40~l:54~t:2006,Akron,Zips,AKR,041e42,c5b783,away,56,FALSE,14,2,23,31,21,68,NA,24,75,6,8,3,17,4,1,0,27,8,30,40,0,21,21,195,s:40~l:54~t:195,Ohio,Bobcats,154734,ffffff,73,2,24,12,4,3
401814610,2026,1/3/2026,195,s:40~l:54~t:195,Ohio,Bobcats,OHIO,154734,ffffff,home,73,TRUE,11,7,30,50,26,52,NA,15,68,13,19,17,6,14,0,0,38,8,21,36,0,19,19,2006,s:40~l:54~t:2006,Akron,Zips,041e42,c5b783,56,14,36,28,4,89
401813232,2026,1/3/2026,2649,s:40~l:54~t:2649,Toledo,Rockets,TOL,0b2240,ffcd00,away,55,FALSE,10,3,20,40,19,48,NA,21,85,11,13,2,15,8,1,0,33,6,18,35,0,27,27,193,s:40~l:54~t:193,Miami (OH),RedHawks,c41230,ffffff,63,3,24,25,2,2
401808797,2026,1/3/2026,295,s:40~l:54~t:295,Old Dominion,Monarchs,ODU,003768,a1d2f1,home,73,TRUE,18,3,26,47,27,57,NA,22,62,8,13,7,13,7,0,0,48,11,23,39,0,20,20,2247,s:40~l:54~t:2247,Georgia State,Panthers,0039a6,ffffff,68,10,26,13,7,36
401808753,2026,1/3/2026,2032,s:40~l:54~t:2032,Arkansas State,Red Wolves,ARST,cc092f,000000,away,89,TRUE,18,2,25,43,29,67,NA,25,86,19,22,21,18,15,0,1,32,12,37,43,1,19,19,2433,s:40~l:54~t:2433,UL Monroe,Warhawks,840029,fdb913,71,11,34,22,4,94
401808753,2026,1/3/2026,2433,s:40~l:54~t:2433,UL Monroe,Warhawks,ULM,840029,fdb913,home,71,FALSE,11,2,21,42,24,57,NA,19,64,21,33,2,14,12,0,1,13,2,15,35,1,21,21,2032,s:40~l:54~t:2032,Arkansas State,Red Wolves,cc092f,000000,89,17,38,17,4,3
401825623,2026,1/3/2026,41,s:40~l:54~t:41,UConn,Huskies,CONN,0c2340,a2aaad,home,84,TRUE,25,5,22,46,31,67,NA,9,75,9,12,47,13,20,0,0,43,13,30,35,0,17,17,2550,s:40~l:54~t:2550,Seton Hall,Pirates,0857B1,8a8d8f,48,19,24,35,0,96
401813751,2026,1/3/2026,2612,s:40~l:54~t:2612,Saint Peter's,Peacocks,SPU,004CC2,NA,away,59,FALSE,13,3,27,29,19,65,NA,18,81,13,16,11,12,11,1,0,29,8,28,39,0,10,10,2771,s:40~l:54~t:2771,Merrimack,Warriors,2f4f93,e8c535,67,7,18,11,4,70
401813751,2026,1/3/2026,2771,s:40~l:54~t:2771,Merrimack,Warriors,MRMK,2f4f93,e8c535,home,67,TRUE,14,5,34,39,24,62,NA,13,86,12,14,10,12,6,0,1,25,7,28,46,1,15,15,2612,s:40~l:54~t:2612,Saint Peter's,Peacocks,004CC2,NA,59,8,34,14,4,23
401828809,2026,1/2/2026,2539,s:40~l:54~t:2539,San Francisco,Dons,SF,005a36,ffffff,away,59,TRUE,15,4,32,43,21,49,NA,14,53,10,19,14,9,6,1,0,33,7,21,41,0,18,18,301,s:40~l:54~t:301,San Diego,Toreros,2f99d4,2f99d4,55,10,24,13,0,99
401828809,2026,1/2/2026,301,s:40~l:54~t:301,San Diego,Toreros,USD,2f99d4,2f99d4,home,55,FALSE,12,3,21,35,23,66,NA,17,57,4,7,0,11,8,1,0,26,5,19,32,0,12,12,2539,s:40~l:54~t:2539,San Francisco,Dons,005a36,ffffff,59,11,28,15,0,0
401828808,2026,1/2/2026,2501,s:40~l:54~t:2501,Portland,Pilots,PORT,330072,a8b3ba,home,62,TRUE,12,3,22,41,25,61,NA,18,70,7,10,15,11,14,0,0,23,5,22,33,0,18,18,265,s:40~l:54~t:265,Washington State,Cougars,a60f2d,4d4d4d,49,8,32,28,7,78
401828807,2026,1/2/2026,2492,s:40~l:54~t:2492,Pepperdine,Waves,PEPP,003A72,dc762f,home,60,TRUE,16,3,32,43,21,49,NA,10,72,13,18,17,8,4,1,0,26,5,19,40,0,17,17,2608,s:40~l:54~t:2608,Saint Mary's,Gaels,d80024,003057,52,6,28,10,0,96
401828806,2026,1/2/2026,204,s:40~l:54~t:204,Oregon State,Beavers,ORST,dc4405,000000,home,81,TRUE,18,4,29,56,31,55,NA,14,64,9,14,33,6,6,1,0,56,10,18,35,0,14,14,279,s:40~l:54~t:279,Pacific,Tigers,F47820,c2c3c0,61,9,36,14,0,98
401828804,2026,1/2/2026,2547,s:40~l:54~t:2547,Seattle U,Redhawks,SEA,BF2E1A,c2c3c0,home,59,FALSE,16,4,17,35,22,62,NA,21,67,6,9,0,10,10,1,0,41,9,22,27,0,13,13,2250,s:40~l:54~t:2250,Gonzaga,Bulldogs,041e42,c8102e,85,6,24,15,0,0
401804969,2026,1/2/2026,48,s:40~l:54~t:48,Delaware,Blue Hens,DEL,00539f,ffd200,away,71,FALSE,12,3,27,43,26,60,NA,18,93,14,15,10,11,11,0,0,24,5,21,38,0,21,21,2638,s:40~l:54~t:2638,UTEP,Miners,ff8200,041e42,82,13,34,17,7,33
401804969,2026,1/2/2026,2638,s:40~l:54~t:2638,UTEP,Miners,UTEP,ff8200,041e42,home,82,TRUE,17,3,23,50,32,64,NA,16,59,10,17,15,10,13,0,0,44,8,18,33,0,15,15,48,s:40~l:54~t:48,Delaware,Blue Hens,00539f,ffd200,71,12,44,23,7,60
401804970,2026,1/2/2026,2335,s:40~l:54~t:2335,Liberty,Flames,LIB,0a254e,b72025,away,67,TRUE,9,1,26,43,23,54,NA,10,68,15,22,8,15,10,1,0,32,6,19,41,0,19,19,166,s:40~l:54~t:166,New Mexico State,Aggies,7e141b,231f20,62,11,30,5,5,9
401804977,2026,1/2/2026,2534,s:40~l:54~t:2534,Sam Houston,Bearkats,SHSU,f56423,ffffff,away,67,TRUE,9,2,17,46,24,52,NA,17,56,18,32,8,12,12,0,0,11,1,9,29,0,17,17,2348,s:40~l:54~t:2348,Louisiana Tech,Lady Techsters,003087,cb333b,64,17,40,30,12,48
401804977,2026,1/2/2026,2348,s:40~l:54~t:2348,Louisiana Tech,Lady Techsters,LT,003087,cb333b,home,64,FALSE,20,2,22,49,26,53,NA,24,50,9,18,5,15,8,3,0,21,3,14,37,0,25,25,2534,s:40~l:54~t:2534,Sam Houston,Bearkats,f56423,ffffff,67,10,46,27,12,35
401804972,2026,1/2/2026,98,s:40~l:54~t:98,Western Kentucky,Lady Toppers,WKU,e13a3e,ffffff,away,48,FALSE,7,2,21,37,17,46,NA,11,56,9,16,0,5,5,2,0,29,5,17,26,0,14,14,55,s:40~l:54~t:55,Jacksonville State,Gamecocks,cc0000,000000,75,7,20,6,0,0
401831088,2026,1/2/2026,79,s:40~l:54~t:79,Southern Illinois,Salukis,SIU,85283D,c2c3c0,away,75,FALSE,10,3,22,43,32,74,NA,17,56,5,9,8,12,8,0,0,29,6,21,34,0,8,8,2181,s:40~l:54~t:2181,Drake,Bulldogs,005596,bec0c2,89,2,24,6,9,24
401831088,2026,1/2/2026,2181,s:40~l:54~t:2181,Drake,Bulldogs,DRKE,005596,bec0c2,home,89,TRUE,24,5,32,53,35,66,NA,12,57,13,23,14,16,6,1,0,35,6,17,48,0,13,13,79,s:40~l:54~t:79,Southern Illinois,Salukis,85283D,c2c3c0,75,12,58,6,9,67
401831087,2026,1/2/2026,2287,s:40~l:54~t:2287,Illinois State,Redbirds,ILST,CE1126,ffe716,away,93,FALSE,20,2,30,44,31,71,NA,21,69,20,29,5,7,9,0,0,48,11,23,37,0,12,12,93,s:40~l:54~t:93,Murray State,Racers,002148,000e00,101,10,36,15,8,30
401831087,2026,1/2/2026,93,s:40~l:54~t:93,Murray State,Racers,MUR,002148,000e00,home,101,TRUE,14,6,38,46,36,79,NA,22,80,20,25,12,15,6,2,0,35,9,26,53,0,16,16,2287,s:40~l:54~t:2287,Illinois State,Redbirds,CE1126,ffe716,93,17,44,14,8,57
401824467,2026,1/2/2026,2210,s:40~l:54~t:2210,Elon,Phoenix,ELON,020303,b59a57,home,62,FALSE,12,2,18,39,22,57,NA,16,75,12,16,6,11,9,1,0,32,6,19,29,0,19,19,2405,s:40~l:54~t:2405,Monmouth,Hawks,051844,NA,77,10,30,17,5,26
401824466,2026,1/2/2026,2275,s:40~l:54~t:2275,Hofstra,Pride,HOF,003594,ffc72c,away,55,FALSE,15,1,28,36,22,61,NA,12,50,4,8,10,14,4,3,0,32,7,22,42,0,20,20,232,s:40~l:54~t:232,Charleston,Cougars,7a2531,9e8959,72,2,22,16,10,42
401824465,2026,1/2/2026,2619,s:40~l:54~t:2619,Stony Brook,Seawolves,STBK,990000,NA,away,54,FALSE,11,2,23,31,18,59,NA,13,83,15,18,2,18,5,2,0,17,3,18,41,0,13,13,2261,s:40~l:54~t:2261,Hampton,Lady Pirates,0067AC,NA,63,10,24,6,11,9
401824465,2026,1/2/2026,2261,s:40~l:54~t:2261,Hampton,Lady Pirates,HAMP,0067AC,NA,home,63,TRUE,11,7,25,44,26,59,NA,17,57,4,7,11,12,7,0,0,35,7,20,37,0,10,10,2619,s:40~l:54~t:2619,Stony Brook,Seawolves,990000,NA,54,4,18,11,11,90
401817714,2026,1/2/2026,325,s:40~l:54~t:325,Cleveland State,Vikings,CLE,006633,231f20,away,55,FALSE,14,2,31,42,22,53,NA,12,56,5,9,9,7,9,1,0,50,6,12,38,0,18,18,2739,s:40~l:54~t:2739,Green Bay,Phoenix,006633,ffffff,58,13,32,10,13,56
401817314,2026,1/2/2026,2312,s:40~l:54~t:2312,King (TN),Tornado,KNG,000000,NA,away,47,FALSE,8,6,26,36,20,56,NA,15,100,1,1,8,5,12,1,2,26,6,23,31,2,23,23,2193,s:40~l:54~t:2193,East Tennessee State,Bucs,002d61,ffc423,72,5,22,26,4,35
401817314,2026,1/2/2026,2193,s:40~l:54~t:2193,East Tennessee State,Bucs,ETSU,002d61,ffc423,home,72,TRUE,13,2,31,39,26,67,NA,5,71,12,17,28,17,14,0,0,29,8,28,48,0,19,19,2312,s:40~l:54~t:2312,King (TN),Tornado,000000,NA,47,12,32,20,4,62
401812532,2026,1/2/2026,2681,s:40~l:54~t:2681,Wagner,Seahawks,WAG,00483A,ffffff,home,62,TRUE,13,5,22,51,23,45,NA,21,64,14,22,11,6,9,0,0,14,2,14,28,0,23,23,2130,s:40~l:54~t:2130,Chicago State,Cougars,006700,NA,51,6,36,24,1,55
401804971,2026,1/2/2026,2393,s:40~l:54~t:2393,Middle Tennessee,Blue Raiders,MTSU,036eb7,ffffff,away,60,TRUE,14,1,25,40,21,52,NA,12,87,13,15,15,9,12,2,0,23,5,22,34,0,16,16,338,s:40~l:54~t:338,Kennesaw State,Owls,fdbb30,0b1315,47,6,26,21,1,95
401817712,2026,1/2/2026,2870,s:40~l:54~t:2870,Purdue Fort Wayne,Mastodons,PFW,cfb991,000000,away,84,TRUE,18,3,23,56,32,57,NA,18,76,13,17,29,7,7,0,0,41,7,17,30,0,13,13,2473,s:40~l:54~t:2473,Oakland,Golden Grizzlies,04091c,bc955c,64,3,44,21,0,99
401817712,2026,1/2/2026,2473,s:40~l:54~t:2473,Oakland,Golden Grizzlies,OAK,04091c,bc955c,home,64,FALSE,11,1,20,40,23,58,NA,16,79,11,14,0,11,5,2,0,28,7,25,31,0,19,19,2870,s:40~l:54~t:2870,Purdue Fort Wayne,Mastodons,cfb991,000000,84,8,32,10,0,0
401817711,2026,1/2/2026,94,s:40~l:54~t:94,Northern Kentucky,Norse,NKU,ffc82e,000000,home,63,TRUE,13,3,29,43,23,53,NA,21,59,13,22,25,15,8,1,0,18,4,22,44,0,24,24,85,s:40~l:54~t:85,IU Indianapolis,Jaguars,A81F30,d59f0f,44,6,38,14,1,91
401812496,2026,1/2/2026,2598,s:40~l:54~t:2598,Saint Francis,Red Flash,SFPA,a20012,000000,away,69,FALSE,16,5,21,40,26,65,NA,16,86,12,14,4,15,6,1,0,24,5,21,36,0,14,14,2330,s:40~l:54~t:2330,Le Moyne,Dolphins,000000,NA,73,14,32,17,21,21
401812431,2026,1/2/2026,2385,s:40~l:54~t:2385,Mercyhurst,Lakers,MERC,000000,NA,home,46,FALSE,4,0,19,31,19,61,NA,18,63,5,8,0,5,9,2,0,14,3,21,24,0,9,9,161,s:40~l:54~t:161,Fairleigh Dickinson,Knights,72293c,28334a,68,6,30,10,0,0
401824469,2026,1/2/2026,2097,s:40~l:54~t:2097,Campbell,Fighting Camels,CAM,000000,NA,away,54,FALSE,6,8,25,34,21,61,NA,19,75,9,12,4,18,6,1,0,25,3,12,43,0,16,16,119,s:40~l:54~t:119,Towson,Tigers,FFC229,NA,57,2,32,10,3,21
401812449,2026,1/2/2026,112358,s:40~l:54~t:112358,Long Island University,Sharks,LIU,50c9f7,ffbf00,away,72,TRUE,12,4,29,36,22,61,NA,18,77,17,22,20,11,9,0,0,35,11,31,40,0,14,14,2115,s:40~l:54~t:2115,Central Connecticut,Blue Devils,1B49A2,d1d5d8,56,6,20,29,0,98
401812449,2026,1/2/2026,2115,s:40~l:54~t:2115,Central Connecticut,Blue Devils,CCSU,1B49A2,d1d5d8,home,56,FALSE,5,1,28,36,20,55,NA,19,82,14,17,0,6,7,0,0,17,2,12,34,0,17,17,112358,s:40~l:54~t:112358,Long Island University,Sharks,50c9f7,ffbf00,72,9,28,8,0,0
401831086,2026,1/2/2026,71,s:40~l:54~t:71,Bradley,Braves,BRAD,b70002,c0c0c0,away,57,FALSE,11,1,20,32,20,63,NA,17,56,9,16,0,12,6,0,0,29,8,28,32,0,13,13,2057,s:40~l:54~t:2057,Belmont,Bruins,182142,c9262d,78,4,18,5,0,0
401812811,2026,1/1/2026,27,s:40~l:54~t:27,UC Riverside,Highlanders,UCR,14234F,NA,away,65,TRUE,11,1,28,42,22,53,NA,14,84,16,19,10,8,9,1,0,24,5,21,36,0,15,15,62,s:40~l:54~t:62,Hawai'i,Rainbow Wahine,005737,000000,58,8,28,11,10,75
401812811,2026,1/1/2026,62,s:40~l:54~t:62,Hawai'i,Rainbow Wahine,HAW,005737,000000,home,58,FALSE,7,8,25,38,23,60,NA,20,57,8,14,3,10,9,0,0,20,4,20,35,0,14,14,27,s:40~l:54~t:27,UC Riverside,Highlanders,14234F,NA,65,6,36,18,10,22
401808436,2026,1/1/2026,304,s:40~l:54~t:304,Idaho State,Bengals,IDST,ef8c00,e9a126,away,61,TRUE,8,5,34,46,25,54,NA,16,75,6,8,24,8,6,1,0,42,5,12,42,0,23,23,16,s:40~l:54~t:16,Sacramento State,Hornets,00573C,cdb97d,46,7,32,13,0,97
401808436,2026,1/1/2026,16,s:40~l:54~t:16,Sacramento State,Hornets,SAC,00573C,cdb97d,home,46,FALSE,9,1,20,29,16,56,NA,13,59,10,17,0,10,17,1,0,17,4,24,30,0,16,16,304,s:40~l:54~t:304,Idaho State,Bengals,ef8c00,e9a126,61,4,22,16,0,0
401812813,2026,1/1/2026,2463,s:40~l:54~t:2463,Cal State Northridge,Matadors,CSUN,b50000,NA,home,66,FALSE,13,2,21,38,24,63,NA,14,64,9,14,3,9,12,0,0,31,9,29,30,0,13,13,302,s:40~l:54~t:302,UC Davis,Aggies,002855,c3c4c6,85,6,26,13,1,1
401807536,2026,1/1/2026,201,s:40~l:54~t:201,Oklahoma,Sooners,OU,990000,ffffff,away,72,TRUE,24,2,38,38,30,80,NA,24,78,7,9,28,25,8,0,1,20,5,25,63,1,21,21,245,s:40~l:54~t:245,Texas A&M,Aggies,500000,ffffff,50,12,38,17,2,93
401808446,2026,1/1/2026,149,s:40~l:54~t:149,Montana,Lady Griz,MONT,751D4A,666666,away,72,FALSE,11,0,23,47,27,57,NA,16,61,11,18,4,3,6,0,0,22,7,32,26,0,10,10,2464,s:40~l:54~t:2464,Northern Arizona,Lumberjacks,003976,1b3069,81,9,36,11,11,9
401808446,2026,1/1/2026,2464,s:40~l:54~t:2464,Northern Arizona,Lumberjacks,NAU,003976,1b3069,home,81,TRUE,25,0,30,52,31,60,NA,14,67,8,12,11,9,5,0,0,52,11,21,39,0,14,14,149,s:40~l:54~t:149,Montana,Lady Griz,751D4A,666666,72,7,36,8,11,82
401807534,2026,1/1/2026,251,s:40~l:54~t:251,Texas,Longhorns,TEX,af5c37,ffffff,away,89,TRUE,12,4,13,45,34,75,NA,13,72,13,18,20,21,18,1,0,38,8,21,34,0,11,11,142,s:40~l:54~t:142,Missouri,Tigers,f1b82d,000000,71,13,26,36,3,57
401824286,2026,1/1/2026,2011,s:40~l:54~t:2011,Alabama State,Lady Hornets,ALST,e9a900,0a0a0a,away,71,TRUE,16,2,36,37,26,70,NA,25,64,14,22,8,16,6,0,0,24,5,21,52,0,18,18,2029,s:40~l:54~t:2029,Arkansas-Pine Bluff,Golden Lions,e0aa0f,eaaa00,65,15,42,12,10,44
401824286,2026,1/1/2026,2029,s:40~l:54~t:2029,Arkansas-Pine Bluff,Golden Lions,UAPB,e0aa0f,eaaa00,home,65,FALSE,14,5,32,35,23,66,NA,19,48,13,27,9,15,9,0,1,25,6,24,47,1,18,18,2011,s:40~l:54~t:2011,Alabama State,Lady Hornets,e9a900,0a0a0a,71,5,26,13,10,42
401819588,2026,1/1/2026,228,s:40~l:54~t:228,Clemson,Tigers,CLEM,f56600,ffffff,away,63,FALSE,14,1,16,38,24,63,NA,19,61,11,18,1,17,7,1,0,19,4,21,33,0,9,9,258,s:40~l:54~t:258,Virginia,Cavaliers,f84c1e,232d4b,73,6,34,9,2,1
401819588,2026,1/1/2026,258,s:40~l:54~t:258,Virginia,Cavaliers,UVA,f84c1e,232d4b,home,73,TRUE,18,8,26,50,23,46,NA,17,95,20,21,17,8,5,0,0,35,7,20,34,0,15,15,228,s:40~l:54~t:228,Clemson,Tigers,f56600,ffffff,63,8,30,9,2,97
401808752,2026,1/1/2026,2032,s:40~l:54~t:2032,Arkansas State,Red Wolves,ARST,cc092f,000000,away,91,TRUE,13,3,18,41,30,74,NA,24,81,22,27,11,11,15,2,0,29,9,31,29,0,14,14,2572,s:40~l:54~t:2572,Southern Miss,Lady Eagles,ffc72c,231f20,83,18,40,30,11,33
401808752,2026,1/1/2026,2572,s:40~l:54~t:2572,Southern Miss,Lady Eagles,USM,ffc72c,231f20,home,83,FALSE,10,5,31,45,27,60,NA,19,82,27,33,12,16,8,4,0,11,2,18,47,0,29,29,2032,s:40~l:54~t:2032,Arkansas State,Red Wolves,cc092f,000000,91,27,44,16,11,61
401807769,2026,1/1/2026,2046,s:40~l:54~t:2046,Austin Peay,Governors,APSU,8e0b0b,NA,away,71,TRUE,9,2,27,49,25,51,NA,22,65,15,23,16,9,9,2,0,35,6,17,36,0,22,22,294,s:40~l:54~t:294,Jacksonville,Dolphins,00523e,NA,65,10,36,16,0,99
401807769,2026,1/1/2026,294,s:40~l:54~t:294,Jacksonville,Dolphins,JAX,00523e,NA,home,65,FALSE,12,3,15,41,22,54,NA,21,63,15,24,0,8,8,1,0,30,6,20,23,0,16,16,2046,s:40~l:54~t:2046,Austin Peay,Governors,8e0b0b,NA,71,9,28,11,0,0
401825240,2026,1/1/2026,130,s:40~l:54~t:130,Michigan,Wolverines,MICH,00274c,ffcb05,away,52,FALSE,3,0,16,33,20,60,NA,21,53,9,17,1,11,11,0,0,21,3,14,27,0,13,13,264,s:40~l:54~t:264,Washington,Huskies,33006f,e8d3a2,64,11,28,27,2,2
401819648,2026,1/1/2026,154,s:40~l:54~t:154,Wake Forest,Demon Deacons,WAKE,ceb888,2c2a29,away,74,TRUE,26,4,34,50,29,58,NA,9,67,6,9,19,7,7,0,0,42,10,24,41,0,12,12,221,s:40~l:54~t:221,Pittsburgh,Panthers,003594,ffb81c,55,10,34,8,5,56
401819645,2026,1/1/2026,2390,s:40~l:54~t:2390,Miami,Hurricanes,MIA,f47423,035131,away,75,TRUE,9,2,25,43,31,72,NA,14,58,11,19,8,16,8,0,0,13,2,15,41,0,10,10,259,s:40~l:54~t:259,Virginia Tech,Hokies,6a2c3e,cf4520,67,6,46,18,1,11
401819645,2026,1/1/2026,259,s:40~l:54~t:259,Virginia Tech,Hokies,VT,6a2c3e,cf4520,home,67,FALSE,18,4,26,42,28,66,NA,19,40,2,5,18,13,2,0,0,45,9,20,39,0,16,16,2390,s:40~l:54~t:2390,Miami,Hurricanes,f47423,035131,75,0,24,10,1,80
401819644,2026,1/1/2026,52,s:40~l:54~t:52,Florida State,Seminoles,FSU,782f40,ceb888,away,72,FALSE,15,2,20,38,25,66,NA,23,65,11,17,0,9,16,0,0,38,11,29,29,0,13,13,183,s:40~l:54~t:183,Syracuse,Orange,000e54,ff431b,82,12,28,19,0,0
401819644,2026,1/1/2026,183,s:40~l:54~t:183,Syracuse,Orange,SYR,000e54,ff431b,home,82,TRUE,16,9,34,44,30,68,NA,14,64,18,28,15,22,8,2,0,25,4,16,56,0,20,20,52,s:40~l:54~t:52,Florida State,Seminoles,782f40,ceb888,72,24,48,17,0,99
401812178,2026,1/1/2026,311,s:40~l:54~t:311,Maine,Black Bears,ME,127dbe,NA,away,73,TRUE,11,4,15,53,28,53,NA,9,76,13,17,8,8,8,0,0,25,4,16,23,0,11,11,2349,s:40~l:54~t:2349,UMass Lowell,River Hawks,000000,cf1f2f,65,11,42,26,4,16
401812178,2026,1/1/2026,2349,s:40~l:54~t:2349,UMass Lowell,River Hawks,UML,000000,cf1f2f,home,65,FALSE,10,0,19,54,30,56,NA,13,67,2,3,11,10,5,3,0,23,3,13,29,0,20,20,311,s:40~l:54~t:311,Maine,Black Bears,127dbe,NA,73,2,42,11,4,78
401825243,2026,1/1/2026,2483,s:40~l:54~t:2483,Oregon,Ducks,ORE,00934b,fff41b,home,87,TRUE,22,2,23,52,31,60,NA,15,88,15,17,33,10,13,0,0,53,10,19,33,0,10,10,77,s:40~l:54~t:77,Northwestern,Wildcats,492f92,ffffff,54,24,36,29,5,92
401824262,2026,1/1/2026,2400,s:40~l:54~t:2400,Mississippi Valley State,Devilettes,MVSU,005328,cf2d34,home,74,TRUE,15,5,26,38,24,63,NA,26,70,23,33,2,12,17,1,1,13,3,23,38,1,28,28,2010,s:40~l:54~t:2010,Alabama A&M,Bulldogs,790000,ffffff,72,9,38,32,17,11
401812814,2026,1/1/2026,2934,s:40~l:54~t:2934,Cal State Bakersfield,Roadrunners,CSUB,003BAB,NA,away,63,FALSE,11,1,23,36,21,59,NA,22,75,12,16,1,11,8,1,0,33,9,27,34,0,17,17,300,s:40~l:54~t:300,UC Irvine,Anteaters,002B5C,fec52e,82,5,16,8,4,2
401812814,2026,1/1/2026,300,s:40~l:54~t:300,UC Irvine,Anteaters,UCI,002B5C,fec52e,home,82,TRUE,17,1,27,43,24,56,NA,16,89,25,28,20,9,8,0,0,36,9,25,36,0,11,11,2934,s:40~l:54~t:2934,Cal State Bakersfield,Roadrunners,003BAB,NA,63,6,22,21,4,97
401812812,2026,1/1/2026,2239,s:40~l:54~t:2239,Cal State Fullerton,Titans,CSUF,003767,ff8300,away,62,TRUE,8,1,16,36,26,73,NA,21,73,8,11,6,24,16,0,0,11,2,19,40,0,13,13,2540,s:40~l:54~t:2540,UC Santa Barbara,Gauchos,1e1840,febc11,61,8,44,20,10,25
401812812,2026,1/1/2026,2540,s:40~l:54~t:2540,UC Santa Barbara,Gauchos,UCSB,1e1840,febc11,home,61,FALSE,14,3,25,50,21,42,NA,14,73,8,11,9,6,5,1,0,48,11,23,31,0,27,27,2239,s:40~l:54~t:2239,Cal State Fullerton,Titans,003767,ff8300,62,8,18,14,10,64
401808818,2026,1/1/2026,2653,s:40~l:54~t:2653,Troy,Trojans,TROY,862633,b1b1b1,away,80,TRUE,13,7,42,37,30,81,NA,18,73,11,15,32,18,8,0,0,38,9,24,60,0,15,15,309,s:40~l:54~t:309,Louisiana,Ragin' Cajuns,ce181e,000000,54,14,36,15,0,99
401808818,2026,1/1/2026,309,s:40~l:54~t:309,Louisiana,Ragin' Cajuns,UL,ce181e,000000,home,54,FALSE,8,4,31,29,19,66,NA,17,93,14,15,0,6,7,1,0,11,2,18,37,0,16,16,2653,s:40~l:54~t:2653,Troy,Trojans,862633,b1b1b1,80,10,22,8,0,0
401808768,2026,1/1/2026,276,s:40~l:54~t:276,Marshall,Thundering Herd,MRSH,00b140,000000,away,87,TRUE,18,5,25,40,27,67,NA,27,48,15,31,8,18,8,1,0,35,18,51,43,0,16,16,324,s:40~l:54~t:324,Coastal Carolina,Chanticleers,006f71,a27752,85,2,16,20,24,46
401808768,2026,1/1/2026,324,s:40~l:54~t:324,Coastal Carolina,Chanticleers,CCU,006f71,a27752,home,85,FALSE,9,0,30,39,25,64,NA,23,78,28,36,4,20,9,1,0,39,7,18,50,0,18,18,276,s:40~l:54~t:276,Marshall,Thundering Herd,00b140,000000,87,6,26,10,24,32
401825239,2026,1/1/2026,120,s:40~l:54~t:120,Maryland,Terrapins,MD,ce1126,ffffff,away,70,FALSE,12,1,26,42,25,59,NA,22,76,19,25,7,13,3,0,0,8,1,12,39,0,18,18,356,s:40~l:54~t:356,Illinois,Fighting Illini,ff5f05,13294b,73,9,42,10,5,70
401825239,2026,1/1/2026,356,s:40~l:54~t:356,Illinois,Fighting Illini,ILL,ff5f05,13294b,home,73,TRUE,11,5,19,38,24,63,NA,18,87,20,23,4,11,7,1,0,36,5,14,30,0,12,12,120,s:40~l:54~t:120,Maryland,Terrapins,ce1126,ffffff,70,6,28,12,5,19
401819646,2026,1/1/2026,87,s:40~l:54~t:87,Notre Dame,Fighting Irish,ND,062340,c99700,away,90,FALSE,22,3,22,47,35,74,NA,18,63,12,19,14,14,13,2,0,50,8,16,36,0,16,16,59,s:40~l:54~t:59,Georgia Tech,Yellow Jackets,b3a369,ffffff,95,14,40,23,8,54
401819646,2026,1/1/2026,59,s:40~l:54~t:59,Georgia Tech,Yellow Jackets,GT,b3a369,ffffff,home,95,TRUE,27,1,31,53,35,66,NA,15,83,20,24,7,11,9,0,0,24,5,21,42,0,19,19,87,s:40~l:54~t:87,Notre Dame,Fighting Irish,062340,c99700,90,16,52,20,8,27
401818441,2026,1/1/2026,155,s:40~l:54~t:155,North Dakota,Fighting Hawks,UND,00A26B,c2c3c0,away,57,FALSE,15,4,29,39,21,54,NA,19,83,10,12,6,9,4,2,0,18,5,28,38,0,23,23,2172,s:40~l:54~t:2172,Denver,Pioneers,98002e,a8996e,64,7,28,7,3,23
401818441,2026,1/1/2026,2172,s:40~l:54~t:2172,Denver,Pioneers,DEN,98002e,a8996e,home,64,TRUE,11,2,24,37,25,68,NA,19,73,11,15,11,12,15,1,0,16,3,19,36,0,11,11,155,s:40~l:54~t:155,North Dakota,Fighting Hawks,00A26B,c2c3c0,57,12,38,19,3,76
401805093,2026,1/1/2026,2627,s:40~l:54~t:2627,Tarleton State,Texans,TAR,000000,NA,away,49,FALSE,12,5,23,38,18,48,NA,16,67,10,15,2,16,12,1,0,18,3,17,39,0,29,29,3084,s:40~l:54~t:3084,Utah Valley,Wolverines,004812,e1c736,74,3,28,12,4,9
401807533,2026,1/1/2026,61,s:40~l:54~t:61,Georgia,Lady Bulldogs,UGA,ba0c2f,2c2a29,away,62,FALSE,13,5,24,47,26,55,NA,24,64,7,11,6,5,4,0,0,25,3,12,29,0,16,16,145,s:40~l:54~t:145,Ole Miss,Rebels,13294b,cf142b,79,11,30,9,8,21
401807533,2026,1/1/2026,145,s:40~l:54~t:145,Ole Miss,Rebels,MISS,13294b,cf142b,home,79,TRUE,16,3,27,40,25,62,NA,18,86,24,28,22,14,6,1,0,24,5,21,41,0,10,10,61,s:40~l:54~t:61,Georgia,Lady Bulldogs,ba0c2f,2c2a29,62,6,24,22,8,72
401824395,2026,1/1/2026,2504,s:40~l:54~t:2504,Prairie View A&M,Lady Panthers,PV,582c83,eaaa00,away,55,FALSE,11,7,28,49,21,43,NA,15,69,11,16,3,1,6,0,1,15,2,13,29,1,25,25,2582,s:40~l:54~t:2582,Southern,Jaguars,004B97,ffc82d,70,15,26,12,1,7
401824395,2026,1/1/2026,2582,s:40~l:54~t:2582,Southern,Jaguars,SOU,004B97,ffc82d,home,70,TRUE,11,2,23,38,30,80,NA,20,73,8,11,21,25,17,1,1,18,2,11,48,1,15,15,2504,s:40~l:54~t:2504,Prairie View A&M,Lady Panthers,582c83,eaaa00,55,20,46,33,1,90
401818443,2026,1/1/2026,2900,s:40~l:54~t:2900,St. Thomas-Minnesota,Tommies,STMN,000000,NA,away,49,FALSE,11,4,21,38,21,55,NA,11,25,2,8,3,11,5,1,0,24,5,21,32,0,14,14,2571,s:40~l:54~t:2571,South Dakota State,Jackrabbits,0033a0,ffd100,67,2,32,11,7,16
401818443,2026,1/1/2026,2571,s:40~l:54~t:2571,South Dakota State,Jackrabbits,SDST,0033a0,ffd100,home,67,TRUE,16,1,27,47,27,58,NA,13,82,9,11,18,12,6,0,0,20,4,20,39,0,12,12,2900,s:40~l:54~t:2900,St. Thomas-Minnesota,Tommies,000000,NA,49,4,46,21,7,81
401813750,2026,1/1/2026,2363,s:40~l:54~t:2363,Manhattan,Jaspers,MAN,4f8537,b5b7ba,away,60,TRUE,17,6,37,40,23,58,NA,13,69,11,16,21,14,9,1,0,18,3,17,51,0,20,20,2612,s:40~l:54~t:2612,Saint Peter's,Peacocks,004CC2,NA,45,8,40,10,1,85
401813750,2026,1/1/2026,2612,s:40~l:54~t:2612,Saint Peter's,Peacocks,SPU,004CC2,NA,home,45,FALSE,10,4,23,29,17,58,NA,14,41,7,17,6,8,12,0,0,16,4,25,31,0,14,14,2363,s:40~l:54~t:2363,Manhattan,Jaspers,4f8537,b5b7ba,60,5,20,8,1,10
401812815,2026,1/1/2026,13,s:40~l:54~t:13,Cal Poly,Mustangs,CP,1E4D2B,eed897,away,54,FALSE,14,2,26,35,20,57,NA,21,83,10,12,0,10,3,0,0,27,4,15,36,0,16,16,28,s:40~l:54~t:28,UC San Diego,Tritons,000000,ffcd00,75,6,26,3,0,0
401812815,2026,1/1/2026,28,s:40~l:54~t:28,UC San Diego,Tritons,UCSD,000000,ffcd00,home,75,TRUE,17,3,26,45,29,65,NA,18,69,9,13,28,12,9,0,0,28,8,29,38,0,12,12,13,s:40~l:54~t:13,Cal Poly,Mustangs,1E4D2B,eed897,54,20,36,21,0,96
401808828,2026,1/1/2026,2433,s:40~l:54~t:2433,UL Monroe,Warhawks,ULM,840029,fdb913,home,61,TRUE,12,0,28,39,24,61,NA,16,83,10,12,26,17,13,4,0,23,3,13,45,0,21,21,6,s:40~l:54~t:6,South Alabama,Jaguars,00205b,bf0d3e,44,8,34,15,1,96
401807509,2026,1/1/2026,333,s:40~l:54~t:333,Alabama,Crimson Tide,ALA,9e1b32,ffffff,away,57,FALSE,13,10,22,37,22,60,NA,14,67,4,6,0,7,3,2,0,31,9,29,29,0,16,16,2579,s:40~l:54~t:2579,South Carolina,Gamecocks,73000a,000000,83,4,18,11,0,0
401807509,2026,1/1/2026,2579,s:40~l:54~t:2579,South Carolina,Gamecocks,SC,73000a,000000,home,83,TRUE,15,4,33,50,32,64,NA,12,82,14,17,32,10,9,0,0,38,5,13,43,0,9,9,333,s:40~l:54~t:333,Alabama,Crimson Tide,9e1b32,ffffff,57,25,40,20,0,98
401807511,2026,1/1/2026,8,s:40~l:54~t:8,Arkansas,Razorbacks,ARK,a32136,ffffff,home,71,FALSE,5,3,23,48,25,52,NA,17,82,14,17,6,8,7,2,0,37,7,19,31,0,22,22,238,s:40~l:54~t:238,Vanderbilt,Commodores,000000,cfae70,88,18,30,14,4,7
401819647,2026,1/1/2026,97,s:40~l:54~t:97,Louisville,Cardinals,LOU,c9001f,ffffff,home,91,TRUE,18,4,26,49,36,74,NA,11,91,10,11,42,15,12,0,0,33,9,27,41,0,11,11,2567,s:40~l:54~t:2567,SMU,Mustangs,a80000,0033a1,58,6,44,22,0,96
401825242,2026,1/1/2026,158,s:40~l:54~t:158,Nebraska,Cornhuskers,NEB,e31937,ffffff,away,76,FALSE,11,1,21,50,29,58,NA,22,80,12,15,10,10,8,2,0,30,6,20,31,0,18,18,2294,s:40~l:54~t:2294,Iowa,Hawkeyes,231f20,fcd116,86,7,34,16,7,36
401825242,2026,1/1/2026,2294,s:40~l:54~t:2294,Iowa,Hawkeyes,IOWA,231f20,fcd116,home,86,TRUE,20,3,20,49,28,57,NA,15,82,23,28,13,10,8,0,0,35,7,20,30,0,14,14,158,s:40~l:54~t:158,Nebraska,Cornhuskers,e31937,ffffff,76,14,40,22,7,51
401807512,2026,1/1/2026,57,s:40~l:54~t:57,Florida,Gators,FLA,0021a5,fa4616,away,65,FALSE,10,6,21,43,26,60,NA,16,70,7,10,4,5,11,0,0,26,6,23,26,0,16,16,2633,s:40~l:54~t:2633,Tennessee,Lady Volunteers,ff8200,ffffff,76,26,38,15,4,10
401807512,2026,1/1/2026,2633,s:40~l:54~t:2633,Tennessee,Lady Volunteers,TENN,ff8200,ffffff,home,76,TRUE,12,2,29,39,26,66,NA,17,79,19,24,17,20,10,1,0,20,5,25,49,0,17,17,57,s:40~l:54~t:57,Florida,Gators,0021a5,fa4616,65,17,38,19,4,84
401831085,2026,1/1/2026,2674,s:40~l:54~t:2674,Valparaiso,Beacons,VAL,794500,NA,away,78,FALSE,11,2,32,39,22,57,NA,22,79,23,29,5,9,8,1,0,41,11,27,41,0,19,19,282,s:40~l:54~t:282,Indiana State,Sycamores,00669a,f0f0f0,88,16,20,14,7,19
401831085,2026,1/1/2026,282,s:40~l:54~t:282,Indiana State,Sycamores,INST,00669a,f0f0f0,home,88,TRUE,15,4,28,41,30,74,NA,18,79,22,28,21,15,10,0,0,24,6,25,43,0,12,12,2674,s:40~l:54~t:2674,Valparaiso,Beacons,794500,NA,78,33,32,20,7,76
401829373,2026,1/1/2026,2771,s:40~l:54~t:2771,Merrimack,Warriors,MRMK,2f4f93,e8c535,away,72,TRUE,14,3,27,45,26,58,NA,14,78,14,18,20,7,8,0,0,30,6,20,34,0,11,11,2520,s:40~l:54~t:2520,Rider,Broncs,a80532,ebebeb,54,8,40,20,3,51
401829373,2026,1/1/2026,2520,s:40~l:54~t:2520,Rider,Broncs,RID,a80532,ebebeb,home,54,FALSE,10,6,27,31,18,58,NA,16,67,10,15,12,15,7,1,0,22,8,36,42,0,19,19,2771,s:40~l:54~t:2771,Merrimack,Warriors,2f4f93,e8c535,72,4,20,7,3,38
401825621,2026,1/1/2026,305,s:40~l:54~t:305,DePaul,Blue Demons,DEP,2d649c,ce1125,away,58,FALSE,15,0,18,35,22,63,NA,16,60,9,15,0,15,9,1,0,26,5,19,33,0,20,20,2599,s:40~l:54~t:2599,St. John's,Red Storm,d10000,101010,75,14,26,12,0,0
401825621,2026,1/1/2026,2599,s:40~l:54~t:2599,St. John's,Red Storm,SJU,d10000,101010,home,75,TRUE,13,12,27,58,28,48,NA,15,83,15,18,23,2,11,0,0,31,4,13,29,0,21,21,305,s:40~l:54~t:305,DePaul,Blue Demons,2d649c,ce1125,58,13,42,12,0,98
401825244,2026,1/1/2026,275,s:40~l:54~t:275,Wisconsin,Badgers,WIS,a00000,ffffff,away,70,TRUE,16,4,22,45,24,53,NA,15,83,10,12,7,7,6,0,0,48,12,25,29,0,12,12,164,s:40~l:54~t:164,Rutgers,Scarlet Knights,ce0e2d,ffffff,63,11,16,11,1,4
401825244,2026,1/1/2026,164,s:40~l:54~t:164,Rutgers,Scarlet Knights,RUTG,ce0e2d,ffffff,home,63,FALSE,16,4,23,39,23,59,NA,15,88,7,8,21,14,6,2,1,42,10,24,37,1,14,14,275,s:40~l:54~t:275,Wisconsin,Badgers,a00000,ffffff,70,9,20,15,1,90
401819562,2026,1/1/2026,24,s:40~l:54~t:24,Stanford,Cardinal,STAN,8c1515,ffffff,away,46,FALSE,5,1,23,30,18,60,NA,19,60,6,10,4,12,7,1,0,17,4,23,35,0,21,21,152,s:40~l:54~t:152,NC State,Wolfpack,cc0000,ffffff,74,7,24,10,3,15
401819562,2026,1/1/2026,152,s:40~l:54~t:152,NC State,Wolfpack,NCSU,cc0000,ffffff,home,74,TRUE,12,8,31,47,28,60,NA,11,82,14,17,31,11,9,1,0,44,4,9,42,0,16,16,24,s:40~l:54~t:24,Stanford,Cardinal,8c1515,ffffff,46,11,34,24,3,81
401813921,2026,1/1/2026,314,s:40~l:54~t:314,Iona,Gaels,IONA,6f2c3e,f0ab00,away,54,FALSE,11,1,18,35,19,54,NA,15,92,12,13,0,11,3,2,0,19,4,21,29,0,19,19,2514,s:40~l:54~t:2514,Quinnipiac,Bobcats,041B43,NA,80,0,24,4,0,0
401813916,2026,1/1/2026,2561,s:40~l:54~t:2561,Siena,Saints,SIE,037961,eea60f,home,69,TRUE,16,2,32,33,20,61,NA,17,78,21,27,13,19,12,0,0,29,8,28,51,0,22,22,116,s:40~l:54~t:116,Mount St. Mary's,Mountaineers,005596,ebebeb,59,14,18,13,6,88
401813881,2026,1/1/2026,2099,s:40~l:54~t:2099,Canisius,Golden Griffins,CAN,004a81,dda50f,away,43,FALSE,10,0,26,35,17,49,NA,19,86,6,7,0,6,9,3,0,19,3,16,32,0,24,24,2217,s:40~l:54~t:2217,Fairfield,Stags,000000,ebebeb,72,5,24,10,0,0
401813881,2026,1/1/2026,2217,s:40~l:54~t:2217,Fairfield,Stags,FAIR,000000,ebebeb,home,72,TRUE,19,2,26,46,27,59,NA,9,60,9,15,29,10,9,0,0,32,9,28,36,0,14,14,2099,s:40~l:54~t:2099,Canisius,Golden Griffins,004a81,dda50f,43,13,36,25,0,95
401813809,2026,1/1/2026,315,s:40~l:54~t:315,Niagara,Purple Eagles,NIA,69207E,f0f0f0,away,53,FALSE,9,3,12,38,21,56,NA,16,40,6,15,0,14,14,0,0,29,5,17,26,0,25,25,2529,s:40~l:54~t:2529,Sacred Heart,Pioneers,a40012,c29472,84,9,26,20,0,0
401812181,2026,1/1/2026,399,s:40~l:54~t:399,UAlbany,Great Danes,UALB,3D2777,ffffff,home,56,FALSE,12,0,18,47,22,47,NA,14,80,8,10,2,6,5,1,0,33,4,12,24,0,15,15,261,s:40~l:54~t:261,Vermont,Catamounts,154734,ffc72c,72,0,30,13,2,4
401808796,2026,1/1/2026,256,s:40~l:54~t:256,James Madison,Dukes,JMU,450084,cbb677,home,84,TRUE,18,3,35,46,29,63,NA,18,58,18,31,27,18,7,1,1,35,8,23,53,1,17,17,2247,s:40~l:54~t:2247,Georgia State,Panthers,0039a6,ffffff,64,13,42,17,2,89
401808782,2026,1/1/2026,295,s:40~l:54~t:295,Old Dominion,Monarchs,ODU,003768,a1d2f1,home,87,TRUE,11,7,35,43,31,72,NA,23,74,20,27,14,18,9,3,0,26,5,19,53,0,18,18,290,s:40~l:54~t:290,Georgia Southern,Eagles,041e42,a3aaae,84,13,46,14,6,81
401807772,2026,1/1/2026,2453,s:40~l:54~t:2453,North Alabama,Lions,UNA,000000,NA,away,44,FALSE,11,4,19,33,18,55,NA,20,44,4,9,7,14,10,1,0,17,4,23,33,0,16,16,526,s:40~l:54~t:526,Florida Gulf Coast,Eagles,00885a,076c3b,51,7,24,6,5,44
401807772,2026,1/1/2026,526,s:40~l:54~t:526,Florida Gulf Coast,Eagles,FGCU,00885a,076c3b,home,51,TRUE,7,4,24,36,17,47,NA,11,55,11,20,9,13,9,1,0,32,6,19,37,0,17,17,2453,s:40~l:54~t:2453,North Alabama,Lions,000000,NA,44,5,18,8,5,51
401807771,2026,1/1/2026,288,s:40~l:54~t:288,Lipscomb,Bisons,LIP,20366C,f6b734,away,67,TRUE,9,5,23,41,24,58,NA,13,71,12,17,6,9,14,0,0,30,7,23,32,0,17,17,2454,s:40~l:54~t:2454,North Florida,Ospreys,004B8D,babcbe,65,7,34,14,5,37
401807771,2026,1/1/2026,2454,s:40~l:54~t:2454,North Florida,Ospreys,UNF,004B8D,babcbe,home,65,FALSE,13,4,27,44,25,57,NA,17,80,8,10,9,6,13,2,0,30,7,23,33,0,20,20,288,s:40~l:54~t:288,Lipscomb,Bisons,20366C,f6b734,67,12,36,18,5,51
401806529,2026,1/1/2026,2710,s:40~l:54~t:2710,Western Illinois,Leathernecks,WIU,4e1e8a,ffc90a,away,78,FALSE,15,4,36,30,23,76,NA,20,89,24,27,5,19,8,0,0,26,8,31,55,0,18,18,2630,s:40~l:54~t:2630,UT Martin,Skyhawks,FF6700,102a5c,86,11,22,9,18,25
401806528,2026,1/1/2026,88,s:40~l:54~t:88,Southern Indiana,Screaming Eagles,USI,000000,NA,away,70,TRUE,19,1,28,47,27,58,NA,16,72,13,18,20,6,9,0,0,30,3,10,34,0,8,8,2565,s:40~l:54~t:2565,SIU Edwardsville,Cougars,eb1c23,080808,55,18,38,13,3,87
401827304,2026,1/1/2026,277,s:40~l:54~t:277,West Virginia,Mountaineers,WVU,eaaa00,002855,away,79,TRUE,16,7,17,50,27,54,NA,18,80,12,15,17,9,13,0,0,48,13,27,26,0,17,17,2305,s:40~l:54~t:2305,Kansas,Jayhawks,0051ba,e8000d,72,8,24,28,13,41
401827304,2026,1/1/2026,2305,s:40~l:54~t:2305,Kansas,Jayhawks,KU,0051ba,e8000d,home,72,FALSE,15,1,18,51,25,49,NA,16,83,15,18,6,9,8,2,0,50,7,14,27,0,22,22,277,s:40~l:54~t:277,West Virginia,Mountaineers,eaaa00,002855,79,4,28,20,13,48
401825622,2026,1/1/2026,269,s:40~l:54~t:269,Marquette,Golden Eagles,MARQ,003366,ffcc00,away,67,TRUE,18,5,32,46,25,54,NA,13,73,11,15,18,12,8,3,0,35,6,17,44,0,23,23,2752,s:40~l:54~t:2752,Xavier,Musketeers,21304e,a5a7a8,54,22,34,16,0,95
401825622,2026,1/1/2026,2752,s:40~l:54~t:2752,Xavier,Musketeers,XAV,21304e,a5a7a8,home,54,FALSE,12,2,17,34,20,59,NA,12,80,12,15,0,7,13,0,0,14,2,14,24,0,11,11,269,s:40~l:54~t:269,Marquette,Golden Eagles,003366,ffcc00,67,9,30,21,0,0
401819643,2026,1/1/2026,25,s:40~l:54~t:25,California,Golden Bears,CAL,041e42,ffc72c,away,55,FALSE,14,2,23,42,22,52,NA,16,80,4,5,5,6,4,0,0,37,7,19,29,0,22,22,153,s:40~l:54~t:153,North Carolina,Tar Heels,7bafd4,13294b,71,2,26,13,2,39
401819643,2026,1/1/2026,153,s:40~l:54~t:153,North Carolina,Tar Heels,UNC,7bafd4,13294b,home,71,TRUE,16,3,22,48,30,63,NA,14,73,8,11,18,10,12,0,0,21,3,14,32,0,11,11,25,s:40~l:54~t:25,California,Golden Bears,041e42,ffc72c,55,12,50,19,2,51
401825241,2026,1/1/2026,127,s:40~l:54~t:127,Michigan State,Spartans,MSU,173f35,ffffff,away,80,TRUE,17,2,22,53,29,55,NA,18,88,14,16,22,10,4,0,0,47,8,17,32,0,16,16,84,s:40~l:54~t:84,Indiana,Hoosiers,970310,ffffff,60,15,34,24,6,84
401825241,2026,1/1/2026,84,s:40~l:54~t:84,Indiana,Hoosiers,IU,970310,ffffff,home,60,FALSE,12,0,14,41,22,54,NA,18,91,10,11,3,10,6,0,0,27,6,22,24,0,16,16,127,s:40~l:54~t:127,Michigan State,Spartans,173f35,ffffff,80,6,30,16,6,6
401825620,2026,1/1/2026,156,s:40~l:54~t:156,Creighton,Bluejays,CREI,005ca9,6cadde,away,64,FALSE,13,7,23,41,25,61,NA,11,30,3,10,8,13,6,0,0,39,11,28,36,0,14,14,222,s:40~l:54~t:222,Villanova,Wildcats,00205b,13b5ea,74,7,26,10,1,22
401807770,2026,1/1/2026,2110,s:40~l:54~t:2110,Central Arkansas,Sugar Bears,CARK,a7a9ac,8e959a,away,65,TRUE,10,2,29,41,24,59,NA,20,90,9,10,28,15,6,2,0,33,8,24,44,0,16,16,56,s:40~l:54~t:56,Stetson,Hatters,0a5640,56854e,43,9,28,18,6,72
401807770,2026,1/1/2026,56,s:40~l:54~t:56,Stetson,Hatters,STET,0a5640,56854e,home,43,FALSE,6,3,20,27,14,52,NA,15,63,12,19,3,8,6,2,0,19,3,16,28,0,16,16,2110,s:40~l:54~t:2110,Central Arkansas,Sugar Bears,a7a9ac,8e959a,65,4,20,8,6,19
401827297,2026,12/31/2025,2628,s:40~l:54~t:2628,TCU,Horned Frogs,TCU,4d1979,ffffff,away,72,TRUE,18,5,30,45,24,53,NA,7,84,16,19,25,7,6,0,0,31,8,26,37,0,15,15,252,s:40~l:54~t:252,BYU,Cougars,0047ba,002e5d,48,14,28,9,0,99
401827297,2026,12/31/2025,252,s:40~l:54~t:252,BYU,Cougars,BYU,0047ba,002e5d,home,48,FALSE,8,3,23,30,18,60,NA,15,58,7,12,0,14,10,3,0,22,5,23,37,0,17,17,2628,s:40~l:54~t:2628,TCU,Horned Frogs,4d1979,ffffff,72,5,22,6,0,0
401827298,2026,12/31/2025,12,s:40~l:54~t:12,Arizona,Wildcats,ARIZ,cc0033,003366,away,56,FALSE,10,1,19,37,20,54,NA,21,67,10,15,0,11,5,1,0,33,6,18,30,0,18,18,38,s:40~l:54~t:38,Colorado,Buffaloes,cfb87c,000000,75,11,22,11,0,0
401827298,2026,12/31/2025,38,s:40~l:54~t:38,Colorado,Buffaloes,COLO,cfb87c,000000,home,75,TRUE,20,4,26,45,26,58,NA,15,76,19,25,21,15,6,1,0,22,4,18,41,0,13,13,12,s:40~l:54~t:12,Arizona,Wildcats,cc0033,003366,56,13,34,28,0,97
401827302,2026,12/31/2025,2116,s:40~l:54~t:2116,UCF,Knights,UCF,000000,b4a169,away,55,FALSE,11,5,27,37,19,51,NA,17,82,14,17,0,11,3,2,0,27,3,11,38,0,20,20,2641,s:40~l:54~t:2641,Texas Tech,Lady Raiders,da291c,000000,73,7,22,9,0,0
401827302,2026,12/31/2025,2641,s:40~l:54~t:2641,Texas Tech,Lady Raiders,TTU,da291c,000000,home,73,TRUE,17,4,22,44,28,63,NA,15,71,10,14,20,11,9,0,0,28,7,25,33,0,9,9,2116,s:40~l:54~t:2116,UCF,Knights,000000,b4a169,55,14,34,20,0,94
401818440,2026,12/31/2025,2437,s:40~l:54~t:2437,Omaha,Mavericks,OMA,e3193e,474648,away,59,FALSE,15,4,19,38,20,52,NA,15,67,10,15,10,8,2,1,0,36,9,25,27,0,16,16,140,s:40~l:54~t:140,Kansas City,Roos,004b87,ffc72c,61,16,14,11,7,48
401818440,2026,12/31/2025,140,s:40~l:54~t:140,Kansas City,Roos,KC,004b87,ffc72c,home,61,TRUE,13,1,25,43,25,58,NA,15,57,8,14,8,15,8,0,0,18,3,17,40,0,17,17,2437,s:40~l:54~t:2437,Omaha,Mavericks,e3193e,474648,59,6,32,11,7,35
401829565,2026,12/31/2025,2440,s:40~l:54~t:2440,Nevada,Wolf Pack,NEV,041e42,8a8d8f,away,62,FALSE,8,2,20,38,23,60,NA,16,68,13,19,2,13,7,0,0,19,3,16,33,0,11,11,68,s:40~l:54~t:68,Boise State,Broncos,0033a0,d64309,74,5,34,18,6,6
401829565,2026,12/31/2025,68,s:40~l:54~t:68,Boise State,Broncos,BOIS,0033a0,d64309,home,74,TRUE,20,3,26,48,29,61,NA,16,89,8,9,16,12,3,0,0,44,8,18,38,0,13,13,2440,s:40~l:54~t:2440,Nevada,Wolf Pack,041e42,8a8d8f,62,4,26,9,6,93
401827553,2026,12/31/2025,21,s:40~l:54~t:21,San Diego State,Aztecs,SDSU,a6192e,000000,home,62,TRUE,14,3,32,42,24,57,NA,9,55,6,11,18,9,3,1,0,32,8,25,41,0,13,13,2005,s:40~l:54~t:2005,Air Force,Falcons,003594,ffffff,51,7,30,13,3,93
401827303,2026,12/31/2025,9,s:40~l:54~t:9,Arizona State,Sun Devils,ASU,ffc627,8c1d40,away,69,TRUE,14,3,24,41,24,58,NA,19,85,17,20,5,6,6,0,0,29,4,14,30,0,10,10,254,s:40~l:54~t:254,Utah,Utes,be0000,ffffff,68,6,30,18,20,51
401827303,2026,12/31/2025,254,s:40~l:54~t:254,Utah,Utes,UTAH,be0000,ffffff,home,68,FALSE,16,1,30,40,23,58,NA,20,86,12,14,7,10,6,1,0,40,10,25,40,0,14,14,9,s:40~l:54~t:9,Arizona State,Sun Devils,ffc627,8c1d40,69,2,24,11,20,30
401825618,2026,12/31/2025,41,s:40~l:54~t:41,UConn,Huskies,CONN,0c2340,a2aaad,away,90,TRUE,24,5,24,55,33,60,NA,19,75,12,16,38,12,16,1,0,46,12,26,36,0,21,21,2507,s:40~l:54~t:2507,Providence,Friars,000000,a3a19e,53,13,38,41,2,97
401825618,2026,12/31/2025,2507,s:40~l:54~t:2507,Providence,Friars,PROV,000000,a3a19e,home,53,FALSE,8,2,16,35,17,48,NA,17,69,11,16,1,9,12,3,0,42,8,19,25,0,30,30,41,s:40~l:54~t:41,UConn,Huskies,0c2340,a2aaad,90,9,14,8,2,2
401827301,2026,12/31/2025,239,s:40~l:54~t:239,Baylor,Bears,BAY,154734,ffb81c,away,77,TRUE,17,4,26,42,25,60,NA,17,80,20,25,10,8,6,1,0,35,7,20,34,0,13,13,197,s:40~l:54~t:197,Oklahoma State,Cowgirls,fe5c00,000000,68,14,26,21,2,35
401827301,2026,12/31/2025,197,s:40~l:54~t:197,Oklahoma State,Cowgirls,OKST,fe5c00,000000,home,68,FALSE,10,0,27,41,26,64,NA,24,65,11,17,19,12,5,1,0,19,5,26,39,0,16,16,239,s:40~l:54~t:239,Baylor,Bears,154734,ffb81c,77,6,40,18,2,58
401831294,2026,12/31/2025,167,s:40~l:54~t:167,New Mexico,Lobos,UNM,ba0c2f,a7a8aa,home,62,TRUE,11,2,25,36,22,61,NA,10,100,10,10,14,17,11,0,0,35,8,23,42,0,15,15,2751,s:40~l:54~t:2751,Wyoming,Cowgirls,492f24,ffc425,48,5,28,12,8,86
401831293,2026,12/31/2025,2439,s:40~l:54~t:2439,UNLV,Lady Rebels,UNLV,cf0a2c,cac8c8,home,85,TRUE,19,1,27,53,31,59,NA,14,76,16,21,28,11,6,0,0,39,7,18,38,0,13,13,278,s:40~l:54~t:278,Fresno State,Bulldogs,b1102b,13284c,59,8,38,10,3,86
401829024,2026,12/31/2025,2350,s:40~l:54~t:2350,Loyola Chicago,Ramblers,LUC,9d1244,NA,home,50,FALSE,8,3,25,38,19,50,NA,13,64,9,14,0,8,9,1,0,30,3,10,33,0,18,18,2166,s:40~l:54~t:2166,Davidson,Wildcats,000000,e51837,62,6,32,17,0,0
401828038,2026,12/31/2025,2429,s:40~l:54~t:2429,Charlotte,49ers,CLT,005035,a49665,home,62,TRUE,11,6,35,35,23,66,NA,13,68,13,19,14,20,7,1,0,19,3,16,55,0,23,23,235,s:40~l:54~t:235,Memphis,Tigers,004991,8e908f,49,16,38,12,10,76
401823968,2026,12/31/2025,2127,s:40~l:54~t:2127,Charleston Southern,Buccaneers,CHSO,2e3192,ded090,home,60,TRUE,7,0,25,37,20,54,NA,12,78,14,18,11,9,10,1,0,24,6,25,34,0,14,14,2908,s:40~l:54~t:2908,South Carolina Upstate,Spartans,008545,000000,49,11,22,22,7,43
401808005,2026,12/31/2025,2447,s:40~l:54~t:2447,Nicholls,Colonels,NICH,C41230,f0f0f0,away,66,TRUE,20,2,31,34,23,68,NA,20,65,15,23,24,10,9,0,0,29,5,17,41,0,5,5,292,s:40~l:54~t:292,UT Rio Grande Valley,Vaqueros,dc6000,e1732d,56,8,30,19,6,94
401808005,2026,12/31/2025,292,s:40~l:54~t:292,UT Rio Grande Valley,Vaqueros,RGV,dc6000,e1732d,home,56,FALSE,11,1,39,29,16,56,NA,22,81,17,21,1,13,3,0,0,24,7,29,52,0,21,21,2447,s:40~l:54~t:2447,Nicholls,Colonels,C41230,f0f0f0,66,6,16,5,6,4
401829369,2026,12/31/2025,2754,s:40~l:54~t:2754,Youngstown State,Penguins,YSU,E51937,690717,home,97,TRUE,26,7,40,59,39,66,NA,13,77,10,13,78,12,12,0,0,38,9,24,52,0,14,14,108810,s:40~l:54~t:108810,Salem University,Tigers,NA,NA,20,30,54,29,0,99
401825238,2026,12/31/2025,26,s:40~l:54~t:26,UCLA,Bruins,UCLA,2774ae,f2a900,away,97,TRUE,27,0,24,53,36,68,NA,16,80,16,20,38,11,6,0,0,50,9,18,35,0,8,8,213,s:40~l:54~t:213,Penn State,Lady Lions,061440,ffffff,61,10,46,24,0,99
401827299,2026,12/31/2025,66,s:40~l:54~t:66,Iowa State,Cyclones,ISU,ae192d,ffc72a,away,80,TRUE,24,1,28,53,34,64,NA,15,57,4,7,19,10,2,0,0,50,8,16,38,0,15,15,248,s:40~l:54~t:248,Houston,Cougars,c8102e,ffffff,62,0,52,16,4,81
401829030,2026,12/31/2025,2670,s:40~l:54~t:2670,VCU,Rams,VCU,ffaf00,000000,away,45,FALSE,5,1,22,29,15,51,NA,18,100,10,10,4,6,10,1,0,29,5,17,28,0,17,17,2603,s:40~l:54~t:2603,Saint Joseph's,Hawks,9e1b32,6c6f70,55,4,20,11,4,10
401829030,2026,12/31/2025,2603,s:40~l:54~t:2603,Saint Joseph's,Hawks,JOES,9e1b32,6c6f70,home,55,TRUE,18,3,28,40,19,48,NA,13,64,14,22,12,11,6,1,0,14,3,21,39,0,21,21,2670,s:40~l:54~t:2670,VCU,Rams,ffaf00,000000,45,6,28,17,4,85
401827877,2026,12/31/2025,322,s:40~l:54~t:322,Lafayette,Leopards,LAF,790000,a59474,away,57,FALSE,9,4,27,37,20,54,NA,14,63,10,16,3,5,3,0,0,30,7,23,32,0,9,9,2142,s:40~l:54~t:2142,Colgate,Raiders,821019,ffffff,63,4,14,6,7,14
401827300,2026,12/31/2025,2132,s:40~l:54~t:2132,Cincinnati,Bearcats,CIN,000000,e00122,away,52,FALSE,8,3,30,31,20,65,NA,15,60,9,15,7,22,8,4,0,17,3,18,52,0,30,30,2306,s:40~l:54~t:2306,Kansas State,Wildcats,330a57,e2e3e4,79,0,30,17,2,28
401823966,2026,12/31/2025,2241,s:40~l:54~t:2241,Gardner-Webb,Runnin' Bulldogs,GWEB,c12535,909090,away,54,TRUE,10,6,18,34,17,50,NA,18,86,12,14,11,12,9,4,0,32,8,25,30,0,24,24,2737,s:40~l:54~t:2737,Winthrop,Eagles,9e0b0e,fdb41e,48,5,18,10,3,53
401823066,2026,12/31/2025,2426,s:40~l:54~t:2426,Navy,Midshipmen,NAVY,00225b,b5a67c,away,77,TRUE,18,2,17,43,29,67,NA,15,83,10,12,24,13,9,0,0,29,9,31,30,0,8,8,104,s:40~l:54~t:104,Boston University,Terriers,cc0000,ffffff,64,22,30,30,0,99
401823066,2026,12/31/2025,104,s:40~l:54~t:104,Boston University,Terriers,BU,cc0000,ffffff,home,64,FALSE,14,7,25,48,27,56,NA,13,58,7,12,0,14,6,0,0,27,3,11,39,0,21,21,2426,s:40~l:54~t:2426,Navy,Midshipmen,00225b,b5a67c,77,4,42,5,0,0
401813231,2026,12/31/2025,2649,s:40~l:54~t:2649,Toledo,Rockets,TOL,0b2240,ffcd00,home,79,TRUE,17,7,40,46,28,61,NA,10,63,17,27,37,12,6,2,0,27,6,22,52,0,15,15,2084,s:40~l:54~t:2084,Buffalo,Bulls,005bbb,ffffff,46,18,44,17,1,96
401807995,2026,12/31/2025,2617,s:40~l:54~t:2617,Stephen F. Austin,Ladyjacks,SFA,393996,bec0c2,away,76,TRUE,12,5,23,45,25,56,NA,16,69,22,32,10,12,11,1,0,29,4,14,35,0,20,20,2466,s:40~l:54~t:2466,Northwestern State,Lady Demons,492F91,ed6118,71,20,42,18,18,60
401807995,2026,12/31/2025,2466,s:40~l:54~t:2466,Northwestern State,Lady Demons,NWST,492F91,ed6118,home,71,FALSE,14,2,24,37,25,67,NA,25,63,12,19,7,22,7,1,0,35,9,26,46,0,23,23,2617,s:40~l:54~t:2617,Stephen F. Austin,Ladyjacks,393996,bec0c2,76,10,28,15,18,34
401807973,2026,12/31/2025,2545,s:40~l:54~t:2545,SE Louisiana,Lady Lions,SELA,215732,ffc72c,away,59,FALSE,12,5,21,39,25,64,NA,15,45,5,11,0,18,5,1,0,29,4,14,39,0,14,14,2916,s:40~l:54~t:2916,Incarnate Word,Cardinals,000000,080808,66,10,38,9,0,0
401807951,2026,12/31/2025,2443,s:40~l:54~t:2443,New Orleans,Privateers,UNO,005da6,a2a9ae,away,54,FALSE,8,2,17,32,20,62,NA,24,72,13,18,0,12,11,0,0,6,1,17,29,0,19,19,357,s:40~l:54~t:357,Texas A&M-Corpus Christi,Islanders,0067c5,007f3e,85,9,26,18,0,0
401807951,2026,12/31/2025,357,s:40~l:54~t:357,Texas A&M-Corpus Christi,Islanders,AMCC,0067c5,007f3e,home,85,TRUE,17,8,30,43,27,63,NA,15,76,19,25,39,20,11,2,1,48,12,25,50,1,22,22,2443,s:40~l:54~t:2443,New Orleans,Privateers,005da6,a2a9ae,54,7,28,19,0,99
401831084,2026,12/31/2025,2460,s:40~l:54~t:2460,Northern Iowa,Panthers,UNI,473282,ffffff,away,75,TRUE,24,4,21,54,32,59,NA,8,50,8,16,10,8,3,0,0,27,3,11,29,0,5,5,82,s:40~l:54~t:82,UIC,Flames,001e62,d50032,74,10,48,9,13,45
401829604,2026,12/31/2025,2253,s:40~l:54~t:2253,Grand Canyon,Lopes,GCU,522398,ffffff,home,47,FALSE,5,5,23,29,15,52,NA,14,94,15,16,3,10,8,0,0,10,2,20,33,0,16,16,36,s:40~l:54~t:36,Colorado State,Rams,004c23,c8c372,61,8,24,10,2,7
401829028,2026,12/31/2025,139,s:40~l:54~t:139,Saint Louis,Billikens,SLU,00539C,ebebeb,away,72,TRUE,17,6,24,35,20,57,NA,17,83,24,29,13,10,14,0,0,28,8,29,34,0,19,19,2184,s:40~l:54~t:2184,Duquesne,Dukes,002D62,b90b2e,62,5,14,16,8,76
401829027,2026,12/31/2025,2325,s:40~l:54~t:2325,La Salle,Explorers,LAS,003356,ffce00,away,72,TRUE,15,6,28,42,25,60,NA,16,83,15,18,11,15,12,0,0,35,7,20,43,0,22,22,2230,s:40~l:54~t:2230,Fordham,Rams,830032,909090,69,17,30,26,4,92
401829026,2026,12/31/2025,45,s:40~l:54~t:45,George Washington,Revolutionaries,GW,002843,e8d2a1,away,53,FALSE,8,1,27,37,17,46,NA,17,81,13,16,6,6,5,2,0,35,6,17,33,0,16,16,179,s:40~l:54~t:179,St. Bonaventure,Bonnies,70261D,NA,54,3,22,4,9,37
401829026,2026,12/31/2025,179,s:40~l:54~t:179,St. Bonaventure,Bonnies,SBU,70261D,NA,home,54,TRUE,5,1,22,35,19,54,NA,15,88,14,16,7,6,7,0,0,15,2,13,28,0,8,8,45,s:40~l:54~t:45,George Washington,Revolutionaries,002843,e8d2a1,53,9,24,15,9,46
401827855,2026,12/31/2025,2329,s:40~l:54~t:2329,Lehigh,Mountain Hawks,LEH,6c2b2a,b69e70,away,77,TRUE,15,4,19,52,22,42,NA,18,89,24,27,15,4,9,0,0,50,9,18,23,0,16,16,349,s:40~l:54~t:349,Army,Black Knights,000000,d3bc8d,66,8,26,14,3,93
401827855,2026,12/31/2025,349,s:40~l:54~t:349,Army,Black Knights,ARMY,000000,d3bc8d,home,66,FALSE,15,3,18,40,22,55,NA,23,83,19,23,2,14,7,0,0,19,3,16,32,0,15,15,2329,s:40~l:54~t:2329,Lehigh,Mountain Hawks,6c2b2a,b69e70,77,2,32,14,3,2
401825619,2026,12/31/2025,46,s:40~l:54~t:46,Georgetown,Hoyas,GTWN,110E42,001c58,away,36,FALSE,7,2,17,24,13,55,NA,21,38,6,16,2,17,7,0,0,22,4,18,34,0,22,22,2550,s:40~l:54~t:2550,Seton Hall,Pirates,0857B1,8a8d8f,81,0,14,4,1,2
401823114,2026,12/31/2025,107,s:40~l:54~t:107,Holy Cross,Crusaders,HC,582c83,ffffff,away,58,TRUE,13,3,21,38,20,52,NA,12,94,15,16,9,10,6,0,0,15,3,20,31,0,12,12,2083,s:40~l:54~t:2083,Bucknell,Bison,000060,00316e,55,11,34,12,9,77
401823091,2026,12/31/2025,2352,s:40~l:54~t:2352,Loyola Maryland,Greyhounds,L-MD,76a7a0,c9cbca,home,68,TRUE,20,3,28,59,29,49,NA,18,55,6,11,23,5,5,1,0,27,4,15,33,0,18,18,44,s:40~l:54~t:44,American University,Eagles,c41130,c8102e,59,4,44,9,0,99
401814609,2026,12/31/2025,113,s:40~l:54~t:113,Massachusetts,Minutewomen,MASS,881c1c,ffffff,home,73,TRUE,22,2,29,42,28,67,NA,19,71,10,14,35,15,12,2,0,33,7,21,44,0,12,12,2711,s:40~l:54~t:2711,Western Michigan,Broncos,532e1f,f1c500,40,17,36,26,4,87
401814607,2026,12/31/2025,195,s:40~l:54~t:195,Ohio,Bobcats,OHIO,154734,ffffff,away,85,TRUE,14,4,24,45,30,67,NA,24,56,14,25,8,13,13,2,0,38,11,29,37,0,20,20,2117,s:40~l:54~t:2117,Central Michigan,Chippewas,4c0027,fbab18,83,7,32,23,9,28
401814607,2026,12/31/2025,2117,s:40~l:54~t:2117,Central Michigan,Chippewas,CMU,4c0027,fbab18,home,83,FALSE,18,0,25,38,29,76,NA,20,72,18,25,8,25,6,0,0,27,7,26,50,0,21,21,195,s:40~l:54~t:195,Ohio,Bobcats,154734,ffffff,85,8,34,24,9,59
401825237,2026,12/31/2025,194,s:40~l:54~t:194,Ohio State,Buckeyes,OSU,ba0c2f,a8adb4,away,83,TRUE,19,10,27,42,29,69,NA,25,89,16,18,34,12,13,1,0,36,9,25,39,0,13,13,2509,s:40~l:54~t:2509,Purdue,Boilermakers,ceb888,000000,56,19,30,29,0,99
401825237,2026,12/31/2025,2509,s:40~l:54~t:2509,Purdue,Boilermakers,PUR,ceb888,000000,home,56,FALSE,8,4,27,30,16,54,NA,13,69,20,29,0,14,7,2,0,18,4,22,41,0,26,26,194,s:40~l:54~t:194,Ohio State,Buckeyes,ba0c2f,a8adb4,83,10,24,7,0,0
401829025,2026,12/31/2025,2168,s:40~l:54~t:2168,Dayton,Flyers,DAY,004B8D,ffffff,away,59,FALSE,12,1,25,39,21,54,NA,19,64,14,22,0,17,2,0,0,21,3,14,42,0,24,24,2244,s:40~l:54~t:2244,George Mason,Patriots,016600,ecb010,74,0,32,2,0,0
401829025,2026,12/31/2025,2244,s:40~l:54~t:2244,George Mason,Patriots,GMU,016600,ecb010,home,74,TRUE,15,2,18,40,27,67,NA,18,76,16,21,18,18,15,1,0,22,4,18,36,0,10,10,2168,s:40~l:54~t:2168,Dayton,Flyers,004B8D,ffffff,59,7,24,23,0,98
401823967,2026,12/31/2025,2506,s:40~l:54~t:2506,Presbyterian,Blue Hose,PRES,194896,990134,home,32,FALSE,6,5,19,20,11,54,NA,17,50,7,14,1,13,8,3,0,21,3,14,32,0,18,18,2515,s:40~l:54~t:2515,Radford,Highlanders,BC1515,c2c3c0,75,3,12,8,2,3
401814608,2026,12/31/2025,2309,s:40~l:54~t:2309,Kent State,Golden Flashes,KENT,002664,eaab00,home,63,FALSE,8,6,29,38,23,61,NA,22,69,11,16,3,13,8,2,0,33,6,18,42,0,25,25,193,s:40~l:54~t:193,Miami (OH),RedHawks,c41230,ffffff,67,7,24,14,6,9
401814606,2026,12/31/2025,2006,s:40~l:54~t:2006,Akron,Zips,AKR,041e42,c5b783,home,73,FALSE,11,3,24,40,28,70,NA,27,64,9,14,4,11,2,1,0,31,8,26,35,0,16,16,2050,s:40~l:54~t:2050,Ball State,Cardinals,ba0c2f,ffffff,102,10,36,11,5,12
401828803,2026,12/30/2025,2547,s:40~l:54~t:2547,Seattle U,Redhawks,SEA,BF2E1A,c2c3c0,away,65,FALSE,14,4,30,44,28,64,NA,14,75,3,4,4,9,2,3,0,32,6,19,39,0,17,17,2541,s:40~l:54~t:2541,Santa Clara,Broncos,690b0b,101010,94,5,42,4,4,6
401828802,2026,12/30/2025,2501,s:40~l:54~t:2501,Portland,Pilots,PORT,330072,a8b3ba,away,64,FALSE,15,8,24,41,24,58,NA,16,75,6,8,9,9,15,1,0,53,10,19,33,0,29,29,2539,s:40~l:54~t:2539,San Francisco,Dons,005a36,ffffff,67,24,28,32,1,50
401828802,2026,12/30/2025,2539,s:40~l:54~t:2539,San Francisco,Dons,SF,005a36,ffffff,home,67,TRUE,18,0,25,42,27,64,NA,15,63,5,8,18,14,14,2,0,38,8,21,39,0,29,29,2501,s:40~l:54~t:2501,Portland,Pilots,330072,a8b3ba,64,24,34,33,1,48
401828798,2026,12/30/2025,2492,s:40~l:54~t:2492,Pepperdine,Waves,PEPP,003A72,dc762f,away,52,FALSE,9,2,22,38,21,55,NA,17,67,6,9,0,5,3,0,0,18,4,22,27,0,12,12,2250,s:40~l:54~t:2250,Gonzaga,Bulldogs,041e42,c8102e,75,2,32,11,0,0
401828800,2026,12/30/2025,204,s:40~l:54~t:204,Oregon State,Beavers,ORST,dc4405,000000,away,63,TRUE,16,6,24,40,19,48,NA,9,79,19,24,7,10,10,1,0,33,6,18,34,0,13,13,2608,s:40~l:54~t:2608,Saint Mary's,Gaels,d80024,003057,57,10,24,16,7,37
401828037,2026,12/30/2025,2724,s:40~l:54~t:2724,Wichita State,Shockers,WICH,ffcd00,27251f,away,58,FALSE,9,1,18,38,22,58,NA,23,58,7,12,0,6,17,1,0,37,7,19,24,0,18,18,202,s:40~l:54~t:202,Tulsa,Golden Hurricane,003595,d0b787,64,7,26,23,0,0
401828037,2026,12/30/2025,202,s:40~l:54~t:202,Tulsa,Golden Hurricane,TLSA,003595,d0b787,home,64,TRUE,14,5,33,47,21,45,NA,16,65,15,23,18,11,8,1,0,41,7,17,44,0,28,28,2724,s:40~l:54~t:2724,Wichita State,Shockers,ffcd00,27251f,58,8,28,25,0,97
401828561,2026,12/30/2025,2210,s:40~l:54~t:2210,Elon,Phoenix,ELON,020303,b59a57,home,111,TRUE,28,8,26,56,44,78,NA,10,65,17,26,63,23,24,0,0,33,6,18,49,0,15,15,286,s:40~l:54~t:286,NC Wesleyan,Battling Bishops,000000,NA,50,27,70,58,0,97
401828035,2026,12/30/2025,58,s:40~l:54~t:58,South Florida,Bulls,USF,006747,cfc493,home,68,FALSE,13,2,31,46,28,61,NA,15,83,10,12,2,5,12,0,0,29,2,7,36,0,13,13,242,s:40~l:54~t:242,Rice,Owls,00205b,c1c6c8,70,17,42,19,12,7
401828034,2026,12/30/2025,249,s:40~l:54~t:249,North Texas,Mean Green,UNT,068f33,ffffff,away,81,TRUE,14,3,31,43,31,72,NA,22,73,11,15,31,19,8,1,0,47,8,17,50,0,12,12,2226,s:40~l:54~t:2226,Florida Atlantic,Owls,003366,cc0000,56,13,38,16,4,83
401827479,2026,12/30/2025,231,s:40~l:54~t:231,Furman,Paladins,FUR,582c83,ffffff,home,110,TRUE,24,7,29,49,41,83,NA,17,57,16,28,58,25,22,0,0,43,12,28,54,0,10,10,2913,s:40~l:54~t:2913,Brevard,Tornados,000000,NA,54,31,56,40,0,99
401822208,2026,12/30/2025,294,s:40~l:54~t:294,Jacksonville,Dolphins,JAX,00523e,NA,home,95,TRUE,17,6,29,48,32,66,NA,22,88,28,32,46,16,10,0,0,25,3,12,45,0,12,12,2065,s:40~l:54~t:2065,Bethune-Cookman,Wildcats,7b1831,e9aa12,53,21,52,32,2,94
401829029,2026,12/30/2025,257,s:40~l:54~t:257,Richmond,Spiders,RICH,9e0712,b90b2e,away,61,FALSE,9,2,29,40,22,55,NA,12,70,7,10,0,6,6,2,0,31,10,32,35,0,15,15,227,s:40~l:54~t:227,Rhode Island,Rams,091f3f,5ab3e8,73,2,24,7,0,0
401828033,2026,12/30/2025,5,s:40~l:54~t:5,UAB,Blazers,UAB,1a5632,fdb913,away,87,FALSE,18,2,33,51,32,63,NA,17,64,18,28,12,9,6,0,0,33,5,15,42,0,19,19,151,s:40~l:54~t:151,East Carolina,Pirates,582c83,ffc72c,88,6,44,16,9,55
401828033,2026,12/30/2025,151,s:40~l:54~t:151,East Carolina,Pirates,ECU,582c83,ffc72c,home,88,TRUE,17,5,26,38,34,90,NA,24,86,12,14,15,23,9,1,0,24,8,33,49,0,12,12,5,s:40~l:54~t:5,UAB,Blazers,1a5632,fdb913,87,12,40,16,9,38
401817285,2026,12/30/2025,236,s:40~l:54~t:236,Chattanooga,Mocs,UTC,00386b,dca71d,home,97,TRUE,20,2,32,54,34,63,NA,15,71,17,24,52,15,16,1,0,57,12,21,47,0,17,17,2576,s:40~l:54~t:2576,Southern Wesleyan,Warriors,000000,NA,46,28,42,26,0,98
401828801,2026,12/30/2025,301,s:40~l:54~t:301,San Diego,Toreros,USD,2f99d4,2f99d4,away,68,FALSE,7,1,24,39,23,59,NA,23,74,17,23,6,14,8,0,0,24,5,21,38,0,16,16,279,s:40~l:54~t:279,Pacific,Tigers,F47820,c2c3c0,72,8,30,11,4,14
401827574,2026,12/30/2025,27,s:40~l:54~t:27,UC Riverside,Highlanders,UCR,14234F,NA,home,93,TRUE,20,1,31,48,34,71,NA,15,64,18,28,41,19,22,0,0,26,7,27,50,0,12,12,3185,s:40~l:54~t:3185,UC Merced,Bobcats,NA,NA,52,27,42,34,2,95
401813204,2026,12/30/2025,189,s:40~l:54~t:189,Bowling Green,Falcons,BGSU,fd5000,4f2c1d,away,76,FALSE,11,1,21,37,21,57,NA,32,82,27,33,4,11,6,0,0,37,7,19,32,0,15,15,2199,s:40~l:54~t:2199,Eastern Michigan,Eagles,006938,ffffff,86,10,28,10,21,30
401831265,2026,12/30/2025,2379,s:40~l:54~t:2379,Maryland Eastern Shore,Hawks,UMES,5c2301,b5b7ba,away,57,FALSE,5,3,14,34,20,59,NA,16,93,13,14,0,15,5,1,0,27,4,15,29,0,15,15,161,s:40~l:54~t:161,Fairleigh Dickinson,Knights,72293c,28334a,85,0,20,10,0,0
401826990,2026,12/30/2025,233,s:40~l:54~t:233,South Dakota,Coyotes,SDAK,CD1241,f0f0f0,home,95,TRUE,27,5,46,49,38,77,NA,8,67,8,12,55,17,8,0,0,37,11,30,63,0,9,9,3148,s:40~l:54~t:3148,College of Saint Mary,Flames,NA,NA,42,12,44,24,3,86
401830432,2026,12/30/2025,2820,s:40~l:54~t:2820,New Jersey City,NEW JERSEY CITY,NJCU,000000,NA,away,39,FALSE,4,1,23,20,11,54,NA,15,62,13,21,4,14,7,2,0,15,4,26,37,0,28,28,2681,s:40~l:54~t:2681,Wagner,Seahawks,00483A,ffffff,86,2,12,8,2,5
401830432,2026,12/30/2025,2681,s:40~l:54~t:2681,Wagner,Seahawks,WAG,00483A,ffffff,home,86,TRUE,25,6,32,48,37,77,NA,22,46,6,13,47,21,12,2,0,25,6,24,53,0,13,13,2820,s:40~l:54~t:2820,New Jersey City,NEW JERSEY CITY,000000,NA,39,13,56,32,2,90
401828036,2026,12/30/2025,2655,s:40~l:54~t:2655,Tulane,Green Wave,TULN,006747,418fde,away,63,FALSE,15,4,17,43,25,58,NA,17,63,5,8,3,9,8,1,0,38,8,21,26,0,14,14,2636,s:40~l:54~t:2636,UTSA,Roadrunners,0c2340,f15a22,65,6,26,10,19,21
401827468,2026,12/30/2025,2717,s:40~l:54~t:2717,Western Carolina,Catamounts,WCU,492F91,bf9e70,home,91,TRUE,20,2,31,49,34,70,NA,16,68,13,19,47,12,13,0,0,45,10,22,43,0,16,16,2410,s:40~l:54~t:2410,Montreat,Cavaliers,000000,NA,44,11,48,41,1,81
401831266,2026,12/30/2025,219,s:40~l:54~t:219,Pennsylvania,Quakers,PENN,082A74,a6163d,away,59,TRUE,14,7,21,45,25,56,NA,14,60,6,10,14,10,7,2,0,19,3,16,31,0,13,13,2066,s:40~l:54~t:2066,Binghamton,Bearcats,00614A,f0f0f0,54,4,34,18,7,61
401830075,2026,12/30/2025,159,s:40~l:54~t:159,Dartmouth,Big Green,DART,005730,000000,home,99,TRUE,33,3,34,58,38,66,NA,7,78,7,9,64,12,14,1,0,46,16,35,46,0,14,14,131775,s:40~l:54~t:131775,St. Joseph's Brooklyn,Bears,NA,NA,35,2,44,28,0,97
401829358,2026,12/30/2025,121697,s:40~l:54~t:121697,Florida National,Conquistadors,FNU,NA,NA,away,30,FALSE,4,4,20,29,9,31,NA,20,75,9,12,0,5,8,0,0,43,3,7,25,0,59,59,2229,s:40~l:54~t:2229,Florida International,Panthers,091f3f,c3993f,122,5,10,8,0,0
401825232,2026,12/29/2025,130,s:40~l:54~t:130,Michigan,Wolverines,MICH,00274c,ffcb05,away,92,TRUE,21,2,32,41,34,82,NA,29,42,16,38,18,28,7,2,0,31,8,26,60,0,26,26,2483,s:40~l:54~t:2483,Oregon,Ducks,00934b,fff41b,87,16,42,17,3,88
401825232,2026,12/29/2025,2483,s:40~l:54~t:2483,Oregon,Ducks,ORE,00934b,fff41b,home,87,FALSE,14,3,28,46,30,65,NA,34,59,20,34,3,6,13,0,0,41,7,17,34,0,23,23,130,s:40~l:54~t:130,Michigan,Wolverines,00274c,ffcb05,92,29,40,26,3,4
401828746,2026,12/29/2025,2638,s:40~l:54~t:2638,UTEP,Miners,UTEP,ff8200,041e42,home,102,TRUE,19,6,35,42,39,93,NA,11,56,14,25,62,39,19,0,0,29,10,35,74,0,17,17,3154,s:40~l:54~t:3154,University of The Southwest,Mustangs,NA,NA,43,35,52,38,0,99
401819550,2026,12/29/2025,299,s:40~l:54~t:299,Long Beach State,Beach,LBSU,000000,f1f2f3,home,68,TRUE,16,7,39,36,27,74,NA,8,64,9,14,9,16,4,0,0,28,5,18,55,0,9,9,3091,s:40~l:54~t:3091,Hope International,Royals,NA,NA,62,9,42,11,7,61
401805090,2026,12/29/2025,253,s:40~l:54~t:253,Southern Utah,Thunderbirds,SUU,c72026,000000,home,78,TRUE,14,4,31,36,27,76,NA,17,61,17,28,21,25,6,1,0,35,7,20,56,0,8,8,3101,s:40~l:54~t:3101,Utah Tech,Trailblazers,000000,NA,60,12,36,16,3,49
401819639,2026,12/29/2025,153,s:40~l:54~t:153,North Carolina,Tar Heels,UNC,7bafd4,13294b,away,90,TRUE,24,3,37,58,38,66,NA,16,67,6,9,53,10,11,0,0,32,8,25,47,0,11,11,103,s:40~l:54~t:103,Boston College,Eagles,8c2232,dbcca6,39,18,52,22,0,99
401805089,2026,12/29/2025,2627,s:40~l:54~t:2627,Tarleton State,Texans,TAR,000000,NA,home,66,TRUE,8,10,33,41,24,59,NA,16,61,11,18,10,11,8,1,1,33,7,21,44,1,18,18,250,s:40~l:54~t:250,UT Arlington,Mavericks,004b7c,f58024,57,11,30,9,5,41
401831081,2026,12/29/2025,282,s:40~l:54~t:282,Indiana State,Sycamores,INST,00669a,f0f0f0,away,64,FALSE,8,3,26,33,21,64,NA,25,78,18,23,0,11,6,0,0,24,4,17,37,0,18,18,2287,s:40~l:54~t:2287,Illinois State,Redbirds,CE1126,ffe716,105,14,32,12,0,0
401831081,2026,12/29/2025,2287,s:40~l:54~t:2287,Illinois State,Redbirds,ILST,CE1126,ffe716,home,105,TRUE,24,1,34,49,34,70,NA,14,87,26,30,43,12,13,0,0,38,11,29,46,0,11,11,282,s:40~l:54~t:282,Indiana State,Sycamores,00669a,f0f0f0,64,29,42,23,0,98
401825616,2026,12/29/2025,2599,s:40~l:54~t:2599,St. John's,Red Storm,SJU,d10000,101010,away,73,TRUE,15,5,29,43,26,61,NA,14,71,15,21,7,11,4,1,0,35,6,17,40,0,10,10,269,s:40~l:54~t:269,Marquette,Golden Eagles,003366,ffcc00,66,16,38,14,7,73
401825616,2026,12/29/2025,269,s:40~l:54~t:269,Marquette,Golden Eagles,MARQ,003366,ffcc00,home,66,FALSE,19,6,26,46,28,61,NA,17,50,4,8,4,7,7,0,0,35,6,17,33,0,11,11,2599,s:40~l:54~t:2599,St. John's,Red Storm,d10000,101010,73,17,40,12,7,13
401831082,2026,12/29/2025,79,s:40~l:54~t:79,Southern Illinois,Salukis,SIU,85283D,c2c3c0,home,56,FALSE,10,3,27,33,18,55,NA,24,65,15,23,4,15,3,3,0,31,5,16,42,0,23,23,2057,s:40~l:54~t:2057,Belmont,Bruins,182142,c9262d,68,5,22,9,3,9
401831079,2026,12/29/2025,93,s:40~l:54~t:93,Murray State,Racers,MUR,002148,000e00,away,90,TRUE,13,2,28,41,24,58,NA,19,84,36,43,17,11,11,0,0,23,6,26,39,0,12,12,339,s:40~l:54~t:339,Evansville,Purple Aces,663399,ef6f00,80,22,34,22,0,96
401831079,2026,12/29/2025,339,s:40~l:54~t:339,Evansville,Purple Aces,EVAN,663399,ef6f00,home,80,FALSE,17,2,26,48,30,63,NA,25,58,14,24,0,10,6,0,0,43,6,14,36,0,14,14,93,s:40~l:54~t:93,Murray State,Racers,002148,000e00,90,21,34,11,0,0
401830622,2026,12/29/2025,112358,s:40~l:54~t:112358,Long Island University,Sharks,LIU,50c9f7,ffbf00,home,87,TRUE,18,8,33,41,30,73,NA,16,70,16,23,58,23,16,0,0,30,11,37,56,0,22,22,131667,s:40~l:54~t:131667,Berkeley,Knights,NA,NA,30,14,36,39,0,99
401829356,2026,12/29/2025,109688,s:40~l:54~t:109688,Columbia International,COLUMBIA INTERNATIONAL,CIU,NA,NA,away,37,FALSE,10,1,16,23,14,60,NA,7,50,3,6,0,12,8,0,0,23,6,26,28,0,20,20,350,s:40~l:54~t:350,UNC Wilmington,Seahawks,00665e,ffda00,76,2,16,14,0,0
401826627,2026,12/29/2025,309,s:40~l:54~t:309,Louisiana,Ragin' Cajuns,UL,ce181e,000000,home,97,TRUE,17,2,31,49,37,76,NA,14,79,15,19,42,18,12,0,0,38,8,21,49,0,14,14,2176,s:40~l:54~t:2176,Dillard,Blue Devils,000000,NA,56,22,50,33,3,87
401825617,2026,12/29/2025,305,s:40~l:54~t:305,DePaul,Blue Demons,DEP,2d649c,ce1125,home,48,FALSE,7,2,24,27,16,60,NA,18,76,16,21,0,10,7,0,0,0,0,16,34,0,13,13,222,s:40~l:54~t:222,Villanova,Wildcats,00205b,13b5ea,81,10,30,13,0,0
401819641,2026,12/29/2025,258,s:40~l:54~t:258,Virginia,Cavaliers,UVA,f84c1e,232d4b,home,76,TRUE,24,6,34,51,32,63,NA,14,56,10,18,29,14,10,0,0,14,2,14,48,0,13,13,2567,s:40~l:54~t:2567,SMU,Mustangs,a80000,0033a1,52,21,54,15,2,95
401817707,2026,12/29/2025,94,s:40~l:54~t:94,Northern Kentucky,Norse,NKU,ffc82e,000000,away,88,TRUE,12,4,30,48,29,60,NA,19,71,15,21,3,10,11,2,0,58,15,26,40,0,26,26,2870,s:40~l:54~t:2870,Purdue Fort Wayne,Mastodons,cfb991,000000,85,9,24,19,5,2
401817707,2026,12/29/2025,2870,s:40~l:54~t:2870,Purdue Fort Wayne,Mastodons,PFW,cfb991,000000,home,85,FALSE,13,6,21,44,31,71,NA,16,67,12,18,17,10,10,1,0,35,11,31,31,0,17,17,94,s:40~l:54~t:94,Northern Kentucky,Norse,ffc82e,000000,88,15,38,26,5,93
401813832,2026,12/29/2025,2217,s:40~l:54~t:2217,Fairfield,Stags,FAIR,000000,ebebeb,away,84,TRUE,19,4,29,47,30,64,NA,25,88,15,17,25,10,8,1,0,39,9,23,39,0,9,9,2363,s:40~l:54~t:2363,Manhattan,Jaspers,4f8537,b5b7ba,59,19,42,19,0,98
401813832,2026,12/29/2025,2363,s:40~l:54~t:2363,Manhattan,Jaspers,MAN,4f8537,b5b7ba,home,59,FALSE,16,6,24,36,21,58,NA,19,57,13,23,0,14,4,1,0,27,4,15,38,0,16,16,2217,s:40~l:54~t:2217,Fairfield,Stags,000000,ebebeb,84,6,30,4,0,0
401819640,2026,12/29/2025,87,s:40~l:54~t:87,Notre Dame,Fighting Irish,ND,062340,c99700,home,94,TRUE,20,5,28,49,37,76,NA,10,83,10,12,35,12,17,1,0,42,10,24,40,0,10,10,221,s:40~l:54~t:221,Pittsburgh,Panthers,003594,ffb81c,59,32,48,32,0,99
401830900,2026,12/29/2025,2349,s:40~l:54~t:2349,UMass Lowell,River Hawks,UML,000000,cf1f2f,home,109,TRUE,24,2,32,47,44,94,NA,7,75,6,8,66,33,17,0,0,32,15,47,65,0,8,8,131775,s:40~l:54~t:131775,St. Joseph's Brooklyn,Bears,NA,NA,45,7,48,23,1,95
401826641,2026,12/29/2025,112102,s:40~l:54~t:112102,Columbia (SC),Koalas,CCSC,NA,NA,away,41,FALSE,8,0,21,29,16,56,NA,13,60,6,10,2,13,2,2,0,18,3,17,34,0,25,25,324,s:40~l:54~t:324,Coastal Carolina,Chanticleers,006f71,a27752,103,0,22,3,1,0
401826641,2026,12/29/2025,324,s:40~l:54~t:324,Coastal Carolina,Chanticleers,CCU,006f71,a27752,home,103,TRUE,18,8,30,47,38,81,NA,9,65,15,23,62,24,16,0,0,36,12,33,54,0,6,6,112102,s:40~l:54~t:112102,Columbia (SC),Koalas,NA,NA,41,28,44,36,1,98
401825233,2026,12/29/2025,135,s:40~l:54~t:135,Minnesota,Golden Gophers,MINN,5e0a2f,fab41c,away,71,TRUE,11,2,21,41,29,71,NA,12,80,8,10,26,18,9,0,0,36,5,14,39,0,6,6,84,s:40~l:54~t:84,Indiana,Hoosiers,970310,ffffff,48,9,38,21,5,76
401825233,2026,12/29/2025,84,s:40~l:54~t:84,Indiana,Hoosiers,IU,970310,ffffff,home,48,FALSE,9,1,23,38,15,39,NA,14,75,9,12,7,2,2,1,0,43,9,21,25,0,21,21,135,s:40~l:54~t:135,Minnesota,Golden Gophers,5e0a2f,fab41c,71,2,10,6,5,22
401809064,2026,12/29/2025,2447,s:40~l:54~t:2447,Nicholls,Colonels,NICH,C41230,f0f0f0,away,63,TRUE,8,1,26,28,16,58,NA,22,78,29,37,7,17,12,0,0,10,2,20,43,0,15,15,357,s:40~l:54~t:357,Texas A&M-Corpus Christi,Islanders,0067c5,007f3e,57,10,28,14,5,18
401809064,2026,12/29/2025,357,s:40~l:54~t:357,Texas A&M-Corpus Christi,Islanders,AMCC,0067c5,007f3e,home,57,FALSE,9,3,27,32,16,50,NA,30,61,19,31,14,11,5,3,0,40,6,15,38,0,22,22,2447,s:40~l:54~t:2447,Nicholls,Colonels,C41230,f0f0f0,63,8,18,13,5,72
401828570,2026,12/29/2025,110419,s:40~l:54~t:110419,Georgian Court University,Lions,GCTU,NA,NA,away,40,FALSE,7,1,17,28,15,53,NA,15,60,9,15,0,8,7,0,0,6,1,17,25,0,15,15,2405,s:40~l:54~t:2405,Monmouth,Hawks,051844,NA,74,1,26,6,0,0
401807950,2026,12/29/2025,2443,s:40~l:54~t:2443,New Orleans,Privateers,UNO,005da6,a2a9ae,away,81,FALSE,16,4,33,36,28,78,NA,30,69,20,29,6,15,10,0,0,18,5,28,48,0,13,13,292,s:40~l:54~t:292,UT Rio Grande Valley,Vaqueros,dc6000,e1732d,87,26,38,18,11,30
401807950,2026,12/29/2025,292,s:40~l:54~t:292,UT Rio Grande Valley,Vaqueros,RGV,dc6000,e1732d,home,87,TRUE,18,2,41,30,23,76,NA,20,87,33,38,9,22,8,0,0,22,8,36,63,0,18,18,2443,s:40~l:54~t:2443,New Orleans,Privateers,005da6,a2a9ae,81,12,26,15,11,53
401807526,2026,12/29/2025,2617,s:40~l:54~t:2617,Stephen F. Austin,Ladyjacks,SFA,393996,bec0c2,away,68,FALSE,20,5,34,46,27,59,NA,19,67,10,15,8,8,5,0,0,24,4,17,42,0,19,19,2837,s:40~l:54~t:2837,East Texas A&M,Lions,000000,NA,71,14,44,9,3,12
401825235,2026,12/29/2025,275,s:40~l:54~t:275,Wisconsin,Badgers,WIS,a00000,ffffff,away,59,FALSE,8,4,12,30,20,66,NA,26,82,14,17,0,16,7,2,0,18,5,28,28,0,23,23,120,s:40~l:54~t:120,Maryland,Terrapins,ce1126,ffffff,97,2,24,13,0,0
401825235,2026,12/29/2025,120,s:40~l:54~t:120,Maryland,Terrapins,MD,ce1126,ffffff,home,97,TRUE,13,2,31,48,31,64,NA,17,82,27,33,41,20,14,1,0,30,8,27,51,0,20,20,275,s:40~l:54~t:275,Wisconsin,Badgers,a00000,ffffff,59,24,38,20,0,99
401829575,2026,12/29/2025,7052,s:40~l:54~t:7052,Ottawa (KS),OTTAWA (KS),OUKS,NA,NA,away,36,FALSE,7,4,19,24,12,49,NA,29,100,6,6,1,10,8,1,0,25,6,24,29,0,25,25,2815,s:40~l:54~t:2815,Lindenwood,Lions,000000,NA,71,3,6,5,2,1
401825808,2026,12/29/2025,219,s:40~l:54~t:219,Pennsylvania,Quakers,PENN,082A74,a6163d,away,78,TRUE,18,9,34,47,27,57,NA,14,75,18,24,22,9,5,1,0,32,6,19,43,0,13,13,2379,s:40~l:54~t:2379,Maryland Eastern Shore,Hawks,5c2301,b5b7ba,57,6,40,9,1,92
401825808,2026,12/29/2025,2379,s:40~l:54~t:2379,Maryland Eastern Shore,Hawks,UMES,5c2301,b5b7ba,home,57,FALSE,11,2,25,30,19,64,NA,22,63,12,19,3,13,7,1,0,30,7,23,38,0,13,13,219,s:40~l:54~t:219,Pennsylvania,Quakers,082A74,a6163d,78,5,20,10,1,6
401825798,2026,12/29/2025,2520,s:40~l:54~t:2520,Rider,Broncs,RID,a80532,ebebeb,away,53,FALSE,10,4,29,34,20,59,NA,14,58,11,19,2,13,10,2,0,10,2,20,42,0,14,14,314,s:40~l:54~t:314,Iona,Gaels,6f2c3e,f0ab00,72,4,36,12,2,1
401825798,2026,12/29/2025,314,s:40~l:54~t:314,Iona,Gaels,IONA,6f2c3e,f0ab00,home,72,TRUE,19,1,30,42,27,64,NA,17,70,7,10,21,10,8,0,0,46,11,24,40,0,12,12,2520,s:40~l:54~t:2520,Rider,Broncs,a80532,ebebeb,53,12,28,13,2,92
401817709,2026,12/29/2025,2754,s:40~l:54~t:2754,Youngstown State,Penguins,YSU,E51937,690717,away,70,TRUE,24,3,26,46,28,61,NA,22,63,5,8,10,6,6,0,0,35,9,26,32,0,15,15,325,s:40~l:54~t:325,Cleveland State,Vikings,006633,231f20,63,10,32,15,12,69
401817709,2026,12/29/2025,325,s:40~l:54~t:325,Cleveland State,Vikings,CLE,006633,231f20,home,63,FALSE,13,1,29,39,22,57,NA,14,67,14,21,4,10,7,0,0,28,5,18,39,0,17,17,2754,s:40~l:54~t:2754,Youngstown State,Penguins,E51937,690717,70,15,34,5,12,16
401817708,2026,12/29/2025,2473,s:40~l:54~t:2473,Oakland,Golden Grizzlies,OAK,04091c,bc955c,away,61,TRUE,17,4,24,38,24,63,NA,12,50,5,10,4,6,5,1,0,27,8,30,30,0,7,7,2523,s:40~l:54~t:2523,Robert Morris,Colonials,00214D,a21d2b,58,11,32,20,10,13
401825236,2026,12/29/2025,158,s:40~l:54~t:158,Nebraska,Cornhuskers,NEB,e31937,ffffff,home,66,FALSE,13,3,15,40,21,52,NA,19,90,19,21,9,10,8,0,0,29,5,17,25,0,16,16,30,s:40~l:54~t:30,USC,Trojans,9d2235,ffc72c,74,8,28,18,5,39
401826966,2026,12/29/2025,2900,s:40~l:54~t:2900,St. Thomas-Minnesota,Tommies,STMN,000000,NA,home,64,TRUE,13,11,19,35,22,62,NA,16,75,15,20,24,20,9,1,0,23,5,22,39,0,13,13,2459,s:40~l:54~t:2459,Northern Illinois,Huskies,c8102e,000000,46,0,28,19,3,87
401813749,2026,12/29/2025,2612,s:40~l:54~t:2612,Saint Peter's,Peacocks,SPU,004CC2,NA,home,27,FALSE,3,4,23,20,11,55,NA,16,50,3,6,0,8,5,2,0,11,2,19,31,0,14,14,2514,s:40~l:54~t:2514,Quinnipiac,Bobcats,041B43,NA,67,3,14,5,0,0
401831083,2026,12/29/2025,2460,s:40~l:54~t:2460,Northern Iowa,Panthers,UNI,473282,ffffff,away,86,TRUE,24,4,36,43,30,70,NA,18,65,11,17,36,12,11,0,0,48,15,31,48,0,12,12,2674,s:40~l:54~t:2674,Valparaiso,Beacons,794500,NA,52,18,28,19,3,91
401831083,2026,12/29/2025,2674,s:40~l:54~t:2674,Valparaiso,Beacons,VAL,794500,NA,home,52,FALSE,9,5,30,32,19,59,NA,17,50,9,18,5,9,5,0,0,24,5,21,39,0,21,21,2460,s:40~l:54~t:2460,Northern Iowa,Panthers,473282,ffffff,86,4,26,6,3,8
401824415,2026,12/29/2025,2296,s:40~l:54~t:2296,Jackson State,Lady Tigers,JKST,123297,b5b7ba,away,48,FALSE,7,2,21,32,17,53,NA,13,80,8,10,1,17,4,1,0,25,6,24,38,0,22,22,2,s:40~l:54~t:2,Auburn,Tigers,002b5c,f26522,64,4,22,14,2,1
401823200,2026,12/29/2025,526,s:40~l:54~t:526,Florida Gulf Coast,Eagles,FGCU,00885a,076c3b,home,44,FALSE,7,2,26,36,17,47,NA,9,82,9,11,1,8,6,3,0,6,1,18,34,0,24,24,171,s:40~l:54~t:171,Columbia,Lions,7ba4db,183863,63,6,30,6,6,4
401813915,2026,12/29/2025,2771,s:40~l:54~t:2771,Merrimack,Warriors,MRMK,2f4f93,e8c535,home,60,TRUE,11,4,29,30,20,66,NA,17,70,16,23,5,19,17,0,1,17,4,23,48,1,21,21,116,s:40~l:54~t:116,Mount St. Mary's,Mountaineers,005596,ebebeb,56,11,30,21,8,32
401813808,2026,12/29/2025,2368,s:40~l:54~t:2368,Marist,Red Foxes,MRST,e53730,f0f0f0,home,57,TRUE,11,1,17,33,20,61,NA,17,71,10,14,13,12,10,0,0,30,7,23,29,0,10,10,2529,s:40~l:54~t:2529,Sacred Heart,Pioneers,a40012,c29472,55,11,18,20,5,67
401831189,2026,12/29/2025,3105,s:40~l:54~t:3105,Southeastern,Fires,SEU,NA,NA,away,65,FALSE,12,1,26,39,23,59,NA,18,81,13,16,0,8,9,1,0,30,6,20,34,0,15,15,50,s:40~l:54~t:50,Florida A&M,Rattlers,F89728,00843d,71,5,34,11,0,0
401831189,2026,12/29/2025,50,s:40~l:54~t:50,Florida A&M,Rattlers,FAMU,F89728,00843d,home,71,TRUE,6,1,29,39,27,70,NA,17,79,15,19,18,19,10,1,0,17,2,12,48,0,17,17,3105,s:40~l:54~t:3105,Southeastern,Fires,NA,NA,65,21,44,12,0,0
401831080,2026,12/29/2025,2181,s:40~l:54~t:2181,Drake,Bulldogs,DRKE,005596,bec0c2,away,78,TRUE,29,2,26,48,31,64,NA,13,57,4,7,16,11,4,0,0,52,12,23,37,0,12,12,82,s:40~l:54~t:82,UIC,Flames,001e62,d50032,62,18,36,5,2,97
401828649,2026,12/29/2025,2261,s:40~l:54~t:2261,Hampton,Lady Pirates,HAMP,0067AC,NA,away,52,FALSE,6,6,32,29,21,72,NA,15,53,8,15,3,19,9,0,0,10,2,20,51,0,11,11,2198,s:40~l:54~t:2198,Eastern Kentucky,Colonels,660819,f0f0f0,70,8,26,7,7,10
401822270,2026,12/29/2025,48,s:40~l:54~t:48,Delaware,Blue Hens,DEL,00539f,ffd200,away,63,FALSE,9,2,26,45,23,51,NA,22,85,11,13,3,7,8,2,0,35,6,17,33,0,28,28,108,s:40~l:54~t:108,Harvard,Crimson,990000,dbdbdb,70,2,26,17,2,1
401822270,2026,12/29/2025,108,s:40~l:54~t:108,Harvard,Crimson,HARV,990000,dbdbdb,home,70,TRUE,10,5,19,36,24,67,NA,15,90,19,21,11,19,13,0,0,15,3,20,38,0,20,20,48,s:40~l:54~t:48,Delaware,Blue Hens,00539f,ffd200,63,7,34,27,2,91
401827842,2026,12/29/2025,47,s:40~l:54~t:47,Howard,Bison,HOW,003a63,e51937,away,56,FALSE,6,2,24,32,21,65,NA,22,67,14,21,0,12,9,0,0,0,0,12,36,0,10,10,349,s:40~l:54~t:349,Army,Black Knights,000000,d3bc8d,64,6,34,16,0,0
401827842,2026,12/29/2025,349,s:40~l:54~t:349,Army,Black Knights,ARMY,000000,d3bc8d,home,64,TRUE,13,2,34,34,18,53,NA,17,89,24,27,10,9,6,0,0,17,4,23,43,0,17,17,47,s:40~l:54~t:47,Howard,Bison,003a63,e51937,56,11,24,10,0,94
401823136,2026,12/29/2025,121690,s:40~l:54~t:121690,Wheaton College (MA),Lyons,WCMA,NA,NA,away,24,FALSE,4,2,23,18,10,57,NA,9,25,1,4,0,7,6,3,0,9,3,34,30,0,17,17,225,s:40~l:54~t:225,Brown,Bears,411e09,949300,76,1,14,0,0,0
401818575,2026,12/29/2025,2127,s:40~l:54~t:2127,Charleston Southern,Buccaneers,CHSO,2e3192,ded090,away,52,FALSE,9,0,14,36,18,50,NA,9,56,5,9,0,3,5,2,0,42,11,26,17,0,13,13,61,s:40~l:54~t:61,Georgia,Lady Bulldogs,ba0c2f,2c2a29,97,8,10,10,0,0
401818575,2026,12/29/2025,61,s:40~l:54~t:61,Georgia,Lady Bulldogs,UGA,ba0c2f,2c2a29,home,97,TRUE,26,3,30,57,41,72,NA,11,75,3,4,47,17,8,1,0,52,12,23,47,0,10,10,2127,s:40~l:54~t:2127,Charleston Southern,Buccaneers,2e3192,ded090,52,9,44,23,0,99
401825614,2026,12/28/2025,156,s:40~l:54~t:156,Creighton,Bluejays,CREI,005ca9,6cadde,away,74,FALSE,15,3,22,34,24,70,NA,24,75,15,20,1,19,9,2,1,33,11,33,41,1,14,14,46,s:40~l:54~t:46,Georgetown,Hoyas,110E42,001c58,76,10,24,25,2,1
401825614,2026,12/28/2025,46,s:40~l:54~t:46,Georgetown,Hoyas,GTWN,110E42,001c58,home,76,TRUE,9,1,27,46,26,56,NA,19,74,20,27,19,11,7,0,0,27,4,15,38,0,17,17,156,s:40~l:54~t:156,Creighton,Bluejays,005ca9,6cadde,74,20,36,15,2,98
401822832,2026,12/28/2025,139,s:40~l:54~t:139,Saint Louis,Billikens,SLU,00539C,ebebeb,home,132,TRUE,35,11,36,58,49,85,NA,10,77,17,22,79,18,12,0,0,45,17,38,54,0,10,10,123309,s:40~l:54~t:123309,Health Sciences & Pharmacy,Eutectics,NA,NA,53,28,60,33,0,97
401829603,2026,12/28/2025,2253,s:40~l:54~t:2253,Grand Canyon,Lopes,GCU,522398,ffffff,away,79,TRUE,19,1,39,47,30,64,NA,23,60,9,15,24,11,14,0,1,38,10,26,50,1,24,24,23,s:40~l:54~t:23,San José State,Spartans,0038a8,ffb81a,59,13,38,19,4,82
401828795,2026,12/28/2025,204,s:40~l:54~t:204,Oregon State,Beavers,ORST,dc4405,000000,away,74,TRUE,15,6,30,47,26,55,NA,16,79,15,19,12,8,7,1,0,50,7,14,38,0,18,18,2539,s:40~l:54~t:2539,San Francisco,Dons,005a36,ffffff,65,8,36,15,7,70
401828795,2026,12/28/2025,2539,s:40~l:54~t:2539,San Francisco,Dons,SF,005a36,ffffff,home,65,FALSE,11,0,22,39,24,61,NA,19,87,13,15,3,8,7,0,0,27,4,15,30,0,14,14,204,s:40~l:54~t:204,Oregon State,Beavers,dc4405,000000,74,12,36,14,7,12
401828794,2026,12/28/2025,2501,s:40~l:54~t:2501,Portland,Pilots,PORT,330072,a8b3ba,away,63,TRUE,16,8,25,43,24,56,NA,14,60,6,10,4,13,8,0,0,41,9,22,38,0,17,17,2608,s:40~l:54~t:2608,Saint Mary's,Gaels,d80024,003057,59,16,24,20,5,22
401826685,2026,12/28/2025,2239,s:40~l:54~t:2239,Cal State Fullerton,Titans,CSUF,003767,ff8300,home,110,TRUE,27,3,34,51,44,87,NA,15,83,19,23,88,29,28,0,0,18,3,17,63,0,17,17,111960,s:40~l:54~t:111960,La Sierra,Golden Eagles,NA,NA,22,30,78,47,0,99
401817555,2026,12/28/2025,13,s:40~l:54~t:13,Cal Poly,Mustangs,CP,1E4D2B,eed897,away,50,FALSE,14,2,25,35,18,52,NA,16,83,10,12,3,10,6,1,0,36,4,11,35,0,23,23,25,s:40~l:54~t:25,California,Golden Bears,041e42,ffc72c,91,2,22,6,2,8
401817555,2026,12/28/2025,25,s:40~l:54~t:25,California,Golden Bears,CAL,041e42,ffc72c,home,91,TRUE,25,6,25,54,36,67,NA,10,56,9,16,43,9,9,0,0,29,10,35,34,0,10,10,13,s:40~l:54~t:13,Cal Poly,Mustangs,1E4D2B,eed897,50,16,50,32,2,89
401825613,2026,12/28/2025,41,s:40~l:54~t:41,UConn,Huskies,CONN,0c2340,a2aaad,away,94,TRUE,28,6,21,59,39,66,NA,14,64,7,11,53,9,18,0,0,39,9,23,30,0,9,9,2086,s:40~l:54~t:2086,Butler,Bulldogs,0d1361,00a3e0,47,20,50,48,4,87
401817379,2026,12/28/2025,2011,s:40~l:54~t:2011,Alabama State,Lady Hornets,ALST,e9a900,0a0a0a,away,41,FALSE,10,0,24,29,17,59,NA,25,25,2,8,0,10,6,0,0,19,5,27,34,0,36,36,99,s:40~l:54~t:99,LSU,Tigers,461d76,fdd023,109,2,24,1,0,0
401825229,2026,12/28/2025,2294,s:40~l:54~t:2294,Iowa,Hawkeyes,IOWA,231f20,fcd116,home,99,TRUE,24,1,27,50,38,76,NA,11,68,17,25,25,21,9,0,0,26,6,23,48,0,14,14,213,s:40~l:54~t:213,Penn State,Lady Lions,061440,ffffff,76,19,56,23,3,95
401828796,2026,12/28/2025,301,s:40~l:54~t:301,San Diego,Toreros,USD,2f99d4,2f99d4,away,46,FALSE,12,4,38,27,18,67,NA,20,47,7,15,4,9,4,1,0,14,3,21,47,0,16,16,2541,s:40~l:54~t:2541,Santa Clara,Broncos,690b0b,101010,68,5,26,5,1,15
401828793,2026,12/28/2025,2547,s:40~l:54~t:2547,Seattle U,Redhawks,SEA,BF2E1A,c2c3c0,away,66,FALSE,8,2,28,40,22,55,NA,17,94,17,18,7,9,4,1,0,36,5,14,37,0,17,17,279,s:40~l:54~t:279,Pacific,Tigers,F47820,c2c3c0,85,6,30,6,10,24
401819638,2026,12/28/2025,183,s:40~l:54~t:183,Syracuse,Orange,SYR,000e54,ff431b,home,51,FALSE,8,8,24,34,22,64,NA,20,42,5,12,7,16,9,1,1,17,2,12,40,1,19,19,150,s:40~l:54~t:150,Duke,Blue Devils,00539b,ffffff,71,11,32,15,2,15
401819614,2026,12/28/2025,172,s:40~l:54~t:172,Cornell,Big Red,COR,b31b1b,ffffff,away,50,FALSE,12,2,22,33,19,58,NA,12,60,3,5,0,10,4,1,0,35,9,26,32,0,21,21,24,s:40~l:54~t:24,Stanford,Cardinal,8c1515,ffffff,82,3,18,5,0,0
401819614,2026,12/28/2025,24,s:40~l:54~t:24,Stanford,Cardinal,STAN,8c1515,ffffff,home,82,TRUE,17,4,30,52,34,66,NA,6,71,10,14,34,13,17,0,0,29,4,14,43,0,12,12,172,s:40~l:54~t:172,Cornell,Big Red,b31b1b,ffffff,50,17,56,24,0,99
401827920,2026,12/28/2025,2016,s:40~l:54~t:2016,Alcorn State,Lady Braves,ALCN,4b0058,46166a,away,44,FALSE,11,3,19,31,17,54,NA,26,86,6,7,5,12,7,1,0,50,4,8,31,0,25,25,145,s:40~l:54~t:145,Ole Miss,Rebels,13294b,cf142b,64,2,20,7,10,16
401827920,2026,12/28/2025,145,s:40~l:54~t:145,Ole Miss,Rebels,MISS,13294b,cf142b,home,64,TRUE,12,8,25,36,17,47,NA,12,76,29,38,22,14,9,1,0,9,1,11,39,0,17,17,2016,s:40~l:54~t:2016,Alcorn State,Lady Braves,4b0058,46166a,44,16,24,22,10,76
401830420,2026,12/28/2025,2046,s:40~l:54~t:2046,Austin Peay,Governors,APSU,8e0b0b,NA,home,73,TRUE,17,2,19,51,27,53,NA,16,56,9,16,35,18,19,1,0,40,10,25,37,0,21,21,2757,s:40~l:54~t:2757,Berry,Vikings,00205b,a2aaad,38,21,32,34,0,96
401828797,2026,12/28/2025,2492,s:40~l:54~t:2492,Pepperdine,Waves,PEPP,003A72,dc762f,away,63,FALSE,13,2,30,45,21,47,NA,16,72,13,18,5,3,5,1,0,44,8,18,33,0,16,16,265,s:40~l:54~t:265,Washington State,Cougars,a60f2d,4d4d4d,66,1,22,4,9,29
401826644,2026,12/28/2025,2032,s:40~l:54~t:2032,Arkansas State,Red Wolves,ARST,cc092f,000000,away,81,TRUE,19,3,23,39,32,83,NA,21,75,6,8,19,18,17,1,0,24,11,46,41,0,15,15,8,s:40~l:54~t:8,Arkansas,Razorbacks,a32136,ffffff,72,22,42,33,6,87
401826644,2026,12/28/2025,8,s:40~l:54~t:8,Arkansas,Razorbacks,ARK,a32136,ffffff,home,72,FALSE,13,4,34,39,23,59,NA,13,82,18,22,2,14,6,2,0,38,8,21,48,0,29,29,2032,s:40~l:54~t:2032,Arkansas State,Red Wolves,cc092f,000000,81,18,28,12,6,10
401819587,2026,12/28/2025,228,s:40~l:54~t:228,Clemson,Tigers,CLEM,f56600,ffffff,away,97,TRUE,27,5,27,60,33,55,NA,18,59,10,17,53,13,4,0,0,60,21,35,40,0,16,16,2130,s:40~l:54~t:2130,Chicago State,Cougars,006700,NA,44,15,22,30,0,98
401817418,2026,12/28/2025,140,s:40~l:54~t:140,Kansas City,Roos,KC,004b87,ffc72c,away,67,FALSE,12,1,26,36,27,76,NA,14,67,8,12,7,20,9,0,0,22,5,23,46,0,9,9,142,s:40~l:54~t:142,Missouri,Tigers,f1b82d,000000,71,7,32,15,8,39
401807972,2026,12/28/2025,2545,s:40~l:54~t:2545,SE Louisiana,Lady Lions,SELA,215732,ffc72c,away,38,FALSE,6,0,14,33,15,45,NA,20,47,7,15,3,6,5,5,0,25,1,4,20,0,30,30,251,s:40~l:54~t:251,Texas,Longhorns,af5c37,ffffff,120,4,24,8,1,2
401807972,2026,12/28/2025,251,s:40~l:54~t:251,Texas,Longhorns,TEX,af5c37,ffffff,home,120,TRUE,27,6,27,60,48,80,NA,13,64,16,25,88,23,16,0,0,36,8,22,50,0,7,7,2545,s:40~l:54~t:2545,SE Louisiana,Lady Lions,215732,ffc72c,38,17,68,50,1,95
401825231,2026,12/28/2025,26,s:40~l:54~t:26,UCLA,Bruins,UCLA,2774ae,f2a900,away,82,TRUE,16,4,28,45,33,73,NA,15,69,9,13,16,19,8,0,0,32,7,22,47,0,16,16,194,s:40~l:54~t:194,Ohio State,Buckeyes,ba0c2f,a8adb4,75,12,50,13,0,95
401825231,2026,12/28/2025,194,s:40~l:54~t:194,Ohio State,Buckeyes,OSU,ba0c2f,a8adb4,home,75,FALSE,16,4,22,44,28,64,NA,17,86,12,14,0,10,8,1,0,23,7,30,32,0,12,12,26,s:40~l:54~t:26,UCLA,Bruins,2774ae,f2a900,82,18,32,11,0,0
401818587,2026,12/28/2025,2275,s:40~l:54~t:2275,Hofstra,Pride,HOF,003594,ffc72c,away,42,FALSE,6,1,18,33,16,49,NA,14,67,10,15,0,7,4,0,0,0,0,3,25,0,14,14,96,s:40~l:54~t:96,Kentucky,Wildcats,0033a0,ffffff,80,0,22,0,0,0
401825230,2026,12/28/2025,164,s:40~l:54~t:164,Rutgers,Scarlet Knights,RUTG,ce0e2d,ffffff,away,64,FALSE,12,4,30,42,22,53,NA,22,80,16,20,3,14,8,2,0,20,4,20,44,0,25,25,127,s:40~l:54~t:127,Michigan State,Spartans,173f35,ffffff,70,16,32,9,10,7
401825230,2026,12/28/2025,127,s:40~l:54~t:127,Michigan State,Spartans,MSU,173f35,ffffff,home,70,TRUE,15,2,19,35,24,68,NA,19,79,19,24,11,17,13,0,0,13,3,24,36,0,12,12,164,s:40~l:54~t:164,Rutgers,Scarlet Knights,ce0e2d,ffffff,64,12,38,20,10,81
401825042,2026,12/28/2025,159,s:40~l:54~t:159,Dartmouth,Big Green,DART,005730,000000,away,59,FALSE,11,5,28,40,21,52,NA,13,88,14,16,9,8,7,2,0,18,3,17,36,0,16,16,261,s:40~l:54~t:261,Vermont,Catamounts,154734,ffc72c,61,2,32,6,7,53
401825015,2026,12/28/2025,2603,s:40~l:54~t:2603,Saint Joseph's,Hawks,JOES,9e1b32,6c6f70,home,108,TRUE,30,7,28,62,42,68,NA,4,50,7,14,70,16,10,0,0,53,17,32,44,0,7,7,128567,s:40~l:54~t:128567,Arcadia,Knights,NA,NA,38,12,42,35,0,96
401822292,2026,12/28/2025,45,s:40~l:54~t:45,George Washington,Revolutionaries,GW,002843,e8d2a1,home,63,TRUE,14,9,33,39,19,49,NA,28,95,20,21,16,9,8,1,0,33,5,15,42,0,23,23,2154,s:40~l:54~t:2154,Coppin State,Eagles,2e3192,ffd204,49,4,24,13,0,94
401819773,2026,12/28/2025,56,s:40~l:54~t:56,Stetson,Hatters,STET,0a5640,56854e,away,45,FALSE,10,0,27,29,17,58,NA,10,50,2,4,4,8,2,3,0,26,9,34,35,0,20,20,2390,s:40~l:54~t:2390,Miami,Hurricanes,f47423,035131,77,1,12,11,3,17
401819773,2026,12/28/2025,2390,s:40~l:54~t:2390,Miami,Hurricanes,MIA,f47423,035131,home,77,TRUE,19,4,32,49,33,68,NA,9,78,7,9,35,9,13,0,0,24,4,17,41,0,8,8,56,s:40~l:54~t:56,Stetson,Hatters,0a5640,56854e,45,19,48,26,3,72
401818525,2026,12/28/2025,231,s:40~l:54~t:231,Furman,Paladins,FUR,582c83,ffffff,away,66,FALSE,10,1,25,42,27,64,NA,22,45,9,20,2,21,11,0,0,27,3,11,46,0,26,26,57,s:40~l:54~t:57,Florida,Gators,0021a5,fa4616,82,4,34,11,4,5
401818525,2026,12/28/2025,57,s:40~l:54~t:57,Florida,Gators,FLA,0021a5,fa4616,home,82,TRUE,16,8,20,50,32,64,NA,15,62,16,26,18,14,15,0,0,11,2,18,34,0,18,18,231,s:40~l:54~t:231,Furman,Paladins,582c83,ffffff,66,19,58,33,4,83
401827483,2026,12/28/2025,195,s:40~l:54~t:195,Ohio,Bobcats,OHIO,154734,ffffff,home,96,TRUE,20,4,28,39,30,76,NA,11,75,24,32,34,19,18,0,0,32,12,38,47,0,10,10,2726,s:40~l:54~t:2726,Wilberforce,Bulldogs,000000,NA,64,28,36,31,0,95
401827464,2026,12/28/2025,2534,s:40~l:54~t:2534,Sam Houston,Bearkats,SHSU,f56423,ffffff,home,110,TRUE,29,3,29,54,42,78,NA,9,72,18,25,72,26,27,2,0,44,8,18,55,0,17,17,2163,s:40~l:54~t:2163,Dallas,Crusaders,000000,NA,38,37,48,41,0,98
401825615,2026,12/28/2025,2752,s:40~l:54~t:2752,Xavier,Musketeers,XAV,21304e,a5a7a8,away,55,FALSE,11,3,15,39,21,54,NA,25,60,6,10,3,8,4,0,1,29,7,24,23,1,16,16,2550,s:40~l:54~t:2550,Seton Hall,Pirates,0857B1,8a8d8f,75,5,18,15,1,3
401811134,2026,12/28/2025,2507,s:40~l:54~t:2507,Providence,Friars,PROV,000000,a3a19e,away,55,FALSE,9,2,21,35,22,63,NA,21,57,8,14,2,11,4,0,0,18,3,17,32,0,11,11,2579,s:40~l:54~t:2579,South Carolina,Gamecocks,73000a,000000,96,3,28,9,4,1
401811134,2026,12/28/2025,2579,s:40~l:54~t:2579,South Carolina,Gamecocks,SC,73000a,000000,home,96,TRUE,24,4,30,53,36,68,NA,11,63,12,19,43,14,8,0,0,41,12,29,44,0,9,9,2507,s:40~l:54~t:2507,Providence,Friars,000000,a3a19e,55,30,42,14,4,96
401825228,2026,12/28/2025,356,s:40~l:54~t:356,Illinois,Fighting Illini,ILL,ff5f05,13294b,away,83,TRUE,12,0,25,47,26,55,NA,18,83,25,30,14,10,6,1,0,38,6,16,35,0,17,17,2509,s:40~l:54~t:2509,Purdue,Boilermakers,ceb888,000000,73,8,30,23,6,94
401825228,2026,12/28/2025,2509,s:40~l:54~t:2509,Purdue,Boilermakers,PUR,ceb888,000000,home,73,FALSE,18,3,20,53,31,58,NA,23,53,8,15,1,6,7,1,0,21,3,14,26,0,16,16,356,s:40~l:54~t:356,Illinois,Fighting Illini,ff5f05,13294b,83,6,46,21,6,6
401813195,2026,12/28/2025,59,s:40~l:54~t:59,Georgia Tech,Yellow Jackets,GT,b3a369,ffffff,home,79,TRUE,29,3,42,51,32,63,NA,15,57,8,14,22,13,5,0,0,37,7,19,55,0,14,14,2747,s:40~l:54~t:2747,Wofford,Terriers,533B24,f0f0f0,63,9,44,7,0,99
401827188,2026,12/27/2025,2437,s:40~l:54~t:2437,Omaha,Mavericks,OMA,e3193e,474648,home,90,TRUE,19,3,30,48,29,61,NA,18,76,19,25,13,14,4,1,0,43,13,30,44,0,22,22,3065,s:40~l:54~t:3065,Briar Cliff,Chargers,000000,NA,81,7,30,10,6,54
401831295,2026,12/22/2025,127,s:40~l:54~t:127,Michigan State,Spartans,MSU,173f35,ffffff,away,66,TRUE,8,1,24,49,24,49,NA,20,65,13,20,20,13,7,2,0,63,5,8,37,0,22,22,145,s:40~l:54~t:145,Ole Miss,Rebels,13294b,cf142b,49,0,36,17,2,71
401831295,2026,12/22/2025,145,s:40~l:54~t:145,Ole Miss,Rebels,MISS,13294b,cf142b,home,49,FALSE,5,3,15,33,17,51,NA,20,52,13,25,4,17,7,3,1,12,2,17,32,1,20,20,127,s:40~l:54~t:127,Michigan State,Spartans,173f35,ffffff,66,8,24,18,2,11
401818672,2026,12/22/2025,194,s:40~l:54~t:194,Ohio State,Buckeyes,OSU,ba0c2f,a8adb4,home,95,TRUE,22,3,39,55,42,76,NA,13,55,6,11,48,10,14,0,0,23,5,22,49,0,7,7,2711,s:40~l:54~t:2711,Western Michigan,Broncos,532e1f,f1c500,47,23,56,19,0,99
401818595,2026,12/22/2025,88,s:40~l:54~t:88,Southern Indiana,Screaming Eagles,USI,000000,NA,away,44,FALSE,7,2,29,31,17,55,NA,15,55,6,11,3,13,7,4,0,36,4,11,42,0,29,29,2633,s:40~l:54~t:2633,Tennessee,Lady Volunteers,ff8200,ffffff,89,12,20,10,1,2
401818595,2026,12/22/2025,2633,s:40~l:54~t:2633,Tennessee,Lady Volunteers,TENN,ff8200,ffffff,home,89,TRUE,19,9,27,40,29,72,NA,18,59,13,22,46,19,17,1,0,38,18,48,46,0,13,13,88,s:40~l:54~t:88,Southern Indiana,Screaming Eagles,000000,NA,44,22,22,36,1,90
401831274,2026,12/22/2025,295,s:40~l:54~t:295,Old Dominion,Monarchs,ODU,003768,a1d2f1,away,89,TRUE,12,7,39,44,32,73,NA,28,69,18,26,28,22,9,0,0,39,7,18,61,0,21,21,282,s:40~l:54~t:282,Indiana State,Sycamores,00669a,f0f0f0,68,7,40,13,0,99
401831274,2026,12/22/2025,282,s:40~l:54~t:282,Indiana State,Sycamores,INST,00669a,f0f0f0,home,68,FALSE,9,4,23,32,23,71,NA,21,53,16,30,0,17,6,0,0,29,6,21,40,0,15,15,295,s:40~l:54~t:295,Old Dominion,Monarchs,003768,a1d2f1,89,12,24,17,0,0
401825611,2026,12/22/2025,156,s:40~l:54~t:156,Creighton,Bluejays,CREI,005ca9,6cadde,home,79,FALSE,16,2,17,44,26,59,NA,17,82,14,17,7,9,6,0,1,39,13,33,26,1,14,14,2550,s:40~l:54~t:2550,Seton Hall,Pirates,0857B1,8a8d8f,88,12,22,23,1,9
401825002,2026,12/22/2025,2046,s:40~l:54~t:2046,Austin Peay,Governors,APSU,8e0b0b,NA,away,57,TRUE,15,0,27,42,22,53,NA,18,60,9,15,13,17,4,3,0,27,4,15,44,0,17,17,2350,s:40~l:54~t:2350,Loyola Chicago,Ramblers,9d1244,NA,47,6,34,10,2,74
401825002,2026,12/22/2025,2350,s:40~l:54~t:2350,Loyola Chicago,Ramblers,LUC,9d1244,NA,home,47,FALSE,9,7,16,28,15,53,NA,16,57,12,21,3,15,6,0,0,23,5,22,31,0,8,8,2046,s:40~l:54~t:2046,Austin Peay,Governors,8e0b0b,NA,57,0,20,16,2,19
401813230,2026,12/22/2025,2649,s:40~l:54~t:2649,Toledo,Rockets,TOL,0b2240,ffcd00,away,64,TRUE,18,4,32,47,25,53,NA,19,69,9,13,26,5,8,1,0,29,5,17,37,0,19,19,299,s:40~l:54~t:299,Long Beach State,Beach,000000,f1f2f3,43,8,36,17,3,69
401813230,2026,12/22/2025,299,s:40~l:54~t:299,Long Beach State,Beach,LBSU,000000,f1f2f3,home,43,FALSE,10,0,18,29,16,55,NA,13,56,9,16,6,8,11,0,0,14,2,14,26,0,17,17,2649,s:40~l:54~t:2649,Toledo,Rockets,0b2240,ffcd00,64,0,18,8,3,23
401827296,2026,12/22/2025,254,s:40~l:54~t:254,Utah,Utes,UTAH,be0000,ffffff,away,63,TRUE,16,1,31,39,26,66,NA,15,50,6,12,18,14,5,0,0,24,5,21,45,0,15,15,12,s:40~l:54~t:12,Arizona,Wildcats,cc0033,003366,62,10,36,11,8,82
401827296,2026,12/22/2025,12,s:40~l:54~t:12,Arizona,Wildcats,ARIZ,cc0033,003366,home,62,FALSE,14,6,25,37,22,59,NA,18,88,14,16,4,6,9,2,0,57,4,7,31,0,11,11,254,s:40~l:54~t:254,Utah,Utes,be0000,ffffff,63,12,30,16,8,16
401825116,2026,12/22/2025,2110,s:40~l:54~t:2110,Central Arkansas,Sugar Bears,CARK,a7a9ac,8e959a,away,61,FALSE,7,3,20,36,24,67,NA,25,47,7,15,5,8,18,0,0,24,6,25,28,0,10,10,2623,s:40~l:54~t:2623,Missouri State,Lady Bears,5e0009,ffffff,65,9,30,14,7,14
401806523,2026,12/22/2025,2710,s:40~l:54~t:2710,Western Illinois,Leathernecks,WIU,4e1e8a,ffc90a,home,75,TRUE,11,5,25,44,27,62,NA,13,80,16,20,25,7,12,0,0,42,5,12,32,0,6,6,2565,s:40~l:54~t:2565,SIU Edwardsville,Cougars,eb1c23,080808,51,8,42,21,10,83
401824051,2026,12/22/2025,201,s:40~l:54~t:201,Oklahoma,Sooners,OU,990000,ffffff,home,126,TRUE,33,12,37,55,48,88,NA,21,80,16,20,74,23,21,0,0,47,14,30,60,0,17,17,2428,s:40~l:54~t:2428,North Carolina Central,Eagles,880023,c2c3c0,54,27,66,36,0,99
401825967,2026,12/22/2025,2534,s:40~l:54~t:2534,Sam Houston,Bearkats,SHSU,f56423,ffffff,home,65,TRUE,17,0,18,38,21,55,NA,21,72,21,29,13,14,19,1,0,18,2,11,32,0,24,24,2458,s:40~l:54~t:2458,Northern Colorado,Bears,13558D,ffc533,56,21,28,32,2,29
401825122,2026,12/22/2025,526,s:40~l:54~t:526,Florida Gulf Coast,Eagles,FGCU,00885a,076c3b,home,120,TRUE,34,4,39,67,49,73,NA,11,73,11,15,90,15,14,2,0,44,11,25,54,0,12,12,126864,s:40~l:54~t:126864,Fort Lauderdale,Eagles,NA,NA,32,50,74,34,0,97
401823689,2026,12/22/2025,2241,s:40~l:54~t:2241,Gardner-Webb,Runnin' Bulldogs,GWEB,c12535,909090,away,66,FALSE,21,2,11,38,25,66,NA,14,83,5,6,2,13,9,0,0,32,11,34,24,0,11,11,154,s:40~l:54~t:154,Wake Forest,Demon Deacons,ceb888,2c2a29,78,5,18,22,2,3
401823689,2026,12/22/2025,154,s:40~l:54~t:154,Wake Forest,Demon Deacons,WAKE,ceb888,2c2a29,home,78,TRUE,27,2,27,58,30,52,NA,9,54,7,13,15,12,6,0,0,48,11,23,39,0,19,19,2241,s:40~l:54~t:2241,Gardner-Webb,Runnin' Bulldogs,c12535,909090,66,24,36,10,2,94
401825612,2026,12/22/2025,2599,s:40~l:54~t:2599,St. John's,Red Storm,SJU,d10000,101010,away,48,FALSE,12,3,20,43,21,49,NA,18,44,4,9,2,5,6,2,1,13,2,15,25,1,21,21,222,s:40~l:54~t:222,Villanova,Wildcats,00205b,13b5ea,85,3,28,11,1,1
401825098,2026,12/22/2025,5,s:40~l:54~t:5,UAB,Blazers,UAB,1a5632,fdb913,home,65,TRUE,19,5,30,41,24,58,NA,10,50,3,6,20,9,5,0,0,48,14,29,39,0,12,12,2535,s:40~l:54~t:2535,Samford,Bulldogs,005485,bc0023,49,18,18,10,5,92
401817554,2026,12/21/2025,25,s:40~l:54~t:25,California,Golden Bears,CAL,041e42,ffc72c,home,57,FALSE,8,4,32,36,18,50,NA,18,67,20,30,9,9,8,2,0,9,1,11,41,0,18,18,30,s:40~l:54~t:30,USC,Trojans,9d2235,ffc72c,61,12,34,16,11,67
401827921,2026,12/21/2025,145,s:40~l:54~t:145,Ole Miss,Rebels,MISS,13294b,cf142b,away,86,TRUE,12,5,22,54,33,61,NA,10,64,18,28,31,18,7,1,0,33,2,6,40,0,16,16,295,s:40~l:54~t:295,Old Dominion,Monarchs,003768,a1d2f1,57,11,58,34,2,94
401827921,2026,12/21/2025,295,s:40~l:54~t:295,Old Dominion,Monarchs,ODU,003768,a1d2f1,home,57,FALSE,9,2,15,41,22,54,NA,24,67,6,9,2,10,6,2,0,41,7,17,25,0,25,25,145,s:40~l:54~t:145,Ole Miss,Rebels,13294b,cf142b,86,7,28,11,2,1
401830898,2026,12/21/2025,87,s:40~l:54~t:87,Notre Dame,Fighting Irish,ND,062340,c99700,home,110,TRUE,25,2,31,54,45,84,NA,13,80,12,15,77,17,28,0,0,27,8,30,48,0,7,7,91,s:40~l:54~t:91,Bellarmine,Knights,000000,NA,38,44,62,53,0,99
401827291,2026,12/21/2025,38,s:40~l:54~t:38,Colorado,Buffaloes,COLO,cfb87c,000000,away,63,FALSE,14,0,15,44,26,59,NA,20,70,7,10,0,10,14,3,0,29,4,14,25,0,19,19,9,s:40~l:54~t:9,Arizona State,Sun Devils,ffc627,8c1d40,79,6,36,28,0,0
401827291,2026,12/21/2025,9,s:40~l:54~t:9,Arizona State,Sun Devils,ASU,ffc627,8c1d40,home,79,TRUE,18,2,24,59,26,44,NA,12,87,20,23,16,5,9,1,0,58,7,12,29,0,22,22,38,s:40~l:54~t:38,Colorado,Buffaloes,cfb87c,000000,63,5,28,25,0,99
401818686,2026,12/21/2025,2483,s:40~l:54~t:2483,Oregon,Ducks,ORE,00934b,fff41b,away,53,FALSE,8,5,34,32,18,56,NA,12,71,15,21,3,5,9,0,0,14,2,14,39,0,16,16,24,s:40~l:54~t:24,Stanford,Cardinal,8c1515,ffffff,64,2,24,13,3,6
401818686,2026,12/21/2025,24,s:40~l:54~t:24,Stanford,Cardinal,STAN,8c1515,ffffff,home,64,TRUE,15,1,35,40,27,67,NA,15,60,6,10,12,8,11,0,0,33,4,12,43,0,16,16,2483,s:40~l:54~t:2483,Oregon,Ducks,00934b,fff41b,53,9,40,13,3,90
401826110,2026,12/21/2025,253,s:40~l:54~t:253,Southern Utah,Thunderbirds,SUU,c72026,000000,away,68,FALSE,17,4,22,48,26,54,NA,20,57,8,14,0,5,0,1,0,40,8,20,27,0,16,16,2351,s:40~l:54~t:2351,Loyola Marymount,Lions,880029,00345b,76,0,32,8,0,0
401825983,2026,12/21/2025,282,s:40~l:54~t:282,Indiana State,Sycamores,INST,00669a,f0f0f0,away,66,FALSE,12,0,21,35,18,52,NA,20,79,23,29,0,9,4,2,0,32,7,22,30,0,25,25,127,s:40~l:54~t:127,Michigan State,Spartans,173f35,ffffff,115,6,16,14,0,0
401825983,2026,12/21/2025,127,s:40~l:54~t:127,Michigan State,Spartans,MSU,173f35,ffffff,home,115,TRUE,22,5,28,53,39,73,NA,21,76,22,29,50,16,16,1,0,44,15,34,44,0,13,13,282,s:40~l:54~t:282,Indiana State,Sycamores,00669a,f0f0f0,66,11,40,35,0,99
401826118,2026,12/21/2025,27,s:40~l:54~t:27,UC Riverside,Highlanders,UCR,14234F,NA,home,62,FALSE,16,2,21,39,26,67,NA,22,60,3,5,8,11,9,1,0,28,7,25,32,0,14,14,2250,s:40~l:54~t:2250,Gonzaga,Bulldogs,041e42,c8102e,68,7,24,20,13,41
401823660,2026,12/21/2025,2582,s:40~l:54~t:2582,Southern,Jaguars,SOU,004B97,ffc82d,away,62,FALSE,9,6,24,36,22,61,NA,22,63,12,19,2,18,5,0,1,35,6,17,42,1,21,21,2567,s:40~l:54~t:2567,SMU,Mustangs,a80000,0033a1,74,0,24,14,2,4
401813920,2026,12/21/2025,2368,s:40~l:54~t:2368,Marist,Red Foxes,MRST,e53730,f0f0f0,home,67,FALSE,10,2,20,42,22,52,NA,19,88,15,17,0,9,6,0,0,44,8,18,29,0,13,13,2514,s:40~l:54~t:2514,Quinnipiac,Bobcats,041B43,NA,76,2,12,7,0,0
401812784,2026,12/21/2025,16,s:40~l:54~t:16,Sacramento State,Hornets,SAC,00573C,cdb97d,away,56,FALSE,12,2,20,39,21,54,NA,18,50,7,14,5,14,11,0,0,29,7,24,34,0,26,26,23,s:40~l:54~t:23,San José State,Spartans,0038a8,ffb81a,61,8,24,25,4,8
401808087,2026,12/21/2025,2501,s:40~l:54~t:2501,Portland,Pilots,PORT,330072,a8b3ba,away,98,TRUE,29,6,30,61,39,64,NA,22,86,12,14,49,14,13,3,0,50,8,16,44,0,15,15,2502,s:40~l:54~t:2502,Portland State,Vikings,00311e,ebebeb,53,19,58,35,0,99
401827292,2026,12/21/2025,2641,s:40~l:54~t:2641,Texas Tech,Lady Raiders,TTU,da291c,000000,away,61,TRUE,12,3,24,39,22,57,NA,20,76,13,17,8,13,10,0,0,18,4,22,37,0,18,18,239,s:40~l:54~t:239,Baylor,Bears,154734,ffb81c,60,7,30,17,7,36
401827292,2026,12/21/2025,239,s:40~l:54~t:239,Baylor,Bears,BAY,154734,ffb81c,home,60,FALSE,11,3,24,37,21,57,NA,20,67,12,18,6,14,8,0,0,29,6,21,38,0,21,21,2641,s:40~l:54~t:2641,Texas Tech,Lady Raiders,da291c,000000,61,6,24,14,7,43
401826965,2026,12/21/2025,2460,s:40~l:54~t:2460,Northern Iowa,Panthers,UNI,473282,ffffff,away,58,TRUE,12,2,23,40,21,53,NA,16,82,9,11,18,7,10,0,0,35,7,20,30,0,16,16,2900,s:40~l:54~t:2900,St. Thomas-Minnesota,Tommies,000000,NA,40,5,24,14,6,47
401826965,2026,12/21/2025,2900,s:40~l:54~t:2900,St. Thomas-Minnesota,Tommies,STMN,000000,NA,home,40,FALSE,10,8,25,30,14,46,NA,16,44,7,16,9,12,10,1,0,24,5,21,37,0,25,25,2460,s:40~l:54~t:2460,Northern Iowa,Panthers,473282,ffffff,58,8,18,9,6,47
401826661,2026,12/21/2025,135,s:40~l:54~t:135,Minnesota,Golden Gophers,MINN,5e0a2f,fab41c,away,68,TRUE,12,0,29,46,30,65,NA,21,50,3,6,29,11,12,0,0,29,5,17,40,0,10,10,2181,s:40~l:54~t:2181,Drake,Bulldogs,005596,bec0c2,43,9,40,24,6,87
401826661,2026,12/21/2025,2181,s:40~l:54~t:2181,Drake,Bulldogs,DRKE,005596,bec0c2,home,43,FALSE,12,0,24,29,13,45,NA,15,63,12,19,4,8,3,1,0,19,5,26,32,0,21,21,135,s:40~l:54~t:135,Minnesota,Golden Gophers,5e0a2f,fab41c,68,2,16,9,6,12
401822812,2026,12/21/2025,249,s:40~l:54~t:249,North Texas,Mean Green,UNT,068f33,ffffff,home,72,FALSE,12,2,28,34,25,74,NA,23,71,17,24,2,23,4,1,0,38,5,13,51,0,13,13,2541,s:40~l:54~t:2541,Santa Clara,Broncos,690b0b,101010,84,4,34,9,1,1
401822251,2026,12/21/2025,2437,s:40~l:54~t:2437,Omaha,Mavericks,OMA,e3193e,474648,home,61,FALSE,12,5,20,36,20,56,NA,19,82,14,17,5,11,6,3,0,27,7,26,31,0,18,18,2692,s:40~l:54~t:2692,Weber State,Wildcats,18005a,ebebeb,74,5,22,18,4,11
401813938,2026,12/21/2025,314,s:40~l:54~t:314,Iona,Gaels,IONA,6f2c3e,f0ab00,away,55,FALSE,14,0,26,28,21,74,NA,17,73,8,11,0,18,10,0,0,21,5,24,44,0,10,10,116,s:40~l:54~t:116,Mount St. Mary's,Mountaineers,005596,ebebeb,65,11,20,11,0,0
401813271,2026,12/21/2025,2653,s:40~l:54~t:2653,Troy,Trojans,TROY,862633,b1b1b1,away,59,FALSE,10,1,27,34,24,70,NA,15,40,6,15,4,17,8,0,0,21,5,24,44,0,13,13,333,s:40~l:54~t:333,Alabama,Crimson Tide,9e1b32,ffffff,77,10,34,8,11,21
401813271,2026,12/21/2025,333,s:40~l:54~t:333,Alabama,Crimson Tide,ALA,9e1b32,ffffff,home,77,TRUE,15,2,33,45,30,66,NA,15,60,9,15,21,11,6,1,0,32,8,25,44,0,12,12,2653,s:40~l:54~t:2653,Troy,Trojans,862633,b1b1b1,59,3,38,12,11,73
401818524,2026,12/21/2025,202,s:40~l:54~t:202,Tulsa,Golden Hurricane,TLSA,003595,d0b787,away,74,TRUE,13,2,13,47,24,51,NA,16,61,17,28,13,9,13,0,0,38,9,24,22,0,19,19,57,s:40~l:54~t:57,Florida,Gators,0021a5,fa4616,67,26,30,32,7,87
401818524,2026,12/21/2025,57,s:40~l:54~t:57,Florida,Gators,FLA,0021a5,fa4616,home,67,FALSE,14,7,23,43,26,60,NA,23,69,11,16,2,20,9,0,1,25,4,16,43,1,23,23,202,s:40~l:54~t:202,Tulsa,Golden Hurricane,003595,d0b787,74,18,40,19,7,4
401831272,2026,12/21/2025,2655,s:40~l:54~t:2655,Tulane,Green Wave,TULN,006747,418fde,home,67,FALSE,10,3,34,33,24,72,NA,19,64,16,25,8,18,5,0,0,14,3,21,52,0,17,17,2382,s:40~l:54~t:2382,Mercer,Bears,ff7f29,080808,70,7,42,14,13,36
401824229,2026,12/21/2025,71,s:40~l:54~t:71,Bradley,Braves,BRAD,b70002,c0c0c0,away,62,TRUE,12,5,30,38,24,63,NA,17,33,4,12,6,12,6,0,0,34,10,29,42,0,9,9,94,s:40~l:54~t:94,Northern Kentucky,Norse,ffc82e,000000,61,14,26,14,11,37
401824229,2026,12/21/2025,94,s:40~l:54~t:94,Northern Kentucky,Norse,NKU,ffc82e,000000,home,61,FALSE,7,1,29,35,23,66,NA,13,69,11,16,9,17,6,1,0,20,4,20,46,0,12,12,71,s:40~l:54~t:71,Bradley,Braves,b70002,c0c0c0,62,7,34,8,11,50
401824160,2026,12/21/2025,257,s:40~l:54~t:257,Richmond,Spiders,RICH,9e0712,b90b2e,away,70,TRUE,14,4,19,45,29,64,NA,3,75,6,8,20,10,6,0,0,22,6,27,29,0,13,13,213,s:40~l:54~t:213,Penn State,Lady Lions,061440,ffffff,54,10,46,26,0,99
401818605,2026,12/21/2025,251,s:40~l:54~t:251,Texas,Longhorns,TEX,af5c37,ffffff,away,70,TRUE,18,8,23,45,30,66,NA,18,54,7,13,23,13,13,0,0,25,3,12,36,0,11,11,2571,s:40~l:54~t:2571,South Dakota State,Jackrabbits,0033a0,ffd100,51,11,44,18,0,95
401818605,2026,12/21/2025,2571,s:40~l:54~t:2571,South Dakota State,Jackrabbits,SDST,0033a0,ffd100,home,51,FALSE,9,5,27,36,16,45,NA,14,71,15,21,0,9,7,0,0,21,4,19,36,0,23,23,251,s:40~l:54~t:251,Texas,Longhorns,af5c37,ffffff,70,0,22,13,0,0
401831261,2026,12/21/2025,48,s:40~l:54~t:48,Delaware,Blue Hens,DEL,00539f,ffd200,away,66,FALSE,9,4,27,51,29,57,NA,17,63,5,8,4,3,9,0,0,25,3,12,30,0,16,16,2603,s:40~l:54~t:2603,Saint Joseph's,Hawks,9e1b32,6c6f70,73,7,42,16,6,13
401831261,2026,12/21/2025,2603,s:40~l:54~t:2603,Saint Joseph's,Hawks,JOES,9e1b32,6c6f70,home,73,TRUE,21,2,25,43,26,61,NA,11,78,14,18,12,8,10,1,0,28,7,25,33,0,14,14,48,s:40~l:54~t:48,Delaware,Blue Hens,00539f,ffd200,66,20,34,25,6,76
401827295,2026,12/21/2025,277,s:40~l:54~t:277,West Virginia,Mountaineers,WVU,eaaa00,002855,home,101,TRUE,21,0,24,51,36,70,NA,16,69,18,26,58,16,25,0,0,48,11,23,40,0,12,12,248,s:40~l:54~t:248,Houston,Cougars,c8102e,ffffff,46,23,50,43,0,98
401827293,2026,12/21/2025,197,s:40~l:54~t:197,Oklahoma State,Cowgirls,OKST,fe5c00,000000,away,91,TRUE,24,2,21,48,31,64,NA,19,80,12,15,28,19,7,1,0,47,17,36,40,0,16,16,2132,s:40~l:54~t:2132,Cincinnati,Bearcats,000000,e00122,63,11,26,23,3,87
401827293,2026,12/21/2025,2132,s:40~l:54~t:2132,Cincinnati,Bearcats,CIN,000000,e00122,home,63,FALSE,10,5,14,38,20,52,NA,15,76,16,21,5,13,5,0,1,37,7,19,27,1,18,18,197,s:40~l:54~t:197,Oklahoma State,Cowgirls,fe5c00,000000,91,2,24,17,3,10
401825155,2026,12/21/2025,50,s:40~l:54~t:50,Florida A&M,Rattlers,FAMU,F89728,00843d,home,57,FALSE,8,1,20,36,18,50,NA,23,71,17,24,2,9,2,1,0,18,4,22,29,0,20,20,2698,s:40~l:54~t:2698,West Georgia,Wolves,0033a1,db1a21,72,11,24,12,2,3
401824209,2026,12/21/2025,2506,s:40~l:54~t:2506,Presbyterian,Blue Hose,PRES,194896,990134,home,39,FALSE,5,2,20,30,16,53,NA,17,44,4,9,0,5,7,0,0,19,3,16,25,0,15,15,55,s:40~l:54~t:55,Jacksonville State,Gamecocks,cc0000,000000,74,4,18,13,0,0
401823113,2026,12/21/2025,2349,s:40~l:54~t:2349,UMass Lowell,River Hawks,UML,000000,cf1f2f,away,56,FALSE,11,1,20,39,20,51,NA,9,100,8,8,4,4,2,3,0,38,8,21,24,0,12,12,107,s:40~l:54~t:107,Holy Cross,Crusaders,582c83,ffffff,78,2,18,11,10,8
401823113,2026,12/21/2025,107,s:40~l:54~t:107,Holy Cross,Crusaders,HC,582c83,ffffff,home,78,TRUE,28,3,27,56,34,61,NA,10,75,3,4,26,7,5,0,0,32,7,22,34,0,9,9,2349,s:40~l:54~t:2349,UMass Lowell,River Hawks,000000,cf1f2f,56,18,42,15,10,75
401819764,2026,12/21/2025,2771,s:40~l:54~t:2771,Merrimack,Warriors,MRMK,2f4f93,e8c535,away,65,FALSE,8,4,27,38,23,60,NA,12,100,13,13,0,11,8,0,0,35,6,17,38,0,21,21,2217,s:40~l:54~t:2217,Fairfield,Stags,000000,ebebeb,84,13,32,12,0,0
401819764,2026,12/21/2025,2217,s:40~l:54~t:2217,Fairfield,Stags,FAIR,000000,ebebeb,home,84,TRUE,23,4,26,45,33,73,NA,17,78,7,9,23,14,16,0,0,32,11,34,40,0,13,13,2771,s:40~l:54~t:2771,Merrimack,Warriors,2f4f93,e8c535,65,15,44,23,0,99
401819586,2026,12/21/2025,2454,s:40~l:54~t:2454,North Florida,Ospreys,UNF,004B8D,babcbe,away,62,FALSE,8,2,12,40,23,57,NA,20,86,6,7,2,5,7,3,0,53,10,19,17,0,9,9,228,s:40~l:54~t:228,Clemson,Tigers,f56600,ffffff,84,0,22,8,1,2
401819586,2026,12/21/2025,228,s:40~l:54~t:228,Clemson,Tigers,CLEM,f56600,ffffff,home,84,TRUE,11,1,30,54,33,61,NA,12,68,13,19,29,19,3,1,0,25,5,20,49,0,14,14,2454,s:40~l:54~t:2454,North Florida,Ospreys,004B8D,babcbe,62,13,48,10,1,95
401813807,2026,12/21/2025,2520,s:40~l:54~t:2520,Rider,Broncs,RID,a80532,ebebeb,away,59,FALSE,21,6,24,53,24,45,NA,15,58,7,12,8,8,6,0,0,31,4,13,32,0,18,18,2529,s:40~l:54~t:2529,Sacred Heart,Pioneers,a40012,c29472,61,6,36,6,5,36
401807897,2026,12/21/2025,2466,s:40~l:54~t:2466,Northwestern State,Lady Demons,NWST,492F91,ed6118,home,60,TRUE,12,2,26,41,21,51,NA,20,59,10,17,7,6,7,0,0,40,8,20,32,0,17,17,2320,s:40~l:54~t:2320,Lamar,Cardinals,000000,ebebeb,57,11,26,24,4,17
401827294,2026,12/21/2025,2305,s:40~l:54~t:2305,Kansas,Jayhawks,KU,0051ba,e8000d,away,76,FALSE,17,2,24,49,27,55,NA,11,77,10,13,8,2,3,0,0,57,12,21,26,0,11,11,66,s:40~l:54~t:66,Iowa State,Cyclones,ae192d,ffc72a,79,2,24,12,11,55
401827294,2026,12/21/2025,66,s:40~l:54~t:66,Iowa State,Cyclones,ISU,ae192d,ffc72a,home,79,TRUE,24,1,26,55,33,60,NA,9,92,11,12,11,3,6,0,0,25,2,8,29,0,9,9,2305,s:40~l:54~t:2305,Kansas,Jayhawks,0051ba,e8000d,76,4,56,12,11,39
401827826,2026,12/21/2025,2210,s:40~l:54~t:2210,Elon,Phoenix,ELON,020303,b59a57,home,58,TRUE,10,1,29,37,19,51,NA,16,65,11,17,20,18,9,3,0,50,9,18,47,0,22,22,2450,s:40~l:54~t:2450,Norfolk State,Spartans,0c8968,fdb813,41,4,20,13,2,94
401826667,2026,12/21/2025,2717,s:40~l:54~t:2717,Western Carolina,Catamounts,WCU,492F91,bf9e70,away,44,FALSE,9,5,22,28,15,53,NA,23,75,9,12,0,12,6,2,0,23,5,22,34,0,21,21,84,s:40~l:54~t:84,Indiana,Hoosiers,970310,ffffff,71,8,20,15,0,0
401826667,2026,12/21/2025,84,s:40~l:54~t:84,Indiana,Hoosiers,IU,970310,ffffff,home,71,TRUE,12,1,22,50,25,50,NA,17,57,13,23,34,8,9,0,0,40,8,20,30,0,11,11,2717,s:40~l:54~t:2717,Western Carolina,Catamounts,492F91,bf9e70,44,20,30,23,0,98
401825610,2026,12/21/2025,46,s:40~l:54~t:46,Georgetown,Hoyas,GTWN,110E42,001c58,away,61,FALSE,12,4,24,35,23,65,NA,22,73,11,15,7,13,14,0,0,17,4,24,37,0,20,20,2507,s:40~l:54~t:2507,Providence,Friars,000000,a3a19e,68,10,36,15,12,30
401825610,2026,12/21/2025,2507,s:40~l:54~t:2507,Providence,Friars,PROV,000000,a3a19e,home,68,TRUE,13,5,30,42,26,62,NA,16,55,11,20,7,16,13,2,0,38,5,13,46,0,25,25,46,s:40~l:54~t:46,Georgetown,Hoyas,110E42,001c58,61,10,38,14,12,50
401824334,2026,12/21/2025,2504,s:40~l:54~t:2504,Prairie View A&M,Lady Panthers,PV,582c83,eaaa00,away,60,FALSE,13,4,25,32,20,63,NA,15,77,10,13,0,8,6,1,0,38,10,26,33,0,18,18,245,s:40~l:54~t:245,Texas A&M,Aggies,500000,ffffff,93,3,14,8,0,0
401823090,2026,12/21/2025,2352,s:40~l:54~t:2352,Loyola Maryland,Greyhounds,L-MD,76a7a0,c9cbca,home,65,TRUE,17,0,26,46,23,50,NA,17,68,13,19,7,14,6,0,0,40,6,15,40,0,22,22,2415,s:40~l:54~t:2415,Morgan State,Lady Bears,014786,f47937,58,10,32,19,1,8
401822377,2026,12/21/2025,2097,s:40~l:54~t:2097,Campbell,Fighting Camels,CAM,000000,NA,away,59,FALSE,11,5,17,39,22,57,NA,16,59,10,17,2,14,7,0,0,33,5,15,31,0,22,22,151,s:40~l:54~t:151,East Carolina,Pirates,582c83,ffc72c,81,4,28,7,2,2
401822377,2026,12/21/2025,151,s:40~l:54~t:151,East Carolina,Pirates,ECU,582c83,ffc72c,home,81,TRUE,14,5,24,49,28,57,NA,17,87,20,23,25,13,11,0,0,28,5,18,37,0,18,18,2097,s:40~l:54~t:2097,Campbell,Fighting Camels,000000,NA,59,11,38,23,2,95
401822199,2026,12/21/2025,2426,s:40~l:54~t:2426,Navy,Midshipmen,NAVY,00225b,b5a67c,away,74,FALSE,13,4,17,38,26,69,NA,18,69,11,16,3,12,5,0,0,39,11,28,29,0,7,7,58,s:40~l:54~t:58,South Florida,Bulls,006747,cfc493,86,3,22,26,7,13
401822199,2026,12/21/2025,58,s:40~l:54~t:58,South Florida,Bulls,USF,006747,cfc493,home,86,TRUE,21,6,33,58,35,60,NA,19,53,9,17,13,12,4,0,0,54,7,13,45,0,16,16,2426,s:40~l:54~t:2426,Navy,Midshipmen,00225b,b5a67c,74,12,52,5,7,76
401820141,2026,12/21/2025,339,s:40~l:54~t:339,Evansville,Purple Aces,EVAN,663399,ef6f00,away,66,FALSE,10,2,15,38,24,64,NA,24,78,14,18,6,14,7,3,0,20,4,20,29,0,14,14,2168,s:40~l:54~t:2168,Dayton,Flyers,004B8D,ffffff,75,3,32,15,8,18
401820141,2026,12/21/2025,2168,s:40~l:54~t:2168,Dayton,Flyers,DAY,004B8D,ffffff,home,75,TRUE,9,6,28,60,28,47,NA,22,56,15,27,18,10,6,0,0,27,4,15,38,0,19,19,339,s:40~l:54~t:339,Evansville,Purple Aces,663399,ef6f00,66,15,46,24,8,77
401818666,2026,12/21/2025,45,s:40~l:54~t:45,George Washington,Revolutionaries,GW,002843,e8d2a1,home,75,TRUE,14,9,27,42,24,57,NA,12,73,19,26,17,16,8,1,0,44,8,18,43,0,13,13,77,s:40~l:54~t:77,Northwestern,Wildcats,492f92,ffffff,62,5,30,14,1,97
401817417,2026,12/21/2025,2453,s:40~l:54~t:2453,North Alabama,Lions,UNA,000000,NA,away,57,FALSE,14,0,26,32,24,75,NA,12,60,3,5,2,12,9,0,0,21,6,28,38,0,11,11,142,s:40~l:54~t:142,Missouri,Tigers,f1b82d,000000,84,4,22,11,1,2
401813880,2026,12/21/2025,2561,s:40~l:54~t:2561,Siena,Saints,SIE,037961,eea60f,away,73,TRUE,14,2,18,38,30,80,NA,21,62,8,13,19,24,15,3,0,19,5,26,42,0,15,15,2099,s:40~l:54~t:2099,Canisius,Golden Griffins,004a81,dda50f,56,12,40,18,3,72
401813880,2026,12/21/2025,2099,s:40~l:54~t:2099,Canisius,Golden Griffins,CAN,004a81,dda50f,home,56,FALSE,13,1,28,40,17,42,NA,18,69,20,29,4,11,6,4,0,18,2,11,39,0,31,31,2561,s:40~l:54~t:2561,Siena,Saints,037961,eea60f,73,4,26,16,3,20
401812495,2026,12/21/2025,2598,s:40~l:54~t:2598,Saint Francis,Red Flash,SFPA,a20012,000000,away,61,FALSE,17,4,30,33,23,69,NA,15,63,5,8,0,20,3,2,0,30,10,33,50,0,20,20,2230,s:40~l:54~t:2230,Fordham,Rams,830032,909090,86,5,24,5,0,0
401830362,2026,12/21/2025,2473,s:40~l:54~t:2473,Oakland,Golden Grizzlies,OAK,04091c,bc955c,away,54,FALSE,9,1,20,40,20,50,NA,19,85,11,13,0,9,3,2,0,21,3,14,29,0,27,27,130,s:40~l:54~t:130,Michigan,Wolverines,00274c,ffcb05,97,2,34,7,0,0
401830362,2026,12/21/2025,130,s:40~l:54~t:130,Michigan,Wolverines,MICH,00274c,ffcb05,home,97,TRUE,21,7,22,50,39,78,NA,14,67,12,18,46,21,9,0,0,27,7,26,43,0,11,11,2473,s:40~l:54~t:2473,Oakland,Golden Grizzlies,04091c,bc955c,54,9,56,29,0,99
401807523,2026,12/21/2025,2127,s:40~l:54~t:2127,Charleston Southern,Buccaneers,CHSO,2e3192,ded090,away,74,FALSE,13,0,19,45,24,53,NA,18,67,14,21,3,2,5,1,0,52,12,23,21,0,15,15,153,s:40~l:54~t:153,North Carolina,Tar Heels,7bafd4,13294b,93,0,20,12,3,3
401807523,2026,12/21/2025,153,s:40~l:54~t:153,North Carolina,Tar Heels,UNC,7bafd4,13294b,home,93,TRUE,22,2,29,49,33,68,NA,20,70,16,23,27,17,9,0,0,44,11,25,46,0,12,12,2127,s:40~l:54~t:2127,Charleston Southern,Buccaneers,2e3192,ded090,74,19,32,19,3,91
401818655,2026,12/21/2025,158,s:40~l:54~t:158,Nebraska,Cornhuskers,NEB,e31937,ffffff,home,87,TRUE,14,4,29,45,32,71,NA,8,79,15,19,31,12,10,0,0,31,8,26,41,0,9,9,2856,s:40~l:54~t:2856,California Baptist,Lancers,000000,NA,56,5,36,23,11,77
401831262,2026,12/21/2025,2006,s:40~l:54~t:2006,Akron,Zips,AKR,041e42,c5b783,home,94,TRUE,22,3,25,59,30,51,NA,13,76,22,29,26,6,7,1,0,52,12,23,31,0,11,11,2330,s:40~l:54~t:2330,Le Moyne,Dolphins,000000,NA,68,27,36,18,0,99
401828563,2026,12/21/2025,2275,s:40~l:54~t:2275,Hofstra,Pride,HOF,003594,ffc72c,away,43,FALSE,8,0,19,30,15,50,NA,17,69,11,16,0,10,10,1,0,13,2,15,29,0,12,12,399,s:40~l:54~t:399,UAlbany,Great Danes,3D2777,ffffff,52,7,20,15,0,0
401828563,2026,12/21/2025,399,s:40~l:54~t:399,UAlbany,Great Danes,UALB,3D2777,ffffff,home,52,TRUE,14,4,26,46,21,46,NA,13,50,5,10,19,7,6,2,0,25,5,20,33,0,16,16,2275,s:40~l:54~t:2275,Hofstra,Pride,003594,ffc72c,43,2,28,9,0,99
401823679,2026,12/21/2025,259,s:40~l:54~t:259,Virginia Tech,Hokies,VT,6a2c3e,cf4520,home,79,TRUE,19,9,38,46,32,70,NA,12,50,10,20,32,14,6,0,0,31,5,16,52,0,15,15,2515,s:40~l:54~t:2515,Radford,Highlanders,BC1515,c2c3c0,47,12,44,20,6,80
401822845,2026,12/21/2025,311,s:40~l:54~t:311,Maine,Black Bears,ME,127dbe,NA,away,59,TRUE,12,1,21,43,23,53,NA,11,46,6,13,4,9,7,2,0,33,7,21,30,0,15,15,108,s:40~l:54~t:108,Harvard,Crimson,990000,dbdbdb,57,5,26,11,15,18
401822845,2026,12/21/2025,108,s:40~l:54~t:108,Harvard,Crimson,HARV,990000,dbdbdb,home,57,FALSE,6,6,22,35,23,65,NA,15,67,10,15,6,21,9,0,0,9,1,11,43,0,11,11,311,s:40~l:54~t:311,Maine,Black Bears,127dbe,NA,59,12,38,16,15,66
401822291,2026,12/21/2025,61,s:40~l:54~t:61,Georgia,Lady Bulldogs,UGA,ba0c2f,2c2a29,home,82,TRUE,19,1,31,52,32,61,NA,16,53,8,15,30,11,6,0,0,48,10,21,42,0,12,12,2154,s:40~l:54~t:2154,Coppin State,Eagles,2e3192,ffd204,55,15,30,16,1,96
401818790,2026,12/21/2025,2390,s:40~l:54~t:2390,Miami,Hurricanes,MIA,f47423,035131,home,85,TRUE,15,4,32,48,24,50,NA,23,79,30,38,34,11,8,1,0,39,7,18,43,0,18,18,338,s:40~l:54~t:338,Kennesaw State,Owls,fdbb30,0b1315,55,9,32,15,0,99
401818699,2026,12/21/2025,2296,s:40~l:54~t:2296,Jackson State,Lady Tigers,JKST,123297,b5b7ba,away,62,FALSE,15,1,16,42,21,50,NA,19,60,9,15,0,6,7,0,0,52,11,21,22,0,19,19,2509,s:40~l:54~t:2509,Purdue,Boilermakers,ceb888,000000,93,4,14,8,0,0
401818699,2026,12/21/2025,2509,s:40~l:54~t:2509,Purdue,Boilermakers,PUR,ceb888,000000,home,93,TRUE,20,3,26,59,34,58,NA,15,84,16,19,37,8,9,0,0,47,9,19,34,0,13,13,2296,s:40~l:54~t:2296,Jackson State,Lady Tigers,123297,b5b7ba,62,12,38,21,0,99
401817580,2026,12/21/2025,152,s:40~l:54~t:152,NC State,Wolfpack,NCSU,cc0000,ffffff,away,68,TRUE,11,3,35,44,27,62,NA,12,71,10,14,18,7,4,0,0,22,4,18,42,0,9,9,2166,s:40~l:54~t:2166,Davidson,Wildcats,000000,e51837,59,6,42,8,0,98
401813748,2026,12/21/2025,2612,s:40~l:54~t:2612,Saint Peter's,Peacocks,SPU,004CC2,NA,away,81,TRUE,12,10,27,50,28,56,NA,19,70,19,27,11,14,11,1,0,35,6,17,41,0,18,18,315,s:40~l:54~t:315,Niagara,Purple Eagles,69207E,f0f0f0,72,11,36,27,4,93
401813748,2026,12/21/2025,315,s:40~l:54~t:315,Niagara,Purple Eagles,NIA,69207E,f0f0f0,home,72,FALSE,9,5,18,38,27,71,NA,25,32,7,22,2,25,9,1,1,48,11,23,43,1,19,19,2612,s:40~l:54~t:2612,Saint Peter's,Peacocks,004CC2,NA,81,19,30,20,4,4
401812572,2026,12/21/2025,275,s:40~l:54~t:275,Wisconsin,Badgers,WIS,a00000,ffffff,home,81,TRUE,19,2,26,48,29,60,NA,26,93,13,14,22,14,7,1,1,32,10,31,40,1,28,28,85,s:40~l:54~t:85,IU Indianapolis,Jaguars,A81F30,d59f0f,72,21,30,18,2,94
401817313,2026,12/21/2025,2193,s:40~l:54~t:2193,East Tennessee State,Bucs,ETSU,002d61,ffc423,away,51,TRUE,8,4,17,34,18,53,NA,8,60,9,15,11,11,6,0,0,46,6,13,28,0,16,16,2429,s:40~l:54~t:2429,Charlotte,49ers,005035,a49665,50,6,14,17,6,35
401817313,2026,12/21/2025,2429,s:40~l:54~t:2429,Charlotte,49ers,CLT,005035,a49665,home,50,FALSE,10,2,26,41,21,51,NA,15,75,3,4,7,12,6,3,0,36,5,14,38,0,20,20,2193,s:40~l:54~t:2193,East Tennessee State,Bucs,002d61,ffc423,51,7,28,13,6,51
401830943,2026,12/21/2025,325,s:40~l:54~t:325,Cleveland State,Vikings,CLE,006633,231f20,home,82,TRUE,24,2,35,57,32,56,NA,21,56,10,18,42,12,7,1,1,36,8,22,47,1,25,25,2889,s:40~l:54~t:2889,Puerto Rico-Bayamon,Pirates,000000,NA,45,24,46,26,1,85
401822793,2026,12/20/2025,2335,s:40~l:54~t:2335,Liberty,Flames,LIB,0a254e,b72025,away,57,FALSE,7,5,22,44,24,55,NA,13,100,3,3,10,4,4,3,0,43,6,14,26,0,12,12,204,s:40~l:54~t:204,Oregon State,Beavers,dc4405,000000,64,6,28,12,7,45
401822793,2026,12/20/2025,204,s:40~l:54~t:204,Oregon State,Beavers,ORST,dc4405,000000,home,64,TRUE,10,5,23,45,23,51,NA,13,85,11,13,9,5,7,0,0,39,7,18,28,0,9,9,2335,s:40~l:54~t:2335,Liberty,Flames,0a254e,b72025,57,13,28,14,7,38
401829355,2026,12/20/2025,62,s:40~l:54~t:62,Hawai'i,Rainbow Wahine,HAW,005737,000000,away,56,FALSE,12,5,20,46,22,48,NA,17,43,3,7,3,12,5,0,0,50,9,18,32,0,29,29,147,s:40~l:54~t:147,Montana State,Bobcats,00205c,bc955c,72,2,22,11,6,6
401819549,2026,12/20/2025,299,s:40~l:54~t:299,Long Beach State,Beach,LBSU,000000,f1f2f3,away,44,FALSE,7,2,18,33,17,52,NA,17,75,6,8,0,8,2,1,0,27,4,15,26,0,20,20,26,s:40~l:54~t:26,UCLA,Bruins,2774ae,f2a900,106,2,20,6,0,0
401819549,2026,12/20/2025,26,s:40~l:54~t:26,UCLA,Bruins,UCLA,2774ae,f2a900,home,106,TRUE,30,4,27,55,42,76,NA,6,65,13,20,62,21,13,0,0,31,9,29,48,0,7,7,299,s:40~l:54~t:299,Long Beach State,Beach,000000,f1f2f3,44,12,56,26,0,98
401827290,2026,12/20/2025,2628,s:40~l:54~t:2628,TCU,Horned Frogs,TCU,4d1979,ffffff,home,77,TRUE,20,8,33,51,29,57,NA,14,81,13,16,24,10,5,0,0,38,6,16,43,0,15,15,2306,s:40~l:54~t:2306,Kansas State,Wildcats,330a57,e2e3e4,55,7,44,13,7,83
401826067,2026,12/20/2025,2239,s:40~l:54~t:2239,Cal State Fullerton,Titans,CSUF,003767,ff8300,away,55,FALSE,11,2,12,31,21,67,NA,22,53,10,19,4,19,13,0,0,20,3,15,31,0,16,16,301,s:40~l:54~t:301,San Diego,Toreros,2f99d4,2f99d4,56,4,34,21,1,25
401826067,2026,12/20/2025,301,s:40~l:54~t:301,San Diego,Toreros,USD,2f99d4,2f99d4,home,56,TRUE,14,5,31,42,19,45,NA,20,79,11,14,9,11,7,5,0,44,7,16,42,0,32,32,2239,s:40~l:54~t:2239,Cal State Fullerton,Titans,003767,ff8300,55,8,20,10,1,65
401825844,2026,12/20/2025,2464,s:40~l:54~t:2464,Northern Arizona,Lumberjacks,NAU,003976,1b3069,away,71,TRUE,10,3,34,48,27,56,NA,15,57,12,21,19,12,6,1,0,33,5,15,46,0,19,19,28,s:40~l:54~t:28,UC San Diego,Tritons,000000,ffcd00,68,11,40,10,0,97
401825844,2026,12/20/2025,28,s:40~l:54~t:28,UC San Diego,Tritons,UCSD,000000,ffcd00,home,68,FALSE,15,4,19,40,29,72,NA,20,42,5,12,0,12,8,0,0,22,5,23,31,0,9,9,2464,s:40~l:54~t:2464,Northern Arizona,Lumberjacks,003976,1b3069,71,9,42,22,0,0
401808059,2026,12/20/2025,2848,s:40~l:54~t:2848,Western Oregon,Wolves,WORU,000000,NA,away,63,FALSE,15,1,25,41,27,66,NA,13,100,4,4,1,8,5,2,0,23,5,22,33,0,13,13,70,s:40~l:54~t:70,Idaho,Vandals,000000,8c6e4a,91,3,16,9,2,2
401808059,2026,12/20/2025,70,s:40~l:54~t:70,Idaho,Vandals,IDHO,000000,8c6e4a,home,91,TRUE,20,6,31,50,37,74,NA,8,64,7,11,31,14,8,0,0,34,10,29,45,0,11,11,2848,s:40~l:54~t:2848,Western Oregon,Wolves,000000,NA,63,17,52,17,2,94
401808027,2026,12/20/2025,2934,s:40~l:54~t:2934,Cal State Bakersfield,Roadrunners,CSUB,003BAB,NA,home,85,TRUE,8,5,34,45,27,60,NA,21,73,22,30,19,11,6,1,0,60,9,15,45,0,11,11,331,s:40~l:54~t:331,Eastern Washington,Eagles,a10022,abb4bc,72,6,22,7,0,96
401831292,2026,12/20/2025,167,s:40~l:54~t:167,New Mexico,Lobos,UNM,ba0c2f,a7a8aa,away,71,FALSE,10,2,18,44,26,59,NA,19,67,12,18,6,11,6,2,2,32,7,22,29,2,10,10,2439,s:40~l:54~t:2439,UNLV,Lady Rebels,cf0a2c,cac8c8,89,4,34,15,1,7
401831292,2026,12/20/2025,2439,s:40~l:54~t:2439,UNLV,Lady Rebels,UNLV,cf0a2c,cac8c8,home,89,TRUE,23,0,26,52,30,58,NA,20,87,13,15,26,11,2,1,0,57,16,28,37,0,12,12,167,s:40~l:54~t:167,New Mexico,Lobos,ba0c2f,a7a8aa,71,2,28,15,1,91
401829564,2026,12/20/2025,68,s:40~l:54~t:68,Boise State,Broncos,BOIS,0033a0,d64309,away,54,FALSE,13,0,17,34,20,59,NA,12,77,10,13,0,9,1,1,0,33,4,12,26,0,11,11,21,s:40~l:54~t:21,San Diego State,Aztecs,a6192e,000000,83,4,28,6,0,0
401829564,2026,12/20/2025,21,s:40~l:54~t:21,San Diego State,Aztecs,SDSU,a6192e,000000,home,83,TRUE,17,4,32,54,31,57,NA,14,67,10,15,33,10,5,2,0,44,11,25,42,0,12,12,68,s:40~l:54~t:68,Boise State,Broncos,0033a0,d64309,54,0,36,9,0,96
401826109,2026,12/20/2025,253,s:40~l:54~t:253,Southern Utah,Thunderbirds,SUU,c72026,000000,away,80,TRUE,23,7,27,48,29,60,NA,14,77,17,22,44,11,5,0,0,20,5,25,38,0,9,9,2437,s:40~l:54~t:2437,Omaha,Mavericks,e3193e,474648,47,13,48,25,1,99
401826109,2026,12/20/2025,2437,s:40~l:54~t:2437,Omaha,Mavericks,OMA,e3193e,474648,home,47,FALSE,9,2,23,29,16,55,NA,19,83,10,12,2,12,2,1,0,26,5,19,35,0,19,19,253,s:40~l:54~t:253,Southern Utah,Thunderbirds,c72026,000000,80,3,20,7,1,0
401825976,2026,12/20/2025,2463,s:40~l:54~t:2463,Cal State Northridge,Matadors,CSUN,b50000,NA,away,63,FALSE,11,2,26,39,24,62,NA,15,50,7,14,4,10,6,0,0,36,8,22,36,0,15,15,2492,s:40~l:54~t:2492,Pepperdine,Waves,003A72,dc762f,69,0,28,12,4,9
401825976,2026,12/20/2025,2492,s:40~l:54~t:2492,Pepperdine,Waves,PEPP,003A72,dc762f,home,69,TRUE,15,3,30,38,26,68,NA,13,77,10,13,15,17,9,0,0,28,7,25,47,0,15,15,2463,s:40~l:54~t:2463,Cal State Northridge,Matadors,b50000,NA,63,13,32,20,4,86
401826671,2026,12/20/2025,2670,s:40~l:54~t:2670,VCU,Rams,VCU,ffaf00,000000,away,66,FALSE,12,2,28,43,27,63,NA,17,60,6,10,4,9,8,0,0,33,6,18,37,0,23,23,213,s:40~l:54~t:213,Penn State,Lady Lions,061440,ffffff,78,7,26,16,1,10
401827782,2026,12/20/2025,2877,s:40~l:54~t:2877,Lindsey Wilson,LINDSEY WILSON,LWU,000000,NA,away,44,FALSE,6,0,22,31,16,52,NA,17,92,11,12,0,7,4,1,0,10,1,10,29,0,18,18,93,s:40~l:54~t:93,Murray State,Racers,002148,000e00,101,2,20,2,0,0
401827782,2026,12/20/2025,93,s:40~l:54~t:93,Murray State,Racers,MUR,002148,000e00,home,101,TRUE,20,4,30,49,38,77,NA,8,61,11,18,57,22,10,0,0,37,14,38,52,0,7,7,2877,s:40~l:54~t:2877,Lindsey Wilson,LINDSEY WILSON,000000,NA,44,16,44,25,0,99
401827552,2026,12/20/2025,2440,s:40~l:54~t:2440,Nevada,Wolf Pack,NEV,041e42,8a8d8f,away,45,FALSE,5,3,26,26,13,50,NA,12,80,16,20,0,10,3,3,0,16,3,19,36,0,17,17,2005,s:40~l:54~t:2005,Air Force,Falcons,003594,ffffff,61,3,14,11,0,0
401827248,2026,12/20/2025,109466,s:40~l:54~t:109466,Haskell,Jayhawks,HSKL,NA,NA,away,59,FALSE,12,1,27,45,23,51,NA,21,50,7,14,3,5,5,0,0,38,6,16,32,0,35,35,140,s:40~l:54~t:140,Kansas City,Roos,004b87,ffc72c,109,17,28,4,3,6
401827248,2026,12/20/2025,140,s:40~l:54~t:140,Kansas City,Roos,KC,004b87,ffc72c,home,109,TRUE,26,2,24,49,43,87,NA,18,79,15,19,52,20,22,0,0,38,8,21,44,0,10,10,109466,s:40~l:54~t:109466,Haskell,Jayhawks,NA,NA,59,21,66,52,3,91
401825107,2026,12/20/2025,2393,s:40~l:54~t:2393,Middle Tennessee,Blue Raiders,MTSU,036eb7,ffffff,away,46,TRUE,5,6,24,31,17,55,NA,16,57,8,14,12,16,8,1,0,14,4,28,40,0,16,16,2724,s:40~l:54~t:2724,Wichita State,Shockers,ffcd00,27251f,45,2,20,17,10,62
401825107,2026,12/20/2025,2724,s:40~l:54~t:2724,Wichita State,Shockers,WICH,ffcd00,27251f,home,45,FALSE,11,7,24,35,17,48,NA,16,57,8,14,3,9,6,1,0,19,3,16,33,0,19,19,2393,s:40~l:54~t:2393,Middle Tennessee,Blue Raiders,036eb7,ffffff,46,13,22,11,10,24
401825097,2026,12/20/2025,2400,s:40~l:54~t:2400,Mississippi Valley State,Devilettes,MVSU,005328,cf2d34,away,62,FALSE,9,6,25,34,22,65,NA,28,50,15,30,5,16,8,0,0,18,3,17,41,0,16,16,5,s:40~l:54~t:5,UAB,Blazers,1a5632,fdb913,86,14,34,13,3,16
401825097,2026,12/20/2025,5,s:40~l:54~t:5,UAB,Blazers,UAB,1a5632,fdb913,home,86,TRUE,11,4,33,43,29,67,NA,19,86,24,28,30,15,7,1,0,20,4,20,48,0,14,14,2400,s:40~l:54~t:2400,Mississippi Valley State,Devilettes,005328,cf2d34,62,12,46,20,3,81
401824761,2026,12/20/2025,2348,s:40~l:54~t:2348,Louisiana Tech,Lady Techsters,LT,003087,cb333b,home,97,TRUE,21,5,30,50,35,70,NA,9,80,20,25,76,16,22,0,0,29,7,24,46,0,11,11,3079,s:40~l:54~t:3079,Central Baptist,Mustangs,000000,NA,24,23,56,43,0,99
401808751,2026,12/20/2025,2032,s:40~l:54~t:2032,Arkansas State,Red Wolves,ARST,cc092f,000000,home,74,TRUE,11,2,25,40,27,68,NA,27,63,17,27,20,24,21,1,0,11,3,27,49,0,25,25,6,s:40~l:54~t:6,South Alabama,Jaguars,00205b,bf0d3e,61,10,48,28,4,84
401811133,2026,12/20/2025,2579,s:40~l:54~t:2579,South Carolina,Gamecocks,SC,73000a,000000,away,105,TRUE,22,3,30,63,45,72,NA,12,53,9,17,62,21,9,0,0,33,6,18,51,0,12,12,526,s:40~l:54~t:526,Florida Gulf Coast,Eagles,00885a,076c3b,43,21,74,34,1,86
401811133,2026,12/20/2025,526,s:40~l:54~t:526,Florida Gulf Coast,Eagles,FGCU,00885a,076c3b,home,43,FALSE,7,2,12,27,14,52,NA,17,100,8,8,4,6,3,2,0,21,7,34,18,0,20,20,2579,s:40~l:54~t:2579,South Carolina,Gamecocks,73000a,000000,105,5,10,3,1,12
401828491,2026,12/20/2025,304,s:40~l:54~t:304,Idaho State,Bengals,IDST,ef8c00,e9a126,away,59,TRUE,16,4,33,40,21,52,NA,21,70,14,20,6,16,5,2,0,23,3,13,49,0,30,30,3084,s:40~l:54~t:3084,Utah Valley,Wolverines,004812,e1c736,56,10,20,12,7,27
401827289,2026,12/20/2025,252,s:40~l:54~t:252,BYU,Cougars,BYU,0047ba,002e5d,away,71,TRUE,13,6,28,39,27,69,NA,15,71,12,17,30,20,14,1,0,42,5,12,48,0,18,18,2116,s:40~l:54~t:2116,UCF,Knights,000000,b4a169,50,19,40,21,1,99
401827289,2026,12/20/2025,2116,s:40~l:54~t:2116,UCF,Knights,UCF,000000,b4a169,home,50,FALSE,7,5,23,36,19,53,NA,15,58,11,19,1,9,8,0,0,13,1,8,32,0,20,20,252,s:40~l:54~t:252,BYU,Cougars,0047ba,002e5d,71,15,26,7,1,1
401827232,2026,12/20/2025,316,s:40~l:54~t:316,Dickinson State,Blue Hawks,DSSU,000000,NA,away,46,FALSE,4,3,32,28,16,58,NA,15,60,6,10,2,9,9,1,0,35,8,23,41,0,23,23,155,s:40~l:54~t:155,North Dakota,Fighting Hawks,00A26B,c2c3c0,65,7,10,5,1,1
401827232,2026,12/20/2025,155,s:40~l:54~t:155,North Dakota,Fighting Hawks,UND,00A26B,c2c3c0,home,65,TRUE,16,3,35,35,22,63,NA,12,82,14,17,31,12,11,0,0,24,7,29,47,0,19,19,316,s:40~l:54~t:316,Dickinson State,Blue Hawks,000000,NA,46,8,28,19,1,96
401825782,2026,12/20/2025,149,s:40~l:54~t:149,Montana,Lady Griz,MONT,751D4A,666666,away,90,TRUE,11,4,26,47,32,68,NA,16,93,14,15,5,6,7,0,0,38,12,32,32,0,5,5,2627,s:40~l:54~t:2627,Tarleton State,Texans,000000,NA,85,9,40,20,8,22
401825782,2026,12/20/2025,2627,s:40~l:54~t:2627,Tarleton State,Texans,TAR,000000,NA,home,85,FALSE,19,1,31,44,31,70,NA,11,79,11,14,15,13,2,1,0,50,12,24,44,0,12,12,149,s:40~l:54~t:149,Montana,Lady Griz,751D4A,666666,90,7,34,7,8,72
401825609,2026,12/20/2025,305,s:40~l:54~t:305,DePaul,Blue Demons,DEP,2d649c,ce1125,away,50,FALSE,10,0,27,30,18,60,NA,21,71,10,14,13,12,14,0,0,19,4,21,39,0,21,21,156,s:40~l:54~t:156,Creighton,Bluejays,005ca9,6cadde,70,12,22,9,3,47
401825609,2026,12/20/2025,156,s:40~l:54~t:156,Creighton,Bluejays,CREI,005ca9,6cadde,home,70,TRUE,17,4,32,40,25,62,NA,17,70,14,20,21,13,10,1,0,24,6,25,45,0,17,17,305,s:40~l:54~t:305,DePaul,Blue Demons,2d649c,ce1125,50,7,34,23,3,50
401825021,2026,12/20/2025,179,s:40~l:54~t:179,St. Bonaventure,Bonnies,SBU,70261D,NA,away,64,FALSE,13,0,19,43,27,63,NA,21,46,6,13,9,15,12,3,0,33,4,12,34,0,14,14,47,s:40~l:54~t:47,Howard,Bison,003a63,e51937,76,10,36,17,9,53
401825021,2026,12/20/2025,47,s:40~l:54~t:47,Howard,Bison,HOW,003a63,e51937,home,76,TRUE,12,4,22,44,24,54,NA,17,92,23,25,14,12,7,0,0,36,5,14,34,0,14,14,179,s:40~l:54~t:179,St. Bonaventure,Bonnies,70261D,NA,64,8,28,14,9,37
401823159,2026,12/20/2025,108867,s:40~l:54~t:108867,Gwynedd Mercy,Griffins,GWYD,NA,NA,away,26,FALSE,6,1,17,21,10,47,NA,12,57,4,7,0,4,5,2,0,13,2,15,21,0,28,28,2083,s:40~l:54~t:2083,Bucknell,Bison,000060,00316e,102,0,12,8,0,0
401820858,2026,12/20/2025,2006,s:40~l:54~t:2006,Akron,Zips,AKR,041e42,c5b783,away,56,FALSE,9,1,25,37,20,54,NA,17,83,10,12,2,9,6,2,0,27,6,22,34,0,20,20,48,s:40~l:54~t:48,Delaware,Blue Hens,00539f,ffd200,75,2,28,11,2,2
401820858,2026,12/20/2025,48,s:40~l:54~t:48,Delaware,Blue Hens,DEL,00539f,ffd200,home,75,TRUE,16,3,26,47,27,57,NA,16,73,11,15,21,5,11,0,0,45,10,22,31,0,13,13,2006,s:40~l:54~t:2006,Akron,Zips,041e42,c5b783,56,11,32,16,2,97
401819751,2026,12/20/2025,52,s:40~l:54~t:52,Florida State,Seminoles,FSU,782f40,ceb888,home,89,TRUE,18,9,38,42,30,72,NA,8,82,23,28,48,23,16,1,0,21,6,29,61,0,17,17,2569,s:40~l:54~t:2569,South Carolina State,Lady Bulldogs,7d1315,104897,41,24,46,29,0,96
401813203,2026,12/20/2025,2309,s:40~l:54~t:2309,Kent State,Golden Flashes,KENT,002664,eaab00,away,69,FALSE,14,4,25,35,24,69,NA,22,77,17,22,7,19,5,0,0,19,4,21,44,0,11,11,189,s:40~l:54~t:189,Bowling Green,Falcons,fd5000,4f2c1d,73,6,34,12,1,11
401813203,2026,12/20/2025,189,s:40~l:54~t:189,Bowling Green,Falcons,BGSU,fd5000,4f2c1d,home,73,TRUE,14,7,29,41,24,58,NA,22,71,17,24,15,12,6,0,0,30,8,27,41,0,13,13,2309,s:40~l:54~t:2309,Kent State,Golden Flashes,002664,eaab00,69,23,30,6,1,84
401808817,2026,12/20/2025,309,s:40~l:54~t:309,Louisiana,Ragin' Cajuns,UL,ce181e,000000,away,58,FALSE,11,1,29,34,22,65,NA,14,63,10,16,6,16,7,2,1,33,4,12,45,1,21,21,2572,s:40~l:54~t:2572,Southern Miss,Lady Eagles,ffc72c,231f20,76,11,28,15,5,32
401808817,2026,12/20/2025,2572,s:40~l:54~t:2572,Southern Miss,Lady Eagles,USM,ffc72c,231f20,home,76,TRUE,12,3,27,43,30,69,NA,15,86,12,14,18,11,8,0,0,15,4,27,38,0,15,15,309,s:40~l:54~t:309,Louisiana,Ragin' Cajuns,ce181e,000000,58,23,46,25,5,49
401807994,2026,12/20/2025,2617,s:40~l:54~t:2617,Stephen F. Austin,Ladyjacks,SFA,393996,bec0c2,away,73,FALSE,12,5,32,34,26,77,NA,21,67,14,21,9,12,5,0,0,23,7,31,44,0,13,13,8,s:40~l:54~t:8,Arkansas,Razorbacks,a32136,ffffff,82,22,38,21,1,20
401807994,2026,12/20/2025,8,s:40~l:54~t:8,Arkansas,Razorbacks,ARK,a32136,ffffff,home,82,TRUE,10,7,41,36,29,81,NA,20,80,20,25,20,22,7,0,0,18,4,22,63,0,13,13,2617,s:40~l:54~t:2617,Stephen F. Austin,Ladyjacks,393996,bec0c2,73,8,44,13,1,76
401807971,2026,12/20/2025,2545,s:40~l:54~t:2545,SE Louisiana,Lady Lions,SELA,215732,ffc72c,home,66,FALSE,9,0,27,35,22,62,NA,17,74,14,19,15,9,7,3,0,32,8,25,36,0,14,14,235,s:40~l:54~t:235,Memphis,Tigers,004991,8e908f,70,9,20,14,9,61
401806519,2026,12/20/2025,88,s:40~l:54~t:88,Southern Indiana,Screaming Eagles,USI,000000,NA,home,78,TRUE,9,2,20,41,26,64,NA,22,73,19,26,21,20,10,0,0,30,7,23,40,0,15,15,2413,s:40~l:54~t:2413,Morehead State,Eagles,094FA3,fed91a,59,12,32,33,1,92
401817389,2026,12/20/2025,2294,s:40~l:54~t:2294,Iowa,Hawkeyes,IOWA,231f20,fcd116,away,64,FALSE,19,2,24,49,25,51,NA,9,75,6,8,0,10,6,1,0,47,8,17,34,0,26,26,41,s:40~l:54~t:41,UConn,Huskies,0c2340,a2aaad,90,2,24,9,0,0
401817389,2026,12/20/2025,41,s:40~l:54~t:41,UConn,Huskies,CONN,0c2340,a2aaad,home,90,TRUE,22,5,16,52,36,69,NA,10,71,5,7,31,9,17,0,0,45,13,29,25,0,9,9,2294,s:40~l:54~t:2294,Iowa,Hawkeyes,231f20,fcd116,64,18,40,41,0,97
401829368,2026,12/20/2025,113,s:40~l:54~t:113,Massachusetts,Minutewomen,MASS,881c1c,ffffff,away,69,FALSE,16,5,20,43,27,63,NA,16,54,7,13,5,15,5,0,0,33,8,24,35,0,14,14,2754,s:40~l:54~t:2754,Youngstown State,Penguins,E51937,690717,72,11,34,22,5,13
401829368,2026,12/20/2025,2754,s:40~l:54~t:2754,Youngstown State,Penguins,YSU,E51937,690717,home,72,TRUE,19,3,24,43,24,56,NA,12,81,13,16,15,12,10,2,0,44,11,25,36,0,17,17,113,s:40~l:54~t:113,Massachusetts,Minutewomen,881c1c,ffffff,69,17,22,16,5,75
401824920,2026,12/20/2025,2244,s:40~l:54~t:2244,George Mason,Patriots,GMU,016600,ecb010,home,69,FALSE,8,1,23,38,24,63,NA,19,76,16,21,7,12,12,1,0,23,5,22,35,0,16,16,163,s:40~l:54~t:163,Princeton,Tigers,000000,ff6000,71,4,28,19,6,29
401830620,2026,12/20/2025,79,s:40~l:54~t:79,Southern Illinois,Salukis,SIU,85283D,c2c3c0,home,85,TRUE,10,5,31,40,28,70,NA,10,75,27,36,59,31,18,0,0,18,2,11,62,0,17,17,546,s:40~l:54~t:546,Judson University,Eagles,000000,NA,29,18,48,29,0,99
401827789,2026,12/20/2025,2046,s:40~l:54~t:2046,Austin Peay,Governors,APSU,8e0b0b,NA,away,59,TRUE,12,0,24,42,22,53,NA,20,75,9,12,16,13,7,1,0,35,6,17,37,0,13,13,82,s:40~l:54~t:82,UIC,Flames,001e62,d50032,48,5,30,18,3,82
401827765,2026,12/20/2025,2854,s:40~l:54~t:2854,Bloomfield,Deacons,BFC,000000,NA,away,75,FALSE,11,2,26,41,25,61,NA,21,76,16,21,3,11,11,1,0,45,9,20,37,0,28,28,2379,s:40~l:54~t:2379,Maryland Eastern Shore,Hawks,5c2301,b5b7ba,90,19,30,23,3,3
401827765,2026,12/20/2025,2379,s:40~l:54~t:2379,Maryland Eastern Shore,Hawks,UMES,5c2301,b5b7ba,home,90,TRUE,20,1,27,41,32,78,NA,19,87,20,23,24,22,12,0,0,26,6,23,49,0,21,21,2854,s:40~l:54~t:2854,Bloomfield,Deacons,000000,NA,75,17,48,33,3,95
401825086,2026,12/20/2025,2655,s:40~l:54~t:2655,Tulane,Green Wave,TULN,006747,418fde,home,76,TRUE,20,10,30,51,25,49,NA,17,74,17,23,44,7,7,1,0,38,9,24,37,0,19,19,2169,s:40~l:54~t:2169,Delaware State,Hornets,009cdb,d51c28,44,21,30,25,0,94
401824159,2026,12/20/2025,257,s:40~l:54~t:257,Richmond,Spiders,RICH,9e0712,b90b2e,home,72,TRUE,23,3,23,43,26,61,NA,10,75,6,8,21,13,5,0,0,36,14,39,36,0,11,11,2010,s:40~l:54~t:2010,Alabama A&M,Bulldogs,790000,ffffff,58,6,24,12,0,98
401822831,2026,12/20/2025,139,s:40~l:54~t:139,Saint Louis,Billikens,SLU,00539C,ebebeb,away,80,TRUE,14,6,39,47,29,62,NA,31,64,14,22,18,12,7,0,0,44,8,18,51,0,25,25,195,s:40~l:54~t:195,Ohio,Bobcats,154734,ffffff,74,8,36,11,0,99
401822831,2026,12/20/2025,195,s:40~l:54~t:195,Ohio,Bobcats,OHIO,154734,ffffff,home,74,FALSE,12,4,25,26,20,78,NA,20,70,26,37,0,25,13,0,0,22,8,37,50,0,14,14,139,s:40~l:54~t:139,Saint Louis,Billikens,00539C,ebebeb,80,15,24,17,0,0
401822785,2026,12/20/2025,269,s:40~l:54~t:269,Marquette,Golden Eagles,MARQ,003366,ffcc00,home,86,TRUE,26,11,37,52,30,58,NA,8,100,14,14,43,13,9,1,0,43,12,28,50,0,18,18,2654,s:40~l:54~t:2654,Truman State,Bulldogs,000000,NA,43,17,30,19,0,99
401822194,2026,12/20/2025,159,s:40~l:54~t:159,Dartmouth,Big Green,DART,005730,000000,away,38,FALSE,6,2,24,23,14,62,NA,11,38,6,16,0,14,3,2,0,16,4,25,38,0,10,10,160,s:40~l:54~t:160,New Hampshire,Wildcats,004990,c3c4c6,74,4,12,3,0,0
401814605,2026,12/20/2025,2117,s:40~l:54~t:2117,Central Michigan,Chippewas,CMU,4c0027,fbab18,home,89,TRUE,22,5,32,49,32,65,NA,18,92,11,12,40,17,10,0,0,50,14,28,49,0,19,19,2459,s:40~l:54~t:2459,Northern Illinois,Huskies,c8102e,000000,51,12,32,12,2,74
401808827,2026,12/20/2025,2433,s:40~l:54~t:2433,UL Monroe,Warhawks,ULM,840029,fdb913,away,69,FALSE,8,4,15,39,25,64,NA,20,63,12,19,14,14,11,0,0,50,7,14,29,0,18,18,326,s:40~l:54~t:326,Texas State,Bobcats,501214,6a5638,79,10,30,22,2,46
401808807,2026,12/20/2025,256,s:40~l:54~t:256,James Madison,Dukes,JMU,450084,cbb677,away,74,FALSE,16,4,24,40,29,72,NA,19,73,11,15,10,22,11,2,0,23,5,22,46,0,20,20,276,s:40~l:54~t:276,Marshall,Thundering Herd,00b140,000000,83,4,38,6,5,74
401808807,2026,12/20/2025,276,s:40~l:54~t:276,Marshall,Thundering Herd,MRSH,00b140,000000,home,83,TRUE,16,6,23,44,28,63,NA,17,100,14,14,9,11,8,0,0,43,13,30,34,0,18,18,256,s:40~l:54~t:256,James Madison,Dukes,450084,cbb677,74,6,28,27,5,18
401808767,2026,12/20/2025,324,s:40~l:54~t:324,Coastal Carolina,Chanticleers,CCU,006f71,a27752,home,63,FALSE,9,3,22,38,22,58,NA,23,54,7,13,8,14,9,1,0,32,12,38,36,0,26,26,2247,s:40~l:54~t:2247,Georgia State,Panthers,0039a6,ffffff,68,8,20,21,11,42
401827891,2026,12/20/2025,104,s:40~l:54~t:104,Boston University,Terriers,BU,cc0000,ffffff,home,103,TRUE,24,4,35,61,41,67,NA,13,56,9,16,71,13,11,0,0,46,12,26,48,0,11,11,110398,s:40~l:54~t:110398,Maine-Fort Kent,Bengals,NA,NA,32,13,58,26,1,90
401827446,2026,12/20/2025,2329,s:40~l:54~t:2329,Lehigh,Mountain Hawks,LEH,6c2b2a,b69e70,away,67,FALSE,11,0,24,45,21,47,NA,16,74,17,23,0,3,7,0,0,35,8,23,27,0,19,19,119,s:40~l:54~t:119,Towson,Tigers,FFC229,NA,75,9,26,10,0,0
401825041,2026,12/20/2025,2182,s:40~l:54~t:2182,Drexel,Dragons,DREX,020260,ffd65a,home,59,FALSE,10,3,17,40,21,52,NA,14,74,14,19,5,10,5,1,0,25,3,12,27,0,10,10,261,s:40~l:54~t:261,Vermont,Catamounts,154734,ffc72c,69,9,28,7,1,23
401825014,2026,12/20/2025,2603,s:40~l:54~t:2603,Saint Joseph's,Hawks,JOES,9e1b32,6c6f70,home,100,TRUE,31,3,28,57,38,67,NA,8,67,8,12,60,16,10,0,0,41,16,39,44,0,8,8,2330,s:40~l:54~t:2330,Le Moyne,Dolphins,000000,NA,40,15,42,30,0,99
401823675,2026,12/20/2025,258,s:40~l:54~t:258,Virginia,Cavaliers,UVA,f84c1e,232d4b,home,88,TRUE,28,6,32,52,34,65,NA,15,67,8,12,37,15,7,1,0,46,12,26,47,0,16,16,2737,s:40~l:54~t:2737,Winthrop,Eagles,9e0b0e,fdb41e,53,16,44,18,0,96
401822281,2026,12/20/2025,2325,s:40~l:54~t:2325,La Salle,Explorers,LAS,003356,ffce00,home,37,FALSE,8,2,19,24,15,62,NA,10,60,3,5,3,12,8,3,0,20,4,20,31,0,22,22,344,s:40~l:54~t:344,Mississippi State,Bulldogs,5d1725,c1c6c8,85,3,22,7,1,2
401813746,2026,12/20/2025,322,s:40~l:54~t:322,Lafayette,Leopards,LAF,790000,a59474,away,45,FALSE,9,3,27,34,17,50,NA,12,83,5,6,10,6,6,2,0,33,6,18,33,0,21,21,164,s:40~l:54~t:164,Rutgers,Scarlet Knights,ce0e2d,ffffff,54,8,12,10,3,31
401813746,2026,12/20/2025,164,s:40~l:54~t:164,Rutgers,Scarlet Knights,RUTG,ce0e2d,ffffff,home,54,TRUE,12,1,28,27,20,74,NA,8,57,8,14,12,26,14,1,0,22,6,27,54,0,15,15,322,s:40~l:54~t:322,Lafayette,Leopards,790000,a59474,45,13,28,22,3,57
401817572,2026,12/20/2025,2633,s:40~l:54~t:2633,Tennessee,Lady Volunteers,TENN,ff8200,ffffff,away,65,FALSE,12,4,22,34,26,76,NA,17,44,7,16,3,15,9,1,1,24,6,25,37,1,17,17,97,s:40~l:54~t:97,Louisville,Cardinals,c9001f,ffffff,89,11,38,26,3,6
401817572,2026,12/20/2025,97,s:40~l:54~t:97,Louisville,Cardinals,LOU,c9001f,ffffff,home,89,TRUE,20,2,42,49,37,75,NA,15,62,8,13,28,17,12,1,1,37,7,19,59,1,20,20,2633,s:40~l:54~t:2633,Tennessee,Lady Volunteers,ff8200,ffffff,65,18,52,22,3,83
401822164,2026,12/20/2025,56,s:40~l:54~t:56,Stetson,Hatters,STET,0a5640,56854e,home,71,TRUE,15,3,30,40,25,62,NA,19,65,13,20,6,8,3,0,0,33,8,24,38,0,6,6,284,s:40~l:54~t:284,Stonehill,Skyhawks,000000,NA,65,16,34,17,2,36
401824714,2026,12/20/2025,62,s:40~l:54~t:62,Hawai'i,Rainbow Wahine,HAW,005737,000000,away,67,TRUE,16,7,19,38,21,55,NA,19,75,12,16,21,7,5,0,0,41,13,32,26,0,12,12,2335,s:40~l:54~t:2335,Liberty,Flames,0a254e,b72025,58,10,16,15,8,88
401824714,2026,12/20/2025,2335,s:40~l:54~t:2335,Liberty,Flames,LIB,0a254e,b72025,home,58,FALSE,11,0,27,44,21,48,NA,19,56,10,18,3,9,5,0,0,43,6,14,36,0,19,19,62,s:40~l:54~t:62,Hawai'i,Rainbow Wahine,005737,000000,67,7,18,13,8,9
401819613,2026,12/19/2025,24,s:40~l:54~t:24,Stanford,Cardinal,STAN,8c1515,ffffff,home,67,TRUE,9,2,21,45,25,55,NA,6,78,14,18,5,8,11,0,0,23,3,13,29,0,10,10,264,s:40~l:54~t:264,Washington,Huskies,33006f,e8d3a2,62,11,30,18,9,16
401822792,2026,12/19/2025,204,s:40~l:54~t:204,Oregon State,Beavers,ORST,dc4405,000000,home,53,TRUE,13,9,31,40,18,45,NA,13,50,11,22,5,10,9,0,0,29,6,21,41,0,22,22,147,s:40~l:54~t:147,Montana State,Bobcats,00205c,bc955c,51,13,24,12,7,29
401826135,2026,12/19/2025,2627,s:40~l:54~t:2627,Tarleton State,Texans,TAR,000000,NA,away,70,TRUE,15,6,20,44,27,62,NA,14,73,8,11,14,13,9,1,0,47,8,17,33,0,20,20,2084,s:40~l:54~t:2084,Buffalo,Bulls,005bbb,ffffff,65,10,34,22,0,99
401827748,2026,12/19/2025,2473,s:40~l:54~t:2473,Oakland,Golden Grizzlies,OAK,04091c,bc955c,away,66,FALSE,10,6,14,39,23,59,NA,18,85,11,13,3,14,9,0,0,39,9,23,28,0,17,17,2287,s:40~l:54~t:2287,Illinois State,Redbirds,CE1126,ffe716,89,7,22,22,10,6
401827748,2026,12/19/2025,2287,s:40~l:54~t:2287,Illinois State,Redbirds,ILST,CE1126,ffe716,home,89,TRUE,23,6,23,64,35,55,NA,10,81,13,16,26,8,8,0,0,40,6,15,31,0,13,13,2473,s:40~l:54~t:2473,Oakland,Golden Grizzlies,04091c,bc955c,66,12,58,17,10,87
401825608,2026,12/19/2025,2752,s:40~l:54~t:2752,Xavier,Musketeers,XAV,21304e,a5a7a8,away,58,FALSE,11,5,21,40,25,63,NA,17,57,4,7,0,9,8,1,0,19,4,21,30,0,15,15,2086,s:40~l:54~t:2086,Butler,Bulldogs,0d1361,00a3e0,64,2,40,16,0,0
401822145,2026,12/19/2025,2670,s:40~l:54~t:2670,VCU,Rams,VCU,ffaf00,000000,away,53,FALSE,15,2,27,35,19,54,NA,13,53,9,17,3,11,6,1,0,27,6,22,38,0,18,18,61,s:40~l:54~t:61,Georgia,Lady Bulldogs,ba0c2f,2c2a29,72,2,22,2,1,1
401822145,2026,12/19/2025,61,s:40~l:54~t:61,Georgia,Lady Bulldogs,UGA,ba0c2f,2c2a29,home,72,TRUE,18,4,27,44,28,63,NA,17,64,7,11,20,9,10,0,0,33,9,27,36,0,10,10,2670,s:40~l:54~t:2670,VCU,Rams,ffaf00,000000,53,18,28,17,1,97
401818624,2026,12/19/2025,2296,s:40~l:54~t:2296,Jackson State,Lady Tigers,JKST,123297,b5b7ba,away,43,FALSE,9,0,18,27,15,55,NA,20,58,7,12,0,9,3,0,0,35,6,17,27,0,14,14,356,s:40~l:54~t:356,Illinois,Fighting Illini,ff5f05,13294b,86,5,18,4,0,0
401818624,2026,12/19/2025,356,s:40~l:54~t:356,Illinois,Fighting Illini,ILL,ff5f05,13294b,home,86,TRUE,21,4,32,55,33,60,NA,13,94,17,18,44,9,7,0,0,21,3,14,41,0,8,8,2296,s:40~l:54~t:2296,Jackson State,Lady Tigers,123297,b5b7ba,43,19,58,24,0,99
401813899,2026,12/19/2025,2368,s:40~l:54~t:2368,Marist,Red Foxes,MRST,e53730,f0f0f0,away,59,FALSE,16,1,26,33,19,58,NA,11,73,16,22,0,12,11,0,0,21,5,24,38,0,16,16,116,s:40~l:54~t:116,Mount St. Mary's,Mountaineers,005596,ebebeb,66,9,22,16,0,0
401825781,2026,12/19/2025,149,s:40~l:54~t:149,Montana,Lady Griz,MONT,751D4A,666666,away,48,FALSE,7,2,30,34,18,53,NA,19,70,7,10,9,6,6,3,0,24,5,21,36,0,15,15,2000,s:40~l:54~t:2000,Abilene Christian,Wildcats,592d82,b1b3b3,60,8,24,6,4,32
401813747,2026,12/19/2025,2612,s:40~l:54~t:2612,Saint Peter's,Peacocks,SPU,004CC2,NA,away,61,TRUE,6,4,20,36,21,58,NA,14,65,13,20,13,15,11,1,0,30,6,20,35,0,10,10,2099,s:40~l:54~t:2099,Canisius,Golden Griffins,004a81,dda50f,49,2,24,11,3,42
401813747,2026,12/19/2025,2099,s:40~l:54~t:2099,Canisius,Golden Griffins,CAN,004a81,dda50f,home,49,FALSE,11,2,26,34,17,50,NA,18,77,10,13,10,12,2,1,0,28,5,18,38,0,18,18,2612,s:40~l:54~t:2612,Saint Peter's,Peacocks,004CC2,NA,61,7,24,7,3,54
401825198,2026,12/19/2025,2506,s:40~l:54~t:2506,Presbyterian,Blue Hose,PRES,194896,990134,home,61,FALSE,5,5,17,38,21,56,NA,18,64,14,22,2,11,6,2,0,31,5,16,28,0,16,16,2198,s:40~l:54~t:2198,Eastern Kentucky,Colonels,660819,f0f0f0,81,9,26,19,4,3
401824201,2026,12/19/2025,231,s:40~l:54~t:231,Furman,Paladins,FUR,582c83,ffffff,away,66,TRUE,13,1,24,38,23,61,NA,8,68,15,22,19,17,11,1,0,31,5,16,41,0,14,14,2127,s:40~l:54~t:2127,Charleston Southern,Buccaneers,2e3192,ded090,53,16,28,24,3,78
401824201,2026,12/19/2025,2127,s:40~l:54~t:2127,Charleston Southern,Buccaneers,CHSO,2e3192,ded090,home,53,FALSE,10,3,25,42,21,50,NA,18,100,4,4,6,4,4,1,0,30,7,23,29,0,22,22,231,s:40~l:54~t:231,Furman,Paladins,582c83,ffffff,66,0,24,11,3,21
401823659,2026,12/19/2025,2534,s:40~l:54~t:2534,Sam Houston,Bearkats,SHSU,f56423,ffffff,home,69,FALSE,17,1,20,37,25,68,NA,18,67,16,24,1,18,15,1,0,38,3,8,38,0,15,15,2567,s:40~l:54~t:2567,SMU,Mustangs,a80000,0033a1,73,10,38,23,2,1
401819763,2026,12/19/2025,2217,s:40~l:54~t:2217,Fairfield,Stags,FAIR,000000,ebebeb,away,84,TRUE,12,4,21,51,31,61,NA,16,85,11,13,28,7,9,0,0,37,11,30,28,0,10,10,2520,s:40~l:54~t:2520,Rider,Broncs,a80532,ebebeb,58,10,40,22,10,89
401819763,2026,12/19/2025,2520,s:40~l:54~t:2520,Rider,Broncs,RID,a80532,ebebeb,home,58,FALSE,9,2,23,44,24,55,NA,16,55,6,11,2,8,7,4,0,22,4,18,31,0,18,18,2217,s:40~l:54~t:2217,Fairfield,Stags,000000,ebebeb,84,8,36,10,10,8
401817284,2026,12/19/2025,98,s:40~l:54~t:98,Western Kentucky,Lady Toppers,WKU,e13a3e,ffffff,away,58,FALSE,9,3,23,43,22,51,NA,10,57,8,14,13,6,12,3,0,29,6,21,29,0,16,16,236,s:40~l:54~t:236,Chattanooga,Mocs,00386b,dca71d,59,12,28,15,2,92
401817284,2026,12/19/2025,236,s:40~l:54~t:236,Chattanooga,Mocs,UTC,00386b,dca71d,home,59,TRUE,13,2,27,39,22,57,NA,15,100,7,7,2,11,9,0,0,26,8,31,38,0,18,18,98,s:40~l:54~t:98,Western Kentucky,Lady Toppers,e13a3e,ffffff,58,10,22,21,2,1
401813856,2026,12/19/2025,2561,s:40~l:54~t:2561,Siena,Saints,SIE,037961,eea60f,away,107,TRUE,23,3,23,44,40,91,NA,21,83,19,23,42,24,29,1,0,25,8,32,47,0,23,23,315,s:40~l:54~t:315,Niagara,Purple Eagles,69207E,f0f0f0,69,56,62,57,0,97
401813856,2026,12/19/2025,315,s:40~l:54~t:315,Niagara,Purple Eagles,NIA,69207E,f0f0f0,home,69,FALSE,11,2,30,39,26,66,NA,20,88,14,16,0,17,14,1,0,20,3,15,47,0,44,44,2561,s:40~l:54~t:2561,Siena,Saints,037961,eea60f,107,21,42,16,0,0
401813806,2026,12/19/2025,314,s:40~l:54~t:314,Iona,Gaels,IONA,6f2c3e,f0ab00,home,58,FALSE,10,3,21,30,21,71,NA,27,55,11,20,4,16,12,3,1,19,5,27,37,1,16,16,2529,s:40~l:54~t:2529,Sacred Heart,Pioneers,a40012,c29472,64,8,32,25,11,19
401826152,2026,12/19/2025,2172,s:40~l:54~t:2172,Denver,Pioneers,DEN,98002e,a8996e,home,76,TRUE,16,1,23,41,26,63,NA,10,68,13,19,6,7,10,2,1,38,11,29,30,1,12,12,2856,s:40~l:54~t:2856,California Baptist,Lancers,000000,NA,71,12,24,31,17,53
401829366,2026,12/19/2025,2870,s:40~l:54~t:2870,Purdue Fort Wayne,Mastodons,PFW,cfb991,000000,home,104,TRUE,21,2,34,59,42,71,NA,12,75,6,8,73,13,18,1,0,44,14,32,47,0,15,15,123,s:40~l:54~t:123,Aquinas,Saints,000000,NA,31,23,56,44,0,98
401826098,2026,12/19/2025,109604,s:40~l:54~t:109604,Simpson University (CA),Red Hawks,SUCA,NA,NA,away,49,FALSE,6,2,18,33,20,61,NA,15,80,4,5,0,5,6,2,0,23,5,22,23,0,28,28,279,s:40~l:54~t:279,Pacific,Tigers,F47820,c2c3c0,116,10,26,13,0,0
401830942,2026,12/19/2025,325,s:40~l:54~t:325,Cleveland State,Vikings,CLE,006633,231f20,away,67,TRUE,10,2,20,49,25,51,NA,9,92,11,12,6,9,7,3,0,50,6,12,29,0,21,21,232,s:40~l:54~t:232,Charleston,Cougars,7a2531,9e8959,61,10,32,14,14,61
401825055,2026,12/19/2025,113,s:40~l:54~t:113,Massachusetts,Minutewomen,MASS,881c1c,ffffff,away,66,TRUE,15,7,27,35,22,63,NA,14,89,17,19,30,18,9,1,0,29,5,17,45,0,19,19,2226,s:40~l:54~t:2226,Florida Atlantic,Owls,003366,cc0000,50,11,30,21,0,99
401827457,2026,12/19/2025,2312,s:40~l:54~t:2312,King (TN),Tornado,KNG,000000,NA,away,42,FALSE,10,1,19,22,13,60,NA,23,58,7,12,2,7,4,0,0,23,9,39,26,0,13,13,2747,s:40~l:54~t:2747,Wofford,Terriers,533B24,f0f0f0,92,2,8,6,1,1
401818645,2026,12/19/2025,2115,s:40~l:54~t:2115,Central Connecticut,Blue Devils,CCSU,1B49A2,d1d5d8,away,30,FALSE,5,3,25,19,12,63,NA,16,75,3,4,0,12,4,1,0,14,3,22,37,0,26,26,120,s:40~l:54~t:120,Maryland,Terrapins,ce1126,ffffff,98,0,12,0,0,0
401818645,2026,12/19/2025,120,s:40~l:54~t:120,Maryland,Terrapins,MD,ce1126,ffffff,home,98,TRUE,23,7,39,49,39,79,NA,10,63,12,19,69,18,14,0,0,33,8,24,57,0,9,9,2115,s:40~l:54~t:2115,Central Connecticut,Blue Devils,1B49A2,d1d5d8,30,30,54,29,0,99
401829357,2026,12/19/2025,2754,s:40~l:54~t:2754,Youngstown State,Penguins,YSU,E51937,690717,away,61,FALSE,13,2,25,35,22,63,NA,14,71,12,17,4,9,12,1,0,24,5,21,34,0,20,20,2229,s:40~l:54~t:2229,Florida International,Panthers,091f3f,c3993f,78,10,24,8,1,8
401825008,2026,12/19/2025,2681,s:40~l:54~t:2681,Wagner,Seahawks,WAG,00483A,ffffff,away,36,FALSE,6,4,24,29,16,55,NA,19,75,3,4,0,11,4,2,0,8,1,12,35,0,22,22,227,s:40~l:54~t:227,Rhode Island,Rams,091f3f,5ab3e8,72,4,24,10,0,0
401823703,2026,12/19/2025,110419,s:40~l:54~t:110419,Georgian Court University,Lions,GCTU,NA,NA,away,26,FALSE,2,4,15,16,7,45,NA,22,67,12,18,0,9,4,2,0,0,0,11,24,0,21,21,2803,s:40~l:54~t:2803,Bryant,Bulldogs,000000,9f8343,94,0,10,4,0,0
401822801,2026,12/19/2025,219,s:40~l:54~t:219,Pennsylvania,Quakers,PENN,082A74,a6163d,home,67,TRUE,17,2,21,45,27,60,NA,6,55,6,11,13,14,7,0,0,29,7,24,35,0,10,10,265,s:40~l:54~t:265,Washington State,Cougars,a60f2d,4d4d4d,62,8,30,16,6,77
401822156,2026,12/19/2025,56,s:40~l:54~t:56,Stetson,Hatters,STET,0a5640,56854e,home,75,FALSE,19,3,28,46,26,57,NA,22,57,12,21,10,7,2,0,0,34,11,32,35,0,13,13,2729,s:40~l:54~t:2729,William & Mary,Tribe,115740,f0b323,81,9,26,17,6,79
401813831,2026,12/19/2025,2363,s:40~l:54~t:2363,Manhattan,Jaspers,MAN,4f8537,b5b7ba,away,39,FALSE,8,5,23,23,13,56,NA,14,60,9,15,3,16,5,2,0,24,4,17,39,0,22,22,2514,s:40~l:54~t:2514,Quinnipiac,Bobcats,041B43,NA,78,2,10,4,4,9
401823667,2026,12/19/2025,2385,s:40~l:54~t:2385,Mercyhurst,Lakers,MERC,000000,NA,away,40,FALSE,10,1,18,25,15,61,NA,15,67,4,6,0,9,6,1,0,18,6,33,27,0,22,22,183,s:40~l:54~t:183,Syracuse,Orange,000e54,ff431b,106,9,18,18,0,0
401823667,2026,12/19/2025,183,s:40~l:54~t:183,Syracuse,Orange,SYR,000e54,ff431b,home,106,TRUE,28,8,38,59,46,78,NA,7,54,7,13,69,18,15,0,0,44,7,16,56,0,14,14,2385,s:40~l:54~t:2385,Mercyhurst,Lakers,000000,NA,40,24,62,38,0,99
401826675,2026,12/18/2025,13,s:40~l:54~t:13,Cal Poly,Mustangs,CP,1E4D2B,eed897,away,39,FALSE,12,0,22,32,14,44,NA,17,58,7,12,0,7,3,5,0,27,4,15,29,0,27,27,30,s:40~l:54~t:30,USC,Trojans,9d2235,ffc72c,86,7,16,2,0,0
401827568,2026,12/18/2025,300,s:40~l:54~t:300,UC Irvine,Anteaters,UCI,002B5C,fec52e,away,93,TRUE,15,3,26,57,30,53,NA,22,83,24,29,28,8,7,0,1,50,9,18,34,1,17,17,2638,s:40~l:54~t:2638,UTEP,Miners,ff8200,041e42,72,17,30,21,0,97
401827568,2026,12/18/2025,2638,s:40~l:54~t:2638,UTEP,Miners,UTEP,ff8200,041e42,home,72,FALSE,15,0,17,40,23,58,NA,25,74,20,27,0,11,6,0,1,29,6,21,28,1,14,14,300,s:40~l:54~t:300,UC Irvine,Anteaters,002B5C,fec52e,93,16,28,18,0,0
401825843,2026,12/18/2025,2464,s:40~l:54~t:2464,Northern Arizona,Lumberjacks,NAU,003976,1b3069,away,77,TRUE,17,3,30,44,28,63,NA,21,63,17,27,26,13,18,0,0,22,4,18,43,0,25,25,2463,s:40~l:54~t:2463,Cal State Northridge,Matadors,b50000,NA,56,24,38,27,1,92
401825843,2026,12/18/2025,2463,s:40~l:54~t:2463,Cal State Northridge,Matadors,CSUN,b50000,NA,home,56,FALSE,13,6,26,27,16,59,NA,24,64,16,25,6,16,16,2,0,22,8,37,42,0,35,35,2464,s:40~l:54~t:2464,Northern Arizona,Lumberjacks,003976,1b3069,77,10,16,19,1,6
401808026,2026,12/18/2025,2540,s:40~l:54~t:2540,UC Santa Barbara,Gauchos,UCSB,1e1840,febc11,home,89,TRUE,15,5,41,47,31,66,NA,22,75,18,24,30,9,1,0,0,36,9,25,50,0,8,8,331,s:40~l:54~t:331,Eastern Washington,Eagles,a10022,abb4bc,63,9,42,11,5,69
401824187,2026,12/18/2025,2582,s:40~l:54~t:2582,Southern,Jaguars,SOU,004B97,ffc82d,away,60,FALSE,7,3,17,35,22,62,NA,20,93,13,14,3,14,10,0,0,23,3,13,31,0,16,16,239,s:40~l:54~t:239,Baylor,Bears,154734,ffb81c,77,2,30,12,4,3
401824187,2026,12/18/2025,239,s:40~l:54~t:239,Baylor,Bears,BAY,154734,ffb81c,home,77,TRUE,20,7,27,47,28,60,NA,14,54,13,24,20,18,10,1,0,33,8,24,45,0,19,19,2582,s:40~l:54~t:2582,Southern,Jaguars,004B97,ffc82d,60,12,34,10,4,91
401822855,2026,12/18/2025,12,s:40~l:54~t:12,Arizona,Wildcats,ARIZ,cc0033,003366,home,105,TRUE,24,6,36,56,44,78,NA,18,70,14,20,49,12,13,0,0,23,3,13,48,0,11,11,91,s:40~l:54~t:91,Bellarmine,Knights,000000,NA,59,36,82,31,2,97
401818613,2026,12/18/2025,399,s:40~l:54~t:399,UAlbany,Great Danes,UALB,3D2777,ffffff,away,35,FALSE,6,2,24,23,11,48,NA,16,64,9,14,2,14,6,1,0,19,4,21,38,0,21,21,238,s:40~l:54~t:238,Vanderbilt,Commodores,000000,cfae70,64,0,4,6,1,4
401809063,2026,12/18/2025,2447,s:40~l:54~t:2447,Nicholls,Colonels,NICH,C41230,f0f0f0,home,70,TRUE,13,4,17,50,26,52,NA,15,76,13,17,27,12,18,2,0,33,5,15,29,0,15,15,2277,s:40~l:54~t:2277,Houston Christian,Huskies,00539c,NA,47,7,34,28,0,92
401807949,2026,12/18/2025,2443,s:40~l:54~t:2443,New Orleans,Privateers,UNO,005da6,a2a9ae,home,68,FALSE,13,3,14,31,22,70,NA,20,86,19,22,0,16,9,0,0,18,5,28,30,0,12,12,2916,s:40~l:54~t:2916,Incarnate Word,Cardinals,000000,080808,79,9,30,24,0,0
401811132,2026,12/18/2025,2579,s:40~l:54~t:2579,South Carolina,Gamecocks,SC,73000a,000000,away,103,TRUE,20,8,35,63,44,70,NA,14,61,11,18,61,10,17,1,0,27,4,15,45,0,12,12,58,s:40~l:54~t:58,South Florida,Bulls,006747,cfc493,44,34,74,38,0,99
401811132,2026,12/18/2025,58,s:40~l:54~t:58,South Florida,Bulls,USF,006747,cfc493,home,44,FALSE,10,3,21,31,19,62,NA,17,44,4,9,0,10,5,1,0,17,2,12,31,0,23,23,2579,s:40~l:54~t:2579,South Carolina,Gamecocks,73000a,000000,103,5,28,5,0,0
401831078,2026,12/18/2025,79,s:40~l:54~t:79,Southern Illinois,Salukis,SIU,85283D,c2c3c0,away,47,FALSE,7,3,22,30,18,61,NA,10,63,10,16,3,13,7,1,0,8,1,13,35,0,13,13,71,s:40~l:54~t:71,Bradley,Braves,b70002,c0c0c0,64,4,24,6,7,10
401831078,2026,12/18/2025,71,s:40~l:54~t:71,Bradley,Braves,BRAD,b70002,c0c0c0,home,64,TRUE,13,4,33,42,25,60,NA,21,64,9,14,17,14,6,1,0,21,5,24,47,0,14,14,79,s:40~l:54~t:79,Southern Illinois,Salukis,85283D,c2c3c0,47,6,34,8,7,87
401828581,2026,12/18/2025,2016,s:40~l:54~t:2016,Alcorn State,Lady Braves,ALCN,4b0058,46166a,away,50,FALSE,8,3,23,37,18,49,NA,15,62,8,13,1,8,12,3,0,27,6,22,31,0,24,24,2,s:40~l:54~t:2,Auburn,Tigers,002b5c,f26522,62,6,16,20,2,1
401826989,2026,12/18/2025,292,s:40~l:54~t:292,UT Rio Grande Valley,Vaqueros,RGV,dc6000,e1732d,away,44,FALSE,7,1,24,22,13,58,NA,15,67,14,21,2,13,1,0,0,22,4,18,37,0,13,13,233,s:40~l:54~t:233,South Dakota,Coyotes,CD1241,f0f0f0,71,0,16,5,1,1
401826989,2026,12/18/2025,233,s:40~l:54~t:233,South Dakota,Coyotes,SDAK,CD1241,f0f0f0,home,71,TRUE,12,0,34,45,30,67,NA,17,45,5,11,29,15,11,0,0,26,6,23,49,0,11,11,292,s:40~l:54~t:292,UT Rio Grande Valley,Vaqueros,dc6000,e1732d,44,8,40,13,1,92
401825069,2026,12/18/2025,249,s:40~l:54~t:249,North Texas,Mean Green,UNT,068f33,ffffff,home,73,FALSE,12,3,26,40,26,65,NA,21,65,11,17,23,16,7,1,0,32,10,31,42,0,22,22,198,s:40~l:54~t:198,Oral Roberts,Golden Eagles,002462,dac792,74,8,28,27,3,90
401819561,2026,12/18/2025,59,s:40~l:54~t:59,Georgia Tech,Yellow Jackets,GT,b3a369,ffffff,away,58,FALSE,15,2,27,35,23,65,NA,12,86,6,7,2,4,6,0,0,22,6,27,31,0,12,12,152,s:40~l:54~t:152,NC State,Wolfpack,cc0000,ffffff,87,14,20,8,2,1
401819561,2026,12/18/2025,152,s:40~l:54~t:152,NC State,Wolfpack,NCSU,cc0000,ffffff,home,87,TRUE,23,5,38,53,36,68,NA,6,75,6,8,43,6,7,0,0,35,9,26,44,0,11,11,59,s:40~l:54~t:59,Georgia Tech,Yellow Jackets,b3a369,ffffff,58,17,34,14,2,93
401817562,2026,12/18/2025,2571,s:40~l:54~t:2571,South Dakota State,Jackrabbits,SDST,0033a0,ffd100,away,54,FALSE,8,3,23,41,22,54,NA,11,70,7,10,4,5,7,1,0,19,3,16,28,0,16,16,150,s:40~l:54~t:150,Duke,Blue Devils,00539b,ffffff,97,2,30,11,2,6
401817312,2026,12/18/2025,2241,s:40~l:54~t:2241,Gardner-Webb,Runnin' Bulldogs,GWEB,c12535,909090,away,37,FALSE,6,4,22,27,14,52,NA,14,60,3,5,5,6,11,4,0,26,6,23,28,0,16,16,2193,s:40~l:54~t:2193,East Tennessee State,Bucs,002d61,ffc423,59,4,14,11,1,9
401817312,2026,12/18/2025,2193,s:40~l:54~t:2193,East Tennessee State,Bucs,ETSU,002d61,ffc423,home,59,TRUE,11,1,33,30,16,53,NA,8,95,18,19,22,15,3,0,0,35,9,26,48,0,16,16,2241,s:40~l:54~t:2241,Gardner-Webb,Runnin' Bulldogs,c12535,909090,37,9,14,11,1,77
401818671,2026,12/18/2025,194,s:40~l:54~t:194,Ohio State,Buckeyes,OSU,ba0c2f,a8adb4,home,79,TRUE,18,6,35,43,30,69,NA,15,69,11,16,34,20,16,0,0,30,8,27,55,0,19,19,2450,s:40~l:54~t:2450,Norfolk State,Spartans,0c8968,fdb813,45,12,32,17,1,90
401825130,2026,12/18/2025,288,s:40~l:54~t:288,Lipscomb,Bisons,LIP,20366C,f6b734,away,59,FALSE,8,5,29,39,23,59,NA,16,43,6,14,7,10,5,1,0,21,7,33,39,0,14,14,2535,s:40~l:54~t:2535,Samford,Bulldogs,005485,bc0023,65,9,30,14,7,23
401820140,2026,12/18/2025,2168,s:40~l:54~t:2168,Dayton,Flyers,DAY,004B8D,ffffff,away,65,TRUE,15,3,28,45,25,55,NA,20,50,9,18,11,13,5,0,1,35,6,17,41,1,19,19,2711,s:40~l:54~t:2711,Western Michigan,Broncos,532e1f,f1c500,58,6,32,17,9,79
401819637,2026,12/18/2025,259,s:40~l:54~t:259,Virginia Tech,Hokies,VT,6a2c3e,cf4520,away,79,TRUE,22,4,33,44,32,72,NA,19,69,11,16,31,12,9,0,0,20,4,20,45,0,8,8,52,s:40~l:54~t:52,Florida State,Seminoles,782f40,ceb888,54,17,40,18,0,99
401819637,2026,12/18/2025,52,s:40~l:54~t:52,Florida State,Seminoles,FSU,782f40,ceb888,home,54,FALSE,5,4,31,29,16,56,NA,15,60,18,30,0,11,5,0,0,27,4,15,42,0,15,15,259,s:40~l:54~t:259,Virginia Tech,Hokies,6a2c3e,cf4520,79,4,18,3,0,0
401819636,2026,12/18/2025,2390,s:40~l:54~t:2390,Miami,Hurricanes,MIA,f47423,035131,away,64,TRUE,13,2,16,40,25,63,NA,18,88,7,8,7,16,9,1,0,26,7,27,32,0,18,18,154,s:40~l:54~t:154,Wake Forest,Demon Deacons,ceb888,2c2a29,61,8,28,19,4,28
401819636,2026,12/18/2025,154,s:40~l:54~t:154,Wake Forest,Demon Deacons,WAKE,ceb888,2c2a29,home,61,FALSE,18,4,20,49,25,51,NA,16,67,6,9,8,8,7,0,0,29,5,17,28,0,20,20,2390,s:40~l:54~t:2390,Miami,Hurricanes,f47423,035131,64,8,32,18,4,64
401812494,2026,12/18/2025,2598,s:40~l:54~t:2598,Saint Francis,Red Flash,SFPA,a20012,000000,away,46,FALSE,12,5,21,25,18,71,NA,22,58,7,12,2,13,5,4,0,12,3,25,34,0,20,20,221,s:40~l:54~t:221,Pittsburgh,Panthers,003594,ffb81c,98,13,22,3,1,1
401808846,2026,12/18/2025,2572,s:40~l:54~t:2572,Southern Miss,Lady Eagles,USM,ffc72c,231f20,home,84,TRUE,17,4,27,49,31,63,NA,16,56,9,16,21,10,8,0,1,46,13,28,37,1,15,15,6,s:40~l:54~t:6,South Alabama,Jaguars,00205b,bf0d3e,65,12,30,23,3,62
401806516,2026,12/18/2025,88,s:40~l:54~t:88,Southern Indiana,Screaming Eagles,USI,000000,NA,home,57,TRUE,7,3,26,32,19,60,NA,12,87,13,15,24,14,9,0,0,23,6,26,40,0,13,13,2031,s:40~l:54~t:2031,Little Rock,Trojans,AD0000,898d8f,40,9,24,15,3,78
401806515,2026,12/18/2025,2710,s:40~l:54~t:2710,Western Illinois,Leathernecks,WIU,4e1e8a,ffc90a,away,74,TRUE,11,3,20,45,27,60,NA,13,72,18,25,11,14,10,0,0,20,2,10,34,0,8,8,2815,s:40~l:54~t:2815,Lindenwood,Lions,000000,NA,65,6,36,21,14,31
401818685,2026,12/18/2025,2501,s:40~l:54~t:2501,Portland,Pilots,PORT,330072,a8b3ba,away,59,FALSE,15,6,29,37,20,54,NA,19,70,16,23,0,7,11,3,0,14,3,21,36,0,24,24,2483,s:40~l:54~t:2483,Oregon,Ducks,00934b,fff41b,85,21,34,7,0,0
401818685,2026,12/18/2025,2483,s:40~l:54~t:2483,Oregon,Ducks,ORE,00934b,fff41b,home,85,TRUE,22,1,32,45,31,69,NA,21,74,14,19,32,11,16,0,0,38,9,24,43,0,14,14,2501,s:40~l:54~t:2501,Portland,Pilots,330072,a8b3ba,59,11,26,23,0,97
401825091,2026,12/18/2025,2029,s:40~l:54~t:2029,Arkansas-Pine Bluff,Golden Lions,UAPB,e0aa0f,eaaa00,away,43,FALSE,7,3,20,31,16,51,NA,18,47,9,19,0,9,8,2,0,13,2,15,29,0,18,18,202,s:40~l:54~t:202,Tulsa,Golden Hurricane,003595,d0b787,67,0,26,8,0,0
401825091,2026,12/18/2025,202,s:40~l:54~t:202,Tulsa,Golden Hurricane,TLSA,003595,d0b787,home,67,TRUE,12,4,31,42,24,57,NA,20,68,13,19,33,13,9,1,0,30,6,20,44,0,18,18,2029,s:40~l:54~t:2029,Arkansas-Pine Bluff,Golden Lions,e0aa0f,eaaa00,43,20,36,12,0,98
401818665,2026,12/18/2025,2350,s:40~l:54~t:2350,Loyola Chicago,Ramblers,LUC,9d1244,NA,away,69,TRUE,16,2,15,47,28,60,NA,17,62,8,13,10,11,9,0,0,31,5,16,26,0,13,13,77,s:40~l:54~t:77,Northwestern,Wildcats,492f92,ffffff,68,10,46,18,7,83
401825203,2026,12/18/2025,2261,s:40~l:54~t:2261,Hampton,Lady Pirates,HAMP,0067AC,NA,home,67,FALSE,20,7,30,37,27,73,NA,16,64,7,11,6,11,8,0,0,22,6,27,41,0,15,15,2515,s:40~l:54~t:2515,Radford,Highlanders,BC1515,c2c3c0,73,4,20,9,13,26
401808086,2026,12/17/2025,2547,s:40~l:54~t:2547,Seattle U,Redhawks,SEA,BF2E1A,c2c3c0,away,62,FALSE,11,6,23,40,25,63,NA,13,54,7,13,6,11,11,0,0,38,5,13,34,0,17,17,2502,s:40~l:54~t:2502,Portland State,Vikings,00311e,ebebeb,85,2,30,16,10,16
401830414,2026,12/17/2025,21,s:40~l:54~t:21,San Diego State,Aztecs,SDSU,a6192e,000000,away,63,TRUE,8,3,22,42,21,50,NA,16,78,14,18,17,7,5,0,0,41,7,17,29,0,13,13,278,s:40~l:54~t:278,Fresno State,Bulldogs,b1102b,13284c,53,5,26,12,1,95
401829580,2026,12/17/2025,2440,s:40~l:54~t:2440,Nevada,Wolf Pack,NEV,041e42,8a8d8f,home,48,FALSE,7,3,22,41,19,46,NA,13,45,5,11,1,5,5,2,0,42,5,12,27,0,14,14,36,s:40~l:54~t:36,Colorado State,Rams,004c23,c8c372,61,0,18,3,2,1
401818604,2026,12/17/2025,2466,s:40~l:54~t:2466,Northwestern State,Lady Demons,NWST,492F91,ed6118,away,38,FALSE,6,0,17,33,14,42,NA,17,60,6,10,0,6,7,3,0,25,4,16,23,0,28,28,251,s:40~l:54~t:251,Texas,Longhorns,af5c37,ffffff,96,0,14,2,0,0
401818604,2026,12/17/2025,251,s:40~l:54~t:251,Texas,Longhorns,TEX,af5c37,ffffff,home,96,TRUE,18,6,23,57,39,69,NA,14,80,12,15,58,14,19,1,0,55,6,11,37,0,9,9,2466,s:40~l:54~t:2466,Northwestern State,Lady Demons,492F91,ed6118,38,19,46,32,0,99
401829563,2026,12/17/2025,68,s:40~l:54~t:68,Boise State,Broncos,BOIS,0033a0,d64309,away,63,FALSE,14,4,23,40,24,60,NA,17,67,10,15,6,12,7,0,0,23,5,22,35,0,19,19,167,s:40~l:54~t:167,New Mexico,Lobos,ba0c2f,a7a8aa,70,4,32,11,10,19
401829563,2026,12/17/2025,167,s:40~l:54~t:167,New Mexico,Lobos,UNM,ba0c2f,a7a8aa,home,70,TRUE,7,1,26,42,27,64,NA,22,70,14,20,14,14,12,1,0,11,2,19,40,0,16,16,68,s:40~l:54~t:68,Boise State,Broncos,0033a0,d64309,63,17,50,19,10,69
401825975,2026,12/17/2025,233,s:40~l:54~t:233,South Dakota,Coyotes,SDAK,CD1241,f0f0f0,away,65,FALSE,10,4,23,32,22,69,NA,16,82,14,17,0,13,6,0,0,28,7,25,36,0,7,7,2492,s:40~l:54~t:2492,Pepperdine,Waves,003A72,dc762f,73,2,24,11,0,0
401825975,2026,12/17/2025,2492,s:40~l:54~t:2492,Pepperdine,Waves,PEPP,003A72,dc762f,home,73,TRUE,15,2,36,46,25,54,NA,15,94,16,17,14,7,2,0,0,54,7,13,43,0,17,17,233,s:40~l:54~t:233,South Dakota,Coyotes,CD1241,f0f0f0,65,0,34,7,0,97
401822225,2026,12/17/2025,27,s:40~l:54~t:27,UC Riverside,Highlanders,UCR,14234F,NA,away,52,FALSE,9,4,19,35,20,57,NA,23,71,5,7,6,10,14,1,0,28,7,25,29,0,20,20,254,s:40~l:54~t:254,Utah,Utes,be0000,ffffff,61,7,20,18,7,36
401822225,2026,12/17/2025,254,s:40~l:54~t:254,Utah,Utes,UTAH,be0000,ffffff,home,61,TRUE,13,5,27,46,24,52,NA,13,43,9,21,20,16,9,1,0,20,4,20,43,0,23,23,27,s:40~l:54~t:27,UC Riverside,Highlanders,14234F,NA,52,10,36,16,7,55
401807522,2026,12/17/2025,153,s:40~l:54~t:153,North Carolina,Tar Heels,UNC,7bafd4,13294b,home,84,TRUE,19,9,34,49,34,70,NA,13,33,5,15,50,20,11,0,0,34,11,32,54,0,15,15,350,s:40~l:54~t:350,UNC Wilmington,Seahawks,00665e,ffda00,34,15,42,28,5,95
401829602,2026,12/17/2025,2439,s:40~l:54~t:2439,UNLV,Lady Rebels,UNLV,cf0a2c,cac8c8,away,61,TRUE,11,2,18,50,26,52,NA,11,67,6,9,7,4,6,0,0,30,3,10,22,0,9,9,2253,s:40~l:54~t:2253,Grand Canyon,Lopes,522398,ffffff,60,6,36,11,6,52
401829602,2026,12/17/2025,2253,s:40~l:54~t:2253,Grand Canyon,Lopes,GCU,522398,ffffff,home,60,FALSE,16,4,23,40,25,62,NA,14,100,4,4,8,17,3,1,0,24,6,25,40,0,15,15,2439,s:40~l:54~t:2439,UNLV,Lady Rebels,cf0a2c,cac8c8,61,3,34,4,6,43
401827254,2026,12/17/2025,2172,s:40~l:54~t:2172,Denver,Pioneers,DEN,98002e,a8996e,home,80,TRUE,14,4,26,40,29,73,NA,10,75,12,16,30,15,12,2,0,29,10,34,41,0,9,9,2862,s:40~l:54~t:2862,Colorado Christian,Cougars,000000,NA,53,17,26,20,0,99
401827231,2026,12/17/2025,155,s:40~l:54~t:155,North Dakota,Fighting Hawks,UND,00A26B,c2c3c0,home,79,TRUE,24,2,39,40,28,70,NA,15,91,10,11,50,9,9,0,0,38,13,34,48,0,12,12,561,s:40~l:54~t:561,Mayville State,Comets,000000,NA,30,12,28,30,0,98
401822234,2026,12/17/2025,305,s:40~l:54~t:305,DePaul,Blue Demons,DEP,2d649c,ce1125,away,67,FALSE,20,1,20,33,24,73,NA,24,77,10,13,3,18,10,0,0,36,9,25,38,0,13,13,82,s:40~l:54~t:82,UIC,Flames,001e62,d50032,77,6,26,16,6,12
401808750,2026,12/17/2025,2433,s:40~l:54~t:2433,UL Monroe,Warhawks,ULM,840029,fdb913,away,58,FALSE,9,4,31,43,24,56,NA,16,58,7,12,0,14,8,2,0,38,3,8,45,0,27,27,2032,s:40~l:54~t:2032,Arkansas State,Red Wolves,cc092f,000000,79,13,32,10,0,0
401808750,2026,12/17/2025,2032,s:40~l:54~t:2032,Arkansas State,Red Wolves,ARST,cc092f,000000,home,79,TRUE,19,2,20,39,26,66,NA,18,67,12,18,23,13,15,0,0,38,15,40,33,0,12,12,2433,s:40~l:54~t:2433,UL Monroe,Warhawks,840029,fdb913,58,19,22,24,0,99
401831077,2026,12/17/2025,339,s:40~l:54~t:339,Evansville,Purple Aces,EVAN,663399,ef6f00,away,67,FALSE,14,2,22,33,22,66,NA,20,86,12,14,4,14,5,0,0,29,11,38,36,0,16,16,2057,s:40~l:54~t:2057,Belmont,Bruins,182142,c9262d,77,2,18,13,8,15
401827247,2026,12/17/2025,140,s:40~l:54~t:140,Kansas City,Roos,KC,004b87,ffc72c,away,77,FALSE,17,3,23,50,32,64,NA,16,50,5,10,0,13,11,0,0,50,8,16,36,0,26,26,8,s:40~l:54~t:8,Arkansas,Razorbacks,a32136,ffffff,92,13,44,31,0,0
401827247,2026,12/17/2025,8,s:40~l:54~t:8,Arkansas,Razorbacks,ARK,a32136,ffffff,home,92,TRUE,18,4,21,45,35,77,NA,14,93,13,14,21,19,17,1,0,41,9,22,40,0,21,21,140,s:40~l:54~t:140,Kansas City,Roos,004b87,ffc72c,77,18,44,27,0,98
401825950,2026,12/17/2025,109466,s:40~l:54~t:109466,Haskell,Jayhawks,HSKL,NA,NA,away,39,FALSE,6,4,17,28,14,50,NA,21,67,4,6,2,7,6,2,0,33,7,21,24,0,24,24,2305,s:40~l:54~t:2305,Kansas,Jayhawks,0051ba,e8000d,107,0,14,3,0,0
401825950,2026,12/17/2025,2305,s:40~l:54~t:2305,Kansas,Jayhawks,KU,0051ba,e8000d,home,107,TRUE,20,4,31,51,38,74,NA,8,77,20,26,71,22,15,0,0,37,11,30,53,0,9,9,109466,s:40~l:54~t:109466,Haskell,Jayhawks,NA,NA,39,21,54,34,0,0
401825718,2026,12/17/2025,156,s:40~l:54~t:156,Creighton,Bluejays,CREI,005ca9,6cadde,away,92,TRUE,27,11,28,51,34,67,NA,11,80,8,10,47,12,13,1,0,46,16,35,40,0,10,10,2437,s:40~l:54~t:2437,Omaha,Mavericks,e3193e,474648,48,13,24,29,0,99
401825718,2026,12/17/2025,2437,s:40~l:54~t:2437,Omaha,Mavericks,OMA,e3193e,474648,home,48,FALSE,11,2,21,30,17,56,NA,16,86,6,7,0,11,7,0,0,40,8,20,32,0,20,20,156,s:40~l:54~t:156,Creighton,Bluejays,005ca9,6cadde,92,2,14,12,0,0
401824760,2026,12/17/2025,2110,s:40~l:54~t:2110,Central Arkansas,Sugar Bears,CARK,a7a9ac,8e959a,away,55,FALSE,10,5,28,36,21,59,NA,22,75,6,8,9,12,7,0,0,28,7,25,40,0,18,18,2348,s:40~l:54~t:2348,Louisiana Tech,Lady Techsters,003087,cb333b,70,2,24,11,5,36
401824760,2026,12/17/2025,2348,s:40~l:54~t:2348,Louisiana Tech,Lady Techsters,LT,003087,cb333b,home,70,TRUE,14,3,28,38,21,56,NA,12,64,21,33,16,14,11,1,0,33,7,21,42,0,13,13,2110,s:40~l:54~t:2110,Central Arkansas,Sugar Bears,a7a9ac,8e959a,55,7,28,16,5,47
401824333,2026,12/17/2025,2504,s:40~l:54~t:2504,Prairie View A&M,Lady Panthers,PV,582c83,eaaa00,away,59,FALSE,10,5,20,41,21,51,NA,18,75,6,8,1,6,8,1,1,46,11,24,26,1,26,26,2320,s:40~l:54~t:2320,Lamar,Cardinals,000000,ebebeb,72,15,18,17,2,6
401822280,2026,12/17/2025,2011,s:40~l:54~t:2011,Alabama State,Lady Hornets,ALST,e9a900,0a0a0a,away,57,FALSE,9,2,21,36,21,58,NA,19,60,12,20,0,13,4,0,0,21,3,14,34,0,21,21,344,s:40~l:54~t:344,Mississippi State,Bulldogs,5d1725,c1c6c8,105,7,28,7,0,0
401825606,2026,12/17/2025,269,s:40~l:54~t:269,Marquette,Golden Eagles,MARQ,003366,ffcc00,away,53,FALSE,8,2,14,38,21,55,NA,14,75,6,8,0,13,10,5,0,31,5,16,27,0,21,21,41,s:40~l:54~t:41,UConn,Huskies,0c2340,a2aaad,89,4,22,12,0,0
401825606,2026,12/17/2025,41,s:40~l:54~t:41,UConn,Huskies,CONN,0c2340,a2aaad,home,89,TRUE,24,5,21,59,38,64,NA,10,60,6,10,46,16,11,0,0,50,7,14,37,0,16,16,269,s:40~l:54~t:269,Marquette,Golden Eagles,003366,ffcc00,53,15,56,26,0,99
401831076,2026,12/17/2025,2181,s:40~l:54~t:2181,Drake,Bulldogs,DRKE,005596,bec0c2,away,97,TRUE,27,2,36,51,36,71,NA,19,63,17,27,28,14,5,0,0,32,8,25,50,0,10,10,282,s:40~l:54~t:282,Indiana State,Sycamores,00669a,f0f0f0,77,23,52,8,4,84
401831076,2026,12/17/2025,282,s:40~l:54~t:282,Indiana State,Sycamores,INST,00669a,f0f0f0,home,77,FALSE,10,6,26,33,25,75,NA,22,76,19,25,6,16,3,0,1,24,8,33,42,1,9,9,2181,s:40~l:54~t:2181,Drake,Bulldogs,005596,bec0c2,97,20,26,11,4,10
401828560,2026,12/17/2025,2210,s:40~l:54~t:2210,Elon,Phoenix,ELON,020303,b59a57,away,50,FALSE,5,5,16,33,14,42,NA,16,76,19,25,2,8,11,0,0,25,3,12,24,0,19,19,2430,s:40~l:54~t:2430,UNC Greensboro,Spartans,003559,ffd90a,54,8,20,13,3,7
401824261,2026,12/17/2025,2453,s:40~l:54~t:2453,North Alabama,Lions,UNA,000000,NA,away,57,FALSE,14,0,24,43,20,47,NA,20,73,8,11,11,11,10,2,0,39,9,23,35,0,33,33,2010,s:40~l:54~t:2010,Alabama A&M,Bulldogs,790000,ffffff,72,3,20,17,4,62
401824222,2026,12/17/2025,2117,s:40~l:54~t:2117,Central Michigan,Chippewas,CMU,4c0027,fbab18,away,91,TRUE,19,3,46,52,34,66,NA,14,85,17,20,53,10,7,0,0,35,6,17,56,0,14,14,2674,s:40~l:54~t:2674,Valparaiso,Beacons,794500,NA,41,24,46,13,0,98
401824222,2026,12/17/2025,2674,s:40~l:54~t:2674,Valparaiso,Beacons,VAL,794500,NA,home,41,FALSE,8,6,22,25,16,64,NA,18,36,5,14,0,8,5,1,0,13,4,31,30,0,15,15,2117,s:40~l:54~t:2117,Central Michigan,Chippewas,4c0027,fbab18,91,5,20,4,0,0
401817399,2026,12/17/2025,2599,s:40~l:54~t:2599,St. John's,Red Storm,SJU,d10000,101010,away,67,TRUE,18,6,24,49,28,57,NA,7,75,3,4,24,13,6,1,0,35,8,23,37,0,12,12,2441,s:40~l:54~t:2441,New Haven,Chargers,041e42,ffc425,47,6,36,10,1,84
401813229,2026,12/17/2025,2649,s:40~l:54~t:2649,Toledo,Rockets,TOL,0b2240,ffcd00,home,75,TRUE,17,3,28,51,27,53,NA,11,79,15,19,13,10,7,1,0,46,6,13,38,0,19,19,131,s:40~l:54~t:131,Wayne State (MI),Warriors,000000,NA,63,1,40,10,5,74
401812783,2026,12/17/2025,16,s:40~l:54~t:16,Sacramento State,Hornets,SAC,00573C,cdb97d,away,55,FALSE,12,7,29,37,19,52,NA,13,80,12,15,1,13,4,1,0,33,5,15,42,0,28,28,2539,s:40~l:54~t:2539,San Francisco,Dons,005a36,ffffff,61,12,28,11,2,0
401812783,2026,12/17/2025,2539,s:40~l:54~t:2539,San Francisco,Dons,SF,005a36,ffffff,home,61,TRUE,18,2,21,36,25,69,NA,17,83,5,6,19,15,10,0,0,30,6,20,36,0,15,15,16,s:40~l:54~t:16,Sacramento State,Hornets,00573C,cdb97d,55,14,38,22,2,97
401828902,2026,12/17/2025,130137,s:40~l:54~t:130137,IU Columbus,Crimson Pride,IUC,NA,NA,away,40,FALSE,6,1,15,39,16,41,NA,20,67,4,6,0,2,16,3,0,29,4,14,17,0,36,36,85,s:40~l:54~t:85,IU Indianapolis,Jaguars,A81F30,d59f0f,79,8,18,17,0,0
401807993,2026,12/17/2025,357,s:40~l:54~t:357,Texas A&M-Corpus Christi,Islanders,AMCC,0067c5,007f3e,away,62,FALSE,16,2,22,38,23,60,NA,18,69,11,16,4,14,7,0,0,22,5,23,36,0,16,16,2617,s:40~l:54~t:2617,Stephen F. Austin,Ladyjacks,393996,bec0c2,84,0,30,13,5,12
401807993,2026,12/17/2025,2617,s:40~l:54~t:2617,Stephen F. Austin,Ladyjacks,SFA,393996,bec0c2,home,84,TRUE,12,4,27,42,29,69,NA,16,82,18,22,25,20,11,0,0,24,8,33,47,0,12,12,357,s:40~l:54~t:357,Texas A&M-Corpus Christi,Islanders,0067c5,007f3e,62,24,40,21,5,85
401817571,2026,12/17/2025,97,s:40~l:54~t:97,Louisville,Cardinals,LOU,c9001f,ffffff,home,76,TRUE,18,5,36,40,31,77,NA,15,58,11,19,28,24,10,0,0,14,3,22,60,0,16,16,2198,s:40~l:54~t:2198,Eastern Kentucky,Colonels,660819,f0f0f0,51,2,44,23,2,66
401827445,2026,12/17/2025,2379,s:40~l:54~t:2379,Maryland Eastern Shore,Hawks,UMES,5c2301,b5b7ba,home,86,FALSE,10,4,25,49,34,69,NA,20,81,13,16,17,16,5,2,1,50,5,10,41,1,20,20,119,s:40~l:54~t:119,Towson,Tigers,FFC229,NA,87,7,50,22,9,79
401808816,2026,12/17/2025,309,s:40~l:54~t:309,Louisiana,Ragin' Cajuns,UL,ce181e,000000,away,55,FALSE,10,2,32,37,21,57,NA,19,45,9,20,8,10,9,1,1,33,4,12,42,1,19,19,326,s:40~l:54~t:326,Texas State,Bobcats,501214,6a5638,62,10,16,8,7,66
401808766,2026,12/17/2025,256,s:40~l:54~t:256,James Madison,Dukes,JMU,450084,cbb677,away,71,TRUE,15,5,26,41,25,61,NA,20,65,13,20,4,18,9,0,0,36,8,22,44,0,23,23,324,s:40~l:54~t:324,Coastal Carolina,Chanticleers,006f71,a27752,68,0,32,16,13,27
401808766,2026,12/17/2025,324,s:40~l:54~t:324,Coastal Carolina,Chanticleers,CCU,006f71,a27752,home,68,FALSE,9,4,21,37,22,59,NA,17,67,14,21,8,13,10,0,0,43,10,23,34,0,19,19,256,s:40~l:54~t:256,James Madison,Dukes,450084,cbb677,71,5,22,24,13,60
401827922,2026,12/17/2025,2400,s:40~l:54~t:2400,Mississippi Valley State,Devilettes,MVSU,005328,cf2d34,away,34,FALSE,7,6,19,25,13,53,NA,28,60,6,10,0,15,3,2,0,13,2,16,34,0,32,32,145,s:40~l:54~t:145,Ole Miss,Rebels,13294b,cf142b,102,2,10,4,0,0
401827922,2026,12/17/2025,145,s:40~l:54~t:145,Ole Miss,Rebels,MISS,13294b,cf142b,home,102,TRUE,22,12,25,48,37,77,NA,16,74,23,31,68,24,15,0,0,26,5,19,49,0,9,9,2400,s:40~l:54~t:2400,Mississippi Valley State,Devilettes,005328,cf2d34,34,15,62,35,0,99
401827194,2026,12/17/2025,292,s:40~l:54~t:292,UT Rio Grande Valley,Vaqueros,RGV,dc6000,e1732d,away,60,FALSE,5,3,20,32,18,56,NA,21,61,19,31,3,11,7,0,0,31,5,16,31,0,12,12,2449,s:40~l:54~t:2449,North Dakota State,Bison,01402A,ffffff,82,2,26,14,3,8
401822830,2026,12/17/2025,139,s:40~l:54~t:139,Saint Louis,Billikens,SLU,00539C,ebebeb,home,74,TRUE,13,7,32,52,29,56,NA,14,75,12,16,22,10,5,0,1,40,4,10,42,1,12,12,55,s:40~l:54~t:55,Jacksonville State,Gamecocks,cc0000,000000,54,12,42,11,10,76
401813270,2026,12/17/2025,2655,s:40~l:54~t:2655,Tulane,Green Wave,TULN,006747,418fde,away,52,FALSE,14,5,22,33,20,61,NA,15,50,5,10,3,15,3,1,0,29,7,24,37,0,16,16,333,s:40~l:54~t:333,Alabama,Crimson Tide,9e1b32,ffffff,81,7,18,13,1,1
401813270,2026,12/17/2025,333,s:40~l:54~t:333,Alabama,Crimson Tide,ALA,9e1b32,ffffff,home,81,TRUE,20,5,28,44,27,62,NA,7,78,14,18,32,15,8,1,0,39,13,33,43,0,13,13,2655,s:40~l:54~t:2655,Tulane,Green Wave,006747,418fde,52,7,22,25,1,93
401818523,2026,12/17/2025,50,s:40~l:54~t:50,Florida A&M,Rattlers,FAMU,F89728,00843d,away,51,FALSE,8,1,17,33,17,52,NA,26,54,13,24,6,10,10,2,0,36,4,11,27,0,18,18,57,s:40~l:54~t:57,Florida,Gators,0021a5,fa4616,76,5,18,19,5,24
401818523,2026,12/17/2025,57,s:40~l:54~t:57,Florida,Gators,FLA,0021a5,fa4616,home,76,TRUE,17,3,30,58,28,48,NA,19,61,17,28,25,10,10,0,0,23,3,13,40,0,21,21,50,s:40~l:54~t:50,Florida A&M,Rattlers,F89728,00843d,51,8,50,20,5,72
401822207,2026,12/17/2025,294,s:40~l:54~t:294,Jacksonville,Dolphins,JAX,00523e,NA,away,40,FALSE,6,2,18,27,16,59,NA,17,64,7,11,0,15,5,1,0,8,1,13,33,0,16,16,2641,s:40~l:54~t:2641,Texas Tech,Lady Raiders,da291c,000000,76,4,28,6,0,0
401822207,2026,12/17/2025,2641,s:40~l:54~t:2641,Texas Tech,Lady Raiders,TTU,da291c,000000,home,76,TRUE,15,4,30,49,29,59,NA,17,79,15,19,37,13,6,0,0,13,3,24,43,0,13,13,294,s:40~l:54~t:294,Jacksonville,Dolphins,00523e,NA,40,13,48,11,0,96
401825218,2026,12/17/2025,458,s:40~l:54~t:458,Agnes Scott,AGNES SCOTT,ASC,000000,NA,away,39,FALSE,7,1,13,22,13,59,NA,8,64,7,11,0,7,8,0,0,17,6,36,20,0,16,16,2908,s:40~l:54~t:2908,South Carolina Upstate,Spartans,008545,000000,112,8,14,6,0,0
401825048,2026,12/17/2025,2429,s:40~l:54~t:2429,Charlotte,49ers,CLT,005035,a49665,home,81,TRUE,21,5,22,44,32,72,NA,20,50,7,14,32,23,10,3,0,37,10,27,45,0,21,21,2737,s:40~l:54~t:2737,Winthrop,Eagles,9e0b0e,fdb41e,58,10,40,32,4,61
401824171,2026,12/17/2025,151,s:40~l:54~t:151,East Carolina,Pirates,ECU,582c83,ffc72c,home,80,TRUE,14,3,28,49,28,57,NA,16,78,18,23,23,7,8,1,0,35,6,17,35,0,9,9,2747,s:40~l:54~t:2747,Wofford,Terriers,533B24,f0f0f0,59,18,34,16,4,75
401822269,2026,12/17/2025,2325,s:40~l:54~t:2325,La Salle,Explorers,LAS,003356,ffce00,away,65,TRUE,17,6,34,44,27,62,NA,13,100,8,8,17,9,11,0,0,19,3,16,43,0,17,17,48,s:40~l:54~t:48,Delaware,Blue Hens,00539f,ffd200,48,12,46,23,2,99
401822269,2026,12/17/2025,48,s:40~l:54~t:48,Delaware,Blue Hens,DEL,00539f,ffd200,home,48,FALSE,5,1,25,29,19,65,NA,10,82,9,11,1,14,9,0,0,7,1,14,39,0,18,18,2325,s:40~l:54~t:2325,La Salle,Explorers,003356,ffce00,65,15,32,11,2,1
401822193,2026,12/17/2025,2115,s:40~l:54~t:2115,Central Connecticut,Blue Devils,CCSU,1B49A2,d1d5d8,home,66,FALSE,13,2,17,40,26,65,NA,20,78,7,9,11,11,9,0,0,44,7,16,28,0,8,8,160,s:40~l:54~t:160,New Hampshire,Wildcats,004990,c3c4c6,69,2,28,19,7,47
401820306,2026,12/17/2025,110419,s:40~l:54~t:110419,Georgian Court University,Lions,GCTU,NA,NA,away,50,FALSE,12,4,14,39,21,54,NA,20,60,6,10,0,8,8,2,0,15,2,13,22,0,21,21,2619,s:40~l:54~t:2619,Stony Brook,Seawolves,990000,NA,75,11,34,15,0,0
401820306,2026,12/17/2025,2619,s:40~l:54~t:2619,Stony Brook,Seawolves,STBK,990000,NA,home,75,TRUE,16,4,28,46,25,54,NA,15,73,19,26,32,14,13,1,0,46,6,13,42,0,20,20,110419,s:40~l:54~t:110419,Georgian Court University,Lions,NA,NA,50,14,32,28,0,98
401819585,2026,12/17/2025,228,s:40~l:54~t:228,Clemson,Tigers,CLEM,f56600,ffffff,away,78,TRUE,17,3,25,50,30,60,NA,9,47,7,15,28,14,7,0,0,41,11,27,39,0,8,8,2127,s:40~l:54~t:2127,Charleston Southern,Buccaneers,2e3192,ded090,52,6,28,16,1,88
401819585,2026,12/17/2025,2127,s:40~l:54~t:2127,Charleston Southern,Buccaneers,CHSO,2e3192,ded090,home,52,FALSE,7,1,20,40,22,55,NA,16,50,2,4,4,9,1,0,0,21,6,28,29,0,12,12,228,s:40~l:54~t:228,Clemson,Tigers,f56600,ffffff,78,0,22,8,1,7
401808843,2026,12/17/2025,2653,s:40~l:54~t:2653,Troy,Trojans,TROY,862633,b1b1b1,away,81,TRUE,13,2,37,36,24,67,NA,15,81,29,36,26,15,10,0,0,25,4,16,52,0,19,19,295,s:40~l:54~t:295,Old Dominion,Monarchs,003768,a1d2f1,59,17,30,17,0,100
401808843,2026,12/17/2025,295,s:40~l:54~t:295,Old Dominion,Monarchs,ODU,003768,a1d2f1,home,59,FALSE,10,2,30,34,23,67,NA,25,63,10,16,0,10,13,1,0,18,3,17,40,0,19,19,2653,s:40~l:54~t:2653,Troy,Trojans,862633,b1b1b1,81,10,34,15,0,0
401808733,2026,12/17/2025,276,s:40~l:54~t:276,Marshall,Thundering Herd,MRSH,00b140,000000,home,75,TRUE,11,5,23,54,27,50,NA,19,83,15,18,16,5,9,1,0,38,6,16,28,0,13,13,2026,s:40~l:54~t:2026,App State,Mountaineers,000000,ffcd00,62,10,40,13,9,57
401830369,2026,12/16/2025,13,s:40~l:54~t:13,Cal Poly,Mustangs,CP,1E4D2B,eed897,away,28,FALSE,6,0,13,28,11,40,NA,23,50,2,4,0,2,0,1,0,31,4,13,15,0,31,31,26,s:40~l:54~t:26,UCLA,Bruins,2774ae,f2a900,115,0,12,3,0,0
401830369,2026,12/16/2025,26,s:40~l:54~t:26,UCLA,Bruins,UCLA,2774ae,f2a900,home,115,TRUE,28,4,26,58,42,73,NA,8,69,18,26,87,20,19,1,0,43,13,30,46,0,7,7,13,s:40~l:54~t:13,Cal Poly,Mustangs,1E4D2B,eed897,28,28,56,59,0,99
401825941,2026,12/16/2025,38,s:40~l:54~t:38,Colorado,Buffaloes,COLO,cfb87c,000000,home,79,TRUE,17,4,21,51,30,59,NA,16,64,14,22,25,16,10,2,0,28,5,18,37,0,24,24,2458,s:40~l:54~t:2458,Northern Colorado,Bears,13558D,ffc533,62,18,46,25,4,91
401825873,2026,12/16/2025,9,s:40~l:54~t:9,Arizona State,Sun Devils,ASU,ffc627,8c1d40,away,68,TRUE,14,2,14,42,26,62,NA,20,69,9,13,9,14,14,1,1,41,7,17,28,1,14,14,2250,s:40~l:54~t:2250,Gonzaga,Bulldogs,041e42,c8102e,66,8,30,26,5,85
401827567,2026,12/16/2025,300,s:40~l:54~t:300,UC Irvine,Anteaters,UCI,002B5C,fec52e,away,83,TRUE,15,2,27,46,24,52,NA,17,92,22,24,23,6,11,1,0,48,13,27,33,0,19,19,166,s:40~l:54~t:166,New Mexico State,Aggies,7e141b,231f20,66,10,18,8,5,72
401823035,2026,12/16/2025,2029,s:40~l:54~t:2029,Arkansas-Pine Bluff,Golden Lions,UAPB,e0aa0f,eaaa00,away,54,FALSE,11,0,14,37,23,63,NA,13,33,2,6,0,4,6,0,0,35,6,17,18,0,11,11,2628,s:40~l:54~t:2628,TCU,Horned Frogs,4d1979,ffffff,109,7,24,4,0,0
401823035,2026,12/16/2025,2628,s:40~l:54~t:2628,TCU,Horned Frogs,TCU,4d1979,ffffff,home,109,TRUE,29,4,39,63,41,65,NA,7,79,19,24,55,13,8,0,0,44,8,18,52,0,10,10,2029,s:40~l:54~t:2029,Arkansas-Pine Bluff,Golden Lions,e0aa0f,eaaa00,54,31,64,11,0,99
401828509,2026,12/16/2025,2393,s:40~l:54~t:2393,Middle Tennessee,Blue Raiders,MTSU,036eb7,ffffff,home,52,FALSE,6,0,14,39,17,44,NA,13,91,10,11,2,11,8,3,0,35,8,23,25,0,25,25,2,s:40~l:54~t:2,Auburn,Tigers,002b5c,f26522,68,0,12,7,1,5
401809055,2026,12/16/2025,2447,s:40~l:54~t:2447,Nicholls,Colonels,NICH,C41230,f0f0f0,home,52,FALSE,9,1,21,49,23,47,NA,17,56,5,9,2,0,10,0,0,13,1,8,21,0,13,13,2916,s:40~l:54~t:2916,Incarnate Word,Cardinals,000000,080808,54,12,42,26,8,10
401823666,2026,12/16/2025,183,s:40~l:54~t:183,Syracuse,Orange,SYR,000e54,ff431b,home,72,TRUE,15,6,29,38,29,76,NA,20,61,11,18,24,26,11,0,0,13,3,23,55,0,16,16,2066,s:40~l:54~t:2066,Binghamton,Bearcats,00614A,f0f0f0,54,13,42,19,4,82
401813269,2026,12/16/2025,2534,s:40~l:54~t:2534,Sam Houston,Bearkats,SHSU,f56423,ffffff,away,36,FALSE,9,0,12,28,16,57,NA,21,57,4,7,0,8,15,0,0,0,0,10,20,0,14,14,333,s:40~l:54~t:333,Alabama,Crimson Tide,9e1b32,ffffff,73,2,24,8,0,0
401813269,2026,12/16/2025,333,s:40~l:54~t:333,Alabama,Crimson Tide,ALA,9e1b32,ffffff,home,73,TRUE,16,6,34,40,23,58,NA,15,74,17,23,41,25,5,1,0,45,10,22,59,0,25,25,2534,s:40~l:54~t:2534,Sam Houston,Bearkats,f56423,ffffff,36,6,26,14,0,99
401827841,2026,12/16/2025,47,s:40~l:54~t:47,Howard,Bison,HOW,003a63,e51937,away,66,TRUE,14,1,24,40,25,63,NA,14,67,12,18,7,10,11,1,0,31,4,13,34,0,10,10,2132,s:40~l:54~t:2132,Cincinnati,Bearcats,000000,e00122,64,6,30,11,6,86
401827841,2026,12/16/2025,2132,s:40~l:54~t:2132,Cincinnati,Bearcats,CIN,000000,e00122,home,64,FALSE,14,4,27,40,24,60,NA,15,67,10,15,3,10,4,1,0,30,6,20,37,0,20,20,47,s:40~l:54~t:47,Howard,Bison,003a63,e51937,66,10,32,11,6,6
401817704,2026,12/16/2025,2754,s:40~l:54~t:2754,Youngstown State,Penguins,YSU,E51937,690717,home,65,TRUE,16,5,24,43,24,56,NA,12,67,10,15,19,14,8,0,0,39,7,18,38,0,17,17,2750,s:40~l:54~t:2750,Wright State,Raiders,cba052,cba052,46,11,28,19,10,49
401822144,2026,12/16/2025,2670,s:40~l:54~t:2670,VCU,Rams,VCU,ffaf00,000000,home,69,TRUE,15,0,25,43,26,60,NA,17,69,11,16,11,13,11,0,0,33,6,18,38,0,13,13,44,s:40~l:54~t:44,American University,Eagles,c41130,c8102e,63,13,36,21,8,64
401820857,2026,12/16/2025,2242,s:40~l:54~t:2242,Geneva,Golden Tornadoes,GENEVA,000000,NA,away,65,FALSE,14,5,21,34,24,71,NA,28,42,5,12,7,17,11,2,0,33,12,36,38,0,26,26,2006,s:40~l:54~t:2006,Akron,Zips,041e42,c5b783,100,2,22,15,2,13
401820857,2026,12/16/2025,2006,s:40~l:54~t:2006,Akron,Zips,AKR,041e42,c5b783,home,100,TRUE,18,2,34,41,32,78,NA,13,86,31,36,37,28,12,1,0,15,5,34,62,0,18,18,2242,s:40~l:54~t:2242,Geneva,Golden Tornadoes,000000,NA,65,21,54,24,2,86
401825934,2026,12/16/2025,2492,s:40~l:54~t:2492,Pepperdine,Waves,PEPP,003A72,dc762f,home,80,FALSE,19,3,27,51,33,65,NA,24,75,9,12,6,7,6,1,0,28,5,18,34,0,14,14,2449,s:40~l:54~t:2449,North Dakota State,Bison,01402A,ffffff,82,6,50,19,4,29
401827443,2026,12/16/2025,2182,s:40~l:54~t:2182,Drexel,Dragons,DREX,020260,ffd65a,home,95,TRUE,30,1,44,58,38,65,NA,13,75,15,20,61,18,2,0,0,27,4,15,62,0,17,17,121698,s:40~l:54~t:121698,Chestnut Hill,Griffins,NA,NA,38,23,54,16,0,98
401822260,2026,12/16/2025,2934,s:40~l:54~t:2934,Cal State Bakersfield,Roadrunners,CSUB,003BAB,NA,home,67,TRUE,14,2,23,29,24,84,NA,18,72,13,18,14,21,15,3,0,22,6,27,44,0,11,11,499,s:40~l:54~t:499,Cal State East Bay,Pioneers,NA,NA,55,10,34,29,4,47
401825140,2026,12/16/2025,109704,s:40~l:54~t:109704,Coastal Georgia,Mariner,COGA,NA,NA,away,82,FALSE,16,2,27,41,30,74,NA,25,75,12,16,0,12,10,0,0,31,10,32,39,0,22,22,2454,s:40~l:54~t:2454,North Florida,Ospreys,004B8D,babcbe,96,21,32,23,0,0
401825140,2026,12/16/2025,2454,s:40~l:54~t:2454,North Florida,Ospreys,UNF,004B8D,babcbe,home,96,TRUE,27,1,35,49,41,83,NA,16,50,8,16,25,20,14,0,1,25,6,24,55,1,19,19,109704,s:40~l:54~t:109704,Coastal Georgia,Mariner,NA,NA,82,23,68,20,0,96
401825106,2026,12/16/2025,2724,s:40~l:54~t:2724,Wichita State,Shockers,WICH,ffcd00,27251f,home,79,TRUE,17,5,32,55,29,53,NA,19,75,15,20,14,5,3,0,0,40,6,15,37,0,18,18,198,s:40~l:54~t:198,Oral Roberts,Golden Eagles,002462,dac792,65,15,38,16,3,34
401822216,2026,12/16/2025,149,s:40~l:54~t:149,Montana,Lady Griz,MONT,751D4A,666666,away,54,FALSE,8,0,28,35,17,48,NA,16,76,13,17,8,5,11,1,0,26,7,27,33,0,19,19,248,s:40~l:54~t:248,Houston,Cougars,c8102e,ffffff,60,0,20,7,12,62
401824158,2026,12/16/2025,257,s:40~l:54~t:257,Richmond,Spiders,RICH,9e0712,b90b2e,home,81,TRUE,21,4,28,42,28,66,NA,16,75,12,16,42,14,15,0,0,35,13,37,42,0,14,14,2065,s:40~l:54~t:2065,Bethune-Cookman,Wildcats,7b1831,e9aa12,45,11,30,32,0,98
401817703,2026,12/16/2025,94,s:40~l:54~t:94,Northern Kentucky,Norse,NKU,ffc82e,000000,away,56,FALSE,12,3,30,36,20,56,NA,16,50,9,18,1,11,3,2,0,28,7,25,41,0,18,18,325,s:40~l:54~t:325,Cleveland State,Vikings,006633,231f20,74,2,20,13,2,1
401817703,2026,12/16/2025,325,s:40~l:54~t:325,Cleveland State,Vikings,CLE,006633,231f20,home,74,TRUE,20,2,28,44,27,61,NA,15,69,11,16,18,6,8,1,0,39,9,23,34,0,8,8,94,s:40~l:54~t:94,Northern Kentucky,Norse,ffc82e,000000,56,12,36,17,2,99
401813202,2026,12/16/2025,189,s:40~l:54~t:189,Bowling Green,Falcons,BGSU,fd5000,4f2c1d,home,74,TRUE,18,2,26,44,26,59,NA,20,60,12,20,30,8,10,1,0,29,10,34,34,0,15,15,2330,s:40~l:54~t:2330,Le Moyne,Dolphins,000000,NA,46,18,30,25,2,86
401812518,2026,12/16/2025,159,s:40~l:54~t:159,Dartmouth,Big Green,DART,005730,000000,home,68,TRUE,21,1,26,37,23,62,NA,7,65,13,20,21,16,12,0,0,24,9,38,42,0,14,14,144,s:40~l:54~t:144,Franklin Pierce,Ravens,NA,NA,50,8,26,18,4,84
401823112,2026,12/16/2025,107,s:40~l:54~t:107,Holy Cross,Crusaders,HC,582c83,ffffff,home,46,TRUE,11,3,31,35,18,51,NA,13,75,6,8,6,10,3,0,0,25,4,16,41,0,16,16,261,s:40~l:54~t:261,Vermont,Catamounts,154734,ffc72c,45,2,22,4,3,42
401812782,2026,12/15/2025,109604,s:40~l:54~t:109604,Simpson University (CA),Red Hawks,SUCA,NA,NA,away,42,FALSE,5,3,17,26,14,53,NA,20,53,10,19,0,12,9,1,1,15,4,26,29,1,28,28,16,s:40~l:54~t:16,Sacramento State,Hornets,00573C,cdb97d,102,1,18,7,0,0
401812782,2026,12/15/2025,16,s:40~l:54~t:16,Sacramento State,Hornets,SAC,00573C,cdb97d,home,102,TRUE,26,6,31,57,38,67,NA,21,65,17,26,65,13,20,1,0,47,9,19,44,0,14,14,109604,s:40~l:54~t:109604,Simpson University (CA),Red Hawks,NA,NA,42,17,54,38,0,99
401826151,2026,12/15/2025,28,s:40~l:54~t:28,UC San Diego,Tritons,UCSD,000000,ffcd00,away,67,TRUE,13,3,25,40,25,63,NA,15,63,10,16,15,12,12,1,0,35,7,20,37,0,14,14,2856,s:40~l:54~t:2856,California Baptist,Lancers,000000,NA,59,8,32,19,1,95
401825842,2026,12/15/2025,2464,s:40~l:54~t:2464,Northern Arizona,Lumberjacks,NAU,003976,1b3069,home,95,TRUE,17,3,34,47,36,76,NA,14,61,14,23,44,16,14,0,0,38,9,24,50,0,13,13,116420,s:40~l:54~t:116420,Park University Gilbert,Buccaneers,NA,NA,53,31,48,29,4,94
401822854,2026,12/15/2025,12,s:40~l:54~t:12,Arizona,Wildcats,ARIZ,cc0033,003366,home,89,TRUE,17,0,27,53,31,59,NA,19,83,20,24,19,5,15,0,0,41,7,17,32,0,20,20,2130,s:40~l:54~t:2130,Chicago State,Cougars,006700,NA,70,29,46,27,0,99
401818612,2026,12/15/2025,58,s:40~l:54~t:58,South Florida,Bulls,USF,006747,cfc493,away,58,FALSE,10,2,24,44,26,59,NA,14,0,0,2,5,7,3,3,0,38,6,16,31,0,20,20,238,s:40~l:54~t:238,Vanderbilt,Commodores,000000,cfae70,87,13,28,8,1,20
401824195,2026,12/15/2025,202,s:40~l:54~t:202,Tulsa,Golden Hurricane,TLSA,003595,d0b787,away,58,FALSE,12,1,22,41,18,44,NA,23,88,15,17,0,6,8,0,0,47,7,15,28,0,31,31,197,s:40~l:54~t:197,Oklahoma State,Cowgirls,fe5c00,000000,90,15,20,7,0,0
401824195,2026,12/15/2025,197,s:40~l:54~t:197,Oklahoma State,Cowgirls,OKST,fe5c00,000000,home,90,TRUE,14,0,21,49,30,61,NA,18,73,22,30,35,11,17,0,0,35,8,23,32,0,15,15,202,s:40~l:54~t:202,Tulsa,Golden Hurricane,003595,d0b787,58,17,40,33,0,97
401807922,2026,12/15/2025,2466,s:40~l:54~t:2466,Northwestern State,Lady Demons,NWST,492F91,ed6118,away,65,TRUE,13,0,27,42,18,43,NA,13,80,20,25,8,10,7,1,0,39,9,23,37,0,23,23,2377,s:40~l:54~t:2377,McNeese,Cowgirls,00529C,ffd204,58,7,18,11,14,47
401807896,2026,12/15/2025,357,s:40~l:54~t:357,Texas A&M-Corpus Christi,Islanders,AMCC,0067c5,007f3e,away,49,FALSE,11,2,23,38,19,50,NA,19,60,6,10,1,10,6,2,0,26,5,19,33,0,22,22,2320,s:40~l:54~t:2320,Lamar,Cardinals,000000,ebebeb,77,4,18,11,2,3
401825825,2026,12/15/2025,2385,s:40~l:54~t:2385,Mercyhurst,Lakers,MERC,000000,NA,away,52,FALSE,18,1,17,35,20,57,NA,12,80,4,5,0,16,6,0,0,24,8,34,33,0,21,21,116,s:40~l:54~t:116,Mount St. Mary's,Mountaineers,005596,ebebeb,81,11,22,9,0,0
401825096,2026,12/15/2025,2016,s:40~l:54~t:2016,Alcorn State,Lady Braves,ALCN,4b0058,46166a,away,32,FALSE,6,1,18,21,12,58,NA,10,83,5,6,4,13,10,2,0,33,3,9,31,0,14,14,5,s:40~l:54~t:5,UAB,Blazers,1a5632,fdb913,70,2,12,12,1,9
401825096,2026,12/15/2025,5,s:40~l:54~t:5,UAB,Blazers,UAB,1a5632,fdb913,home,70,TRUE,18,0,32,49,24,49,NA,10,62,8,13,44,9,4,1,0,50,14,28,41,0,15,15,2016,s:40~l:54~t:2016,Alcorn State,Lady Braves,4b0058,46166a,32,13,12,7,1,83
401822376,2026,12/15/2025,2097,s:40~l:54~t:2097,Campbell,Fighting Camels,CAM,000000,NA,home,68,TRUE,9,7,29,31,16,52,NA,16,76,28,37,6,14,7,1,0,31,8,26,43,0,19,19,2450,s:40~l:54~t:2450,Norfolk State,Spartans,0c8968,fdb813,63,1,14,15,10,31
401807992,2026,12/15/2025,292,s:40~l:54~t:292,UT Rio Grande Valley,Vaqueros,RGV,dc6000,e1732d,away,87,TRUE,18,1,32,49,34,70,NA,16,93,13,14,7,13,9,0,0,40,6,15,45,0,13,13,2617,s:40~l:54~t:2617,Stephen F. Austin,Ladyjacks,393996,bec0c2,85,4,56,18,14,51
401807992,2026,12/15/2025,2617,s:40~l:54~t:2617,Stephen F. Austin,Ladyjacks,SFA,393996,bec0c2,home,85,FALSE,17,5,24,40,28,70,NA,14,81,17,21,5,12,6,0,0,46,12,26,36,0,12,12,292,s:40~l:54~t:292,UT Rio Grande Valley,Vaqueros,dc6000,e1732d,87,11,30,10,14,36
401825765,2026,12/15/2025,2115,s:40~l:54~t:2115,Central Connecticut,Blue Devils,CCSU,1B49A2,d1d5d8,away,56,FALSE,13,5,33,35,18,51,NA,18,63,19,30,4,4,11,3,0,10,1,10,37,0,32,32,2561,s:40~l:54~t:2561,Siena,Saints,037961,eea60f,94,4,22,18,1,5
401825765,2026,12/15/2025,2561,s:40~l:54~t:2561,Siena,Saints,SIE,037961,eea60f,home,94,TRUE,23,1,33,39,32,83,NA,26,70,16,23,38,22,22,0,0,33,14,42,55,0,19,19,2115,s:40~l:54~t:2115,Central Connecticut,Blue Devils,1B49A2,d1d5d8,56,26,30,39,1,94
401829274,2026,12/15/2025,2658,s:40~l:54~t:2658,Texas A&M-Kingsville,Javelinas,TAMK,000000,NA,away,40,FALSE,7,1,29,34,14,41,NA,17,75,9,12,5,2,5,5,0,23,3,13,31,0,30,30,2636,s:40~l:54~t:2636,UTSA,Roadrunners,0c2340,f15a22,82,2,16,3,2,12
401825062,2026,12/15/2025,93,s:40~l:54~t:93,Murray State,Racers,MUR,002148,000e00,home,85,TRUE,17,0,33,39,28,71,NA,12,71,17,24,29,19,9,3,0,38,12,32,52,0,19,19,235,s:40~l:54~t:235,Memphis,Tigers,004991,8e908f,57,28,30,24,1,96
401825001,2026,12/15/2025,2473,s:40~l:54~t:2473,Oakland,Golden Grizzlies,OAK,04091c,bc955c,away,56,FALSE,12,10,28,40,20,50,NA,20,71,12,17,10,13,2,1,0,27,4,15,41,0,24,24,2350,s:40~l:54~t:2350,Loyola Chicago,Ramblers,9d1244,NA,59,0,30,8,3,44
401825001,2026,12/15/2025,2350,s:40~l:54~t:2350,Loyola Chicago,Ramblers,LUC,9d1244,NA,home,59,TRUE,19,2,14,34,22,64,NA,15,85,11,13,7,13,11,1,0,31,4,13,27,0,11,11,2473,s:40~l:54~t:2473,Oakland,Golden Grizzlies,04091c,bc955c,56,4,32,19,3,49
401829557,2026,12/15/2025,2167,s:40~l:54~t:2167,Davis & Elkins,Senators,DVEK,000000,NA,away,37,FALSE,3,1,12,22,13,60,NA,21,58,7,12,0,6,6,1,0,20,4,20,18,0,22,22,2309,s:40~l:54~t:2309,Kent State,Golden Flashes,002664,eaab00,117,0,14,8,0,0
401829557,2026,12/15/2025,2309,s:40~l:54~t:2309,Kent State,Golden Flashes,KENT,002664,eaab00,home,117,TRUE,33,1,40,60,46,77,NA,15,74,14,19,80,20,12,0,0,37,11,30,60,0,14,14,2167,s:40~l:54~t:2167,Davis & Elkins,Senators,000000,NA,37,24,66,31,0,99
401813794,2026,12/15/2025,61,s:40~l:54~t:61,Georgia,Lady Bulldogs,UGA,ba0c2f,2c2a29,home,77,TRUE,20,5,31,47,25,53,NA,16,86,19,22,31,11,8,0,0,53,8,15,42,0,21,21,2448,s:40~l:54~t:2448,North Carolina A&T,Aggies,0505aa,004684,49,17,28,26,0,99
401825047,2026,12/14/2025,2429,s:40~l:54~t:2429,Charlotte,49ers,CLT,005035,a49665,home,71,TRUE,13,3,22,47,26,55,NA,19,89,16,18,11,12,8,1,0,38,3,8,34,0,23,23,2166,s:40~l:54~t:2166,Davidson,Wildcats,000000,e51837,61,11,36,27,8,58
401819931,2026,12/14/2025,2460,s:40~l:54~t:2460,Northern Iowa,Panthers,UNI,473282,ffffff,away,53,FALSE,9,2,31,33,19,57,NA,17,85,11,13,4,7,5,0,0,21,4,19,38,0,16,16,66,s:40~l:54~t:66,Iowa State,Cyclones,ae192d,ffc72a,81,0,28,2,1,8
401819931,2026,12/14/2025,66,s:40~l:54~t:66,Iowa State,Cyclones,ISU,ae192d,ffc72a,home,81,TRUE,20,0,31,45,30,67,NA,9,90,9,10,33,6,8,0,0,41,12,29,37,0,7,7,2460,s:40~l:54~t:2460,Northern Iowa,Panthers,473282,ffffff,53,0,30,22,1,90
401825989,2026,12/14/2025,135,s:40~l:54~t:135,Minnesota,Golden Gophers,MINN,5e0a2f,fab41c,home,80,TRUE,20,2,27,56,33,59,NA,4,100,6,6,46,12,7,0,0,53,8,15,39,0,10,10,2751,s:40~l:54~t:2751,Wyoming,Cowgirls,492f24,ffc425,34,16,46,26,0,98
401822233,2026,12/14/2025,127,s:40~l:54~t:127,Michigan State,Spartans,MSU,173f35,ffffff,away,90,TRUE,20,6,34,52,36,69,NA,13,61,11,18,48,15,11,0,0,28,7,25,49,0,12,12,305,s:40~l:54~t:305,DePaul,Blue Demons,2d649c,ce1125,46,13,58,22,1,92
401822233,2026,12/14/2025,305,s:40~l:54~t:305,DePaul,Blue Demons,DEP,2d649c,ce1125,home,46,FALSE,11,0,21,30,20,66,NA,15,33,2,6,4,13,5,0,0,18,4,22,34,0,20,20,127,s:40~l:54~t:127,Michigan State,Spartans,173f35,ffffff,90,5,32,10,1,5
401822206,2026,12/14/2025,294,s:40~l:54~t:294,Jacksonville,Dolphins,JAX,00523e,NA,away,49,FALSE,7,2,23,21,12,57,NA,14,86,24,28,0,8,8,0,0,11,1,9,31,0,17,17,2628,s:40~l:54~t:2628,TCU,Horned Frogs,4d1979,ffffff,89,19,16,12,0,0
401822206,2026,12/14/2025,2628,s:40~l:54~t:2628,TCU,Horned Frogs,TCU,4d1979,ffffff,home,89,TRUE,23,7,39,48,35,73,NA,22,70,7,10,45,14,10,0,0,34,12,35,53,0,18,18,294,s:40~l:54~t:294,Jacksonville,Dolphins,00523e,NA,49,19,46,13,0,99
401826066,2026,12/14/2025,27,s:40~l:54~t:27,UC Riverside,Highlanders,UCR,14234F,NA,away,56,FALSE,13,2,17,30,18,61,NA,15,92,12,13,2,13,6,0,0,27,8,30,30,0,8,8,301,s:40~l:54~t:301,San Diego,Toreros,2f99d4,2f99d4,63,0,16,9,2,1
401826066,2026,12/14/2025,301,s:40~l:54~t:301,San Diego,Toreros,USD,2f99d4,2f99d4,home,63,TRUE,15,10,29,44,23,52,NA,18,77,10,13,13,13,4,1,0,50,7,14,42,0,13,13,27,s:40~l:54~t:27,UC Riverside,Highlanders,14234F,NA,56,3,24,5,2,94
401819635,2026,12/14/2025,97,s:40~l:54~t:97,Louisville,Cardinals,LOU,c9001f,ffffff,away,76,TRUE,14,2,33,40,27,67,NA,14,82,14,17,10,11,11,1,0,31,8,26,44,0,14,14,153,s:40~l:54~t:153,North Carolina,Tar Heels,7bafd4,13294b,66,7,34,12,4,88
401819635,2026,12/14/2025,153,s:40~l:54~t:153,North Carolina,Tar Heels,UNC,7bafd4,13294b,home,66,FALSE,13,2,29,38,24,64,NA,14,58,7,12,3,10,3,0,0,38,11,29,39,0,16,16,97,s:40~l:54~t:97,Louisville,Cardinals,c9001f,ffffff,76,5,22,10,4,3
401825025,2026,12/14/2025,87,s:40~l:54~t:87,Notre Dame,Fighting Irish,ND,062340,c99700,away,78,TRUE,15,1,25,46,29,63,NA,15,72,13,18,20,7,15,1,0,37,7,19,32,0,9,9,256,s:40~l:54~t:256,James Madison,Dukes,450084,cbb677,65,8,38,21,0,99
401825025,2026,12/14/2025,256,s:40~l:54~t:256,James Madison,Dukes,JMU,450084,cbb677,home,65,FALSE,14,0,28,41,24,59,NA,15,71,12,17,0,12,5,0,0,33,5,15,40,0,19,19,87,s:40~l:54~t:87,Notre Dame,Fighting Irish,062340,c99700,78,12,34,4,0,0
401830419,2026,12/14/2025,2046,s:40~l:54~t:2046,Austin Peay,Governors,APSU,8e0b0b,NA,away,63,TRUE,10,3,23,34,20,59,NA,21,64,18,28,9,22,9,2,0,29,5,17,45,0,17,17,339,s:40~l:54~t:339,Evansville,Purple Aces,663399,ef6f00,57,7,28,18,5,78
401830419,2026,12/14/2025,339,s:40~l:54~t:339,Evansville,Purple Aces,EVAN,663399,ef6f00,home,57,FALSE,10,3,23,29,16,55,NA,23,78,18,23,4,17,3,0,0,26,7,27,40,0,19,19,2046,s:40~l:54~t:2046,Austin Peay,Governors,8e0b0b,NA,63,4,16,10,5,13
401822791,2026,12/14/2025,9,s:40~l:54~t:9,Arizona State,Sun Devils,ASU,ffc627,8c1d40,away,55,TRUE,10,1,24,36,21,59,NA,17,64,9,14,9,6,13,0,0,31,4,13,30,0,11,11,204,s:40~l:54~t:204,Oregon State,Beavers,dc4405,000000,53,4,20,12,4,87
401822791,2026,12/14/2025,204,s:40~l:54~t:204,Oregon State,Beavers,ORST,dc4405,000000,home,53,FALSE,9,3,33,38,22,58,NA,14,60,3,5,3,9,5,2,0,27,6,22,42,0,21,21,9,s:40~l:54~t:9,Arizona State,Sun Devils,ffc627,8c1d40,55,5,24,9,4,11
401820522,2026,12/14/2025,151,s:40~l:54~t:151,East Carolina,Pirates,ECU,582c83,ffc72c,home,75,TRUE,15,4,26,38,23,61,NA,14,90,26,29,14,13,14,0,0,23,3,13,39,0,12,12,2427,s:40~l:54~t:2427,UNC Asheville,Bulldogs,003da5,ffffff,61,21,34,28,10,45
401819612,2026,12/14/2025,25,s:40~l:54~t:25,California,Golden Bears,CAL,041e42,ffc72c,away,69,FALSE,9,4,25,37,25,68,NA,15,74,14,19,5,15,3,1,0,25,5,20,40,0,7,7,24,s:40~l:54~t:24,Stanford,Cardinal,8c1515,ffffff,78,4,38,4,7,45
401819612,2026,12/14/2025,24,s:40~l:54~t:24,Stanford,Cardinal,STAN,8c1515,ffffff,home,78,TRUE,13,6,30,44,29,66,NA,16,92,12,13,12,12,4,0,0,57,8,14,42,0,6,6,25,s:40~l:54~t:25,California,Golden Bears,041e42,ffc72c,69,10,36,7,7,44
401818664,2026,12/14/2025,254,s:40~l:54~t:254,Utah,Utes,UTAH,be0000,ffffff,home,91,TRUE,24,3,27,54,35,65,NA,12,62,8,13,34,13,8,0,0,39,13,33,40,0,15,15,77,s:40~l:54~t:77,Northwestern,Wildcats,492f92,ffffff,66,5,44,24,8,70
401817311,2026,12/14/2025,2193,s:40~l:54~t:2193,East Tennessee State,Bucs,ETSU,002d61,ffc423,away,55,FALSE,9,1,25,33,19,57,NA,20,71,12,17,6,13,3,0,0,29,5,17,38,0,17,17,259,s:40~l:54~t:259,Virginia Tech,Hokies,6a2c3e,cf4520,73,0,20,4,4,31
401817311,2026,12/14/2025,259,s:40~l:54~t:259,Virginia Tech,Hokies,VT,6a2c3e,cf4520,home,73,TRUE,16,7,27,41,26,64,NA,15,62,16,26,22,17,9,0,0,36,5,14,44,0,9,9,2193,s:40~l:54~t:2193,East Tennessee State,Bucs,002d61,ffc423,55,12,34,19,4,65
401813268,2026,12/14/2025,2296,s:40~l:54~t:2296,Jackson State,Lady Tigers,JKST,123297,b5b7ba,away,51,FALSE,10,2,22,34,20,58,NA,16,100,4,4,2,9,2,0,0,54,7,13,31,0,12,12,333,s:40~l:54~t:333,Alabama,Crimson Tide,9e1b32,ffffff,62,2,24,6,6,6
401813268,2026,12/14/2025,333,s:40~l:54~t:333,Alabama,Crimson Tide,ALA,9e1b32,ffffff,home,62,TRUE,10,7,29,44,23,52,NA,9,76,13,17,17,8,7,0,0,21,3,14,37,0,10,10,2296,s:40~l:54~t:2296,Jackson State,Lady Tigers,123297,b5b7ba,51,4,38,20,6,85
401811131,2026,12/14/2025,2579,s:40~l:54~t:2579,South Carolina,Gamecocks,SC,73000a,000000,home,95,TRUE,20,5,30,51,37,73,NA,10,54,15,28,40,13,17,0,0,29,6,21,43,0,5,5,213,s:40~l:54~t:213,Penn State,Lady Lions,061440,ffffff,55,41,60,33,0,98
401822865,2026,12/14/2025,156,s:40~l:54~t:156,Creighton,Bluejays,CREI,005ca9,6cadde,home,71,FALSE,13,2,28,41,24,59,NA,13,88,15,17,1,7,6,0,0,32,8,25,35,0,15,15,2306,s:40~l:54~t:2306,Kansas State,Wildcats,330a57,e2e3e4,75,2,24,12,2,2
401827923,2026,12/14/2025,145,s:40~l:54~t:145,Ole Miss,Rebels,MISS,13294b,cf142b,home,91,TRUE,23,6,27,54,29,54,NA,8,90,26,29,59,10,13,0,0,50,7,14,37,0,15,15,2569,s:40~l:54~t:2569,South Carolina State,Lady Bulldogs,7d1315,104897,32,19,34,42,1,84
401828508,2026,12/14/2025,2393,s:40~l:54~t:2393,Middle Tennessee,Blue Raiders,MTSU,036eb7,ffffff,away,59,FALSE,10,3,21,34,20,59,NA,22,69,11,16,3,17,5,2,0,27,8,30,38,0,22,22,88,s:40~l:54~t:88,Southern Indiana,Screaming Eagles,000000,NA,76,4,24,9,3,12
401828508,2026,12/14/2025,88,s:40~l:54~t:88,Southern Indiana,Screaming Eagles,USI,000000,NA,home,76,TRUE,11,4,25,42,25,59,NA,16,92,22,24,23,13,11,0,0,21,4,19,38,0,14,14,2393,s:40~l:54~t:2393,Middle Tennessee,Blue Raiders,036eb7,ffffff,59,22,34,23,3,87
401826620,2026,12/14/2025,276,s:40~l:54~t:276,Marshall,Thundering Herd,MRSH,00b140,000000,away,75,TRUE,11,5,20,48,32,66,NA,12,42,5,12,25,18,11,1,0,25,6,24,38,0,14,14,2198,s:40~l:54~t:2198,Eastern Kentucky,Colonels,660819,f0f0f0,50,4,48,28,4,90
401825949,2026,12/14/2025,2172,s:40~l:54~t:2172,Denver,Pioneers,DEN,98002e,a8996e,away,38,FALSE,11,2,21,25,12,48,NA,17,88,7,8,2,9,3,5,0,23,7,31,30,0,24,24,2305,s:40~l:54~t:2305,Kansas,Jayhawks,0051ba,e8000d,77,0,10,6,2,3
401825949,2026,12/14/2025,2305,s:40~l:54~t:2305,Kansas,Jayhawks,KU,0051ba,e8000d,home,77,TRUE,12,4,25,52,29,56,NA,14,59,10,17,39,10,11,0,0,39,9,23,35,0,11,11,2172,s:40~l:54~t:2172,Denver,Pioneers,98002e,a8996e,38,7,38,27,2,95
401825940,2026,12/14/2025,38,s:40~l:54~t:38,Colorado,Buffaloes,COLO,cfb87c,000000,home,75,TRUE,17,2,30,49,28,57,NA,16,79,15,19,22,13,9,1,0,27,4,15,43,0,20,20,193,s:40~l:54~t:193,Miami (OH),RedHawks,c41230,ffffff,55,11,42,23,0,96
401822992,2026,12/14/2025,2641,s:40~l:54~t:2641,Texas Tech,Lady Raiders,TTU,da291c,000000,home,67,TRUE,17,7,23,51,29,57,NA,25,43,3,7,12,9,11,1,0,30,6,20,32,0,15,15,2000,s:40~l:54~t:2000,Abilene Christian,Wildcats,592d82,b1b3b3,57,10,40,17,4,92
401822983,2026,12/14/2025,277,s:40~l:54~t:277,West Virginia,Mountaineers,WVU,eaaa00,002855,away,63,TRUE,10,1,25,41,24,58,NA,18,54,7,13,18,14,14,2,0,42,8,19,39,0,20,20,245,s:40~l:54~t:245,Texas A&M,Aggies,500000,ffffff,45,5,30,18,2,80
401822811,2026,12/14/2025,2253,s:40~l:54~t:2253,Grand Canyon,Lopes,GCU,522398,ffffff,home,72,FALSE,15,3,28,47,25,53,NA,19,76,16,21,1,6,6,0,0,33,6,18,34,0,23,23,2541,s:40~l:54~t:2541,Santa Clara,Broncos,690b0b,101010,91,4,30,16,2,1
401822279,2026,12/14/2025,2572,s:40~l:54~t:2572,Southern Miss,Lady Eagles,USM,ffc72c,231f20,away,64,FALSE,13,1,19,35,23,65,NA,17,60,6,10,2,11,4,1,0,39,12,31,30,0,12,12,344,s:40~l:54~t:344,Mississippi State,Bulldogs,5d1725,c1c6c8,87,8,20,5,3,3
401820867,2026,12/14/2025,2571,s:40~l:54~t:2571,South Dakota State,Jackrabbits,SDST,0033a0,ffd100,home,78,TRUE,19,1,20,46,27,59,NA,10,82,14,17,19,9,18,0,0,40,10,25,29,0,16,16,2050,s:40~l:54~t:2050,Ball State,Cardinals,ba0c2f,ffffff,59,11,34,23,3,87
401820060,2026,12/14/2025,2453,s:40~l:54~t:2453,North Alabama,Lions,UNA,000000,NA,away,58,FALSE,10,3,23,39,21,54,NA,17,79,11,14,2,11,5,2,0,36,5,14,34,0,19,19,6,s:40~l:54~t:6,South Alabama,Jaguars,00205b,bf0d3e,70,9,28,4,1,3
401818684,2026,12/14/2025,2483,s:40~l:54~t:2483,Oregon,Ducks,ORE,00934b,fff41b,home,69,TRUE,16,5,32,33,19,58,NA,13,85,22,26,36,14,14,0,0,29,9,31,46,0,21,21,147,s:40~l:54~t:147,Montana State,Bobcats,00205c,bc955c,44,9,20,25,2,94
401818623,2026,12/14/2025,249,s:40~l:54~t:249,North Texas,Mean Green,UNT,068f33,ffffff,away,69,FALSE,13,3,13,41,27,66,NA,30,60,9,15,2,18,7,0,0,32,6,19,31,0,19,19,356,s:40~l:54~t:356,Illinois,Fighting Illini,ff5f05,13294b,81,4,32,18,3,6
401818623,2026,12/14/2025,356,s:40~l:54~t:356,Illinois,Fighting Illini,ILL,ff5f05,13294b,home,81,TRUE,17,2,23,47,22,47,NA,20,79,26,33,20,11,5,1,0,65,11,17,34,0,20,20,249,s:40~l:54~t:249,North Texas,Mean Green,068f33,ffffff,69,2,20,17,3,89
401817416,2026,12/14/2025,139,s:40~l:54~t:139,Saint Louis,Billikens,SLU,00539C,ebebeb,home,66,FALSE,11,3,27,35,25,72,NA,24,64,9,14,8,20,7,0,0,23,7,30,47,0,19,19,142,s:40~l:54~t:142,Missouri,Tigers,f1b82d,000000,82,8,28,14,1,12
401807948,2026,12/14/2025,2443,s:40~l:54~t:2443,New Orleans,Privateers,UNO,005da6,a2a9ae,away,71,FALSE,13,1,14,40,23,57,NA,21,65,20,31,0,9,12,0,0,29,5,17,23,0,17,17,2655,s:40~l:54~t:2655,Tulane,Green Wave,006747,418fde,95,14,26,27,0,0
401807948,2026,12/14/2025,2655,s:40~l:54~t:2655,Tulane,Green Wave,TULN,006747,418fde,home,95,TRUE,20,1,30,52,33,63,NA,20,75,18,24,31,17,8,0,0,41,11,27,47,0,24,24,2443,s:40~l:54~t:2443,New Orleans,Privateers,005da6,a2a9ae,71,16,40,18,0,98
401818594,2026,12/14/2025,2633,s:40~l:54~t:2633,Tennessee,Lady Volunteers,TENN,ff8200,ffffff,home,112,TRUE,28,5,39,55,42,77,NA,18,71,12,17,75,15,13,0,0,38,16,42,54,0,12,12,2737,s:40~l:54~t:2737,Winthrop,Eagles,9e0b0e,fdb41e,40,28,50,29,0,98
401831383,2026,12/14/2025,3233,s:40~l:54~t:3233,Lourdes University,LOURDES,LOU,000000,NA,away,76,FALSE,8,1,14,38,30,79,NA,22,80,8,10,2,19,7,0,0,33,8,24,33,0,18,18,189,s:40~l:54~t:189,Bowling Green,Falcons,fd5000,4f2c1d,104,7,34,16,4,1
401831383,2026,12/14/2025,189,s:40~l:54~t:189,Bowling Green,Falcons,BGSU,fd5000,4f2c1d,home,104,TRUE,24,4,32,57,36,63,NA,16,70,19,27,39,17,14,1,0,38,13,34,49,0,21,21,3233,s:40~l:54~t:3233,Lourdes University,LOURDES,000000,NA,76,31,46,21,4,91
401829365,2026,12/14/2025,2870,s:40~l:54~t:2870,Purdue Fort Wayne,Mastodons,PFW,cfb991,000000,home,67,TRUE,8,2,21,35,23,65,NA,9,75,15,20,24,20,13,0,0,29,6,21,41,0,9,9,2459,s:40~l:54~t:2459,Northern Illinois,Huskies,c8102e,000000,44,0,32,18,1,95
401829308,2026,12/14/2025,2116,s:40~l:54~t:2116,UCF,Knights,UCF,000000,b4a169,home,78,TRUE,16,5,22,54,29,54,NA,13,76,19,25,32,12,16,0,0,10,1,10,34,0,15,15,2415,s:40~l:54~t:2415,Morgan State,Lady Bears,014786,f47937,56,19,52,29,2,98
401827478,2026,12/14/2025,231,s:40~l:54~t:231,Furman,Paladins,FUR,582c83,ffffff,home,110,TRUE,26,4,28,51,41,81,NA,14,82,18,22,76,19,20,0,0,38,10,26,47,0,14,14,2369,s:40~l:54~t:2369,Mars Hill,Mountain Lions,004b8d,efc814,36,31,56,52,0,99
401824994,2026,12/14/2025,2325,s:40~l:54~t:2325,La Salle,Explorers,LAS,003356,ffce00,away,63,TRUE,15,10,25,36,21,59,NA,21,83,15,18,10,12,7,2,0,33,6,18,37,0,15,15,2379,s:40~l:54~t:2379,Maryland Eastern Shore,Hawks,5c2301,b5b7ba,58,13,26,22,8,32
401824994,2026,12/14/2025,2379,s:40~l:54~t:2379,Maryland Eastern Shore,Hawks,UMES,5c2301,b5b7ba,home,58,FALSE,11,3,26,36,21,59,NA,20,59,13,22,13,17,4,0,0,20,3,15,43,0,17,17,2325,s:40~l:54~t:2325,La Salle,Explorers,003356,ffce00,63,9,30,8,8,63
401824988,2026,12/14/2025,45,s:40~l:54~t:45,George Washington,Revolutionaries,GW,002843,e8d2a1,home,70,TRUE,17,9,29,51,28,55,NA,12,78,7,9,28,9,9,0,0,29,7,24,38,0,11,11,44,s:40~l:54~t:44,American University,Eagles,c41130,c8102e,44,4,38,14,2,96
401822784,2026,12/14/2025,269,s:40~l:54~t:269,Marquette,Golden Eagles,MARQ,003366,ffcc00,home,89,TRUE,31,4,23,52,34,66,NA,10,100,7,7,47,12,11,0,0,42,14,33,35,0,5,5,2330,s:40~l:54~t:2330,Le Moyne,Dolphins,000000,NA,42,14,38,21,0,99
401819750,2026,12/14/2025,52,s:40~l:54~t:52,Florida State,Seminoles,FSU,782f40,ceb888,home,70,FALSE,14,7,33,37,25,67,NA,14,73,11,15,6,16,5,0,0,30,9,30,49,0,22,22,232,s:40~l:54~t:232,Charleston,Cougars,7a2531,9e8959,75,16,28,11,5,49
401819634,2026,12/14/2025,59,s:40~l:54~t:59,Georgia Tech,Yellow Jackets,GT,b3a369,ffffff,away,56,FALSE,13,5,33,33,21,63,NA,13,67,8,12,7,14,7,1,0,24,6,25,47,0,17,17,154,s:40~l:54~t:154,Wake Forest,Demon Deacons,ceb888,2c2a29,57,4,24,6,5,62
401819634,2026,12/14/2025,154,s:40~l:54~t:154,Wake Forest,Demon Deacons,WAKE,ceb888,2c2a29,home,57,TRUE,14,3,27,34,20,58,NA,13,91,10,11,6,5,8,0,0,28,7,25,32,0,14,14,59,s:40~l:54~t:59,Georgia Tech,Yellow Jackets,b3a369,ffffff,56,7,24,12,5,31
401819584,2026,12/14/2025,228,s:40~l:54~t:228,Clemson,Tigers,CLEM,f56600,ffffff,home,73,TRUE,14,1,32,43,26,60,NA,13,65,11,17,37,15,11,1,0,32,10,31,47,0,16,16,221,s:40~l:54~t:221,Pittsburgh,Panthers,003594,ffb81c,41,5,28,21,1,85
401819560,2026,12/14/2025,152,s:40~l:54~t:152,NC State,Wolfpack,NCSU,cc0000,ffffff,away,87,TRUE,14,4,33,47,35,74,NA,13,75,9,12,37,16,4,0,0,44,8,18,49,0,10,10,2390,s:40~l:54~t:2390,Miami,Hurricanes,f47423,035131,61,10,38,16,1,97
401819560,2026,12/14/2025,2390,s:40~l:54~t:2390,Miami,Hurricanes,MIA,f47423,035131,home,61,FALSE,11,4,24,37,23,63,NA,12,69,9,13,2,7,6,0,0,24,6,25,31,0,12,12,152,s:40~l:54~t:152,NC State,Wolfpack,cc0000,ffffff,87,6,28,7,1,1
401818522,2026,12/14/2025,57,s:40~l:54~t:57,Florida,Gators,FLA,0021a5,fa4616,home,85,TRUE,24,6,34,43,29,68,NA,22,84,21,25,46,18,12,0,0,25,6,24,52,0,14,14,2698,s:40~l:54~t:2698,West Georgia,Wolves,0033a1,db1a21,41,25,46,25,1,95
401817336,2026,12/14/2025,2400,s:40~l:54~t:2400,Mississippi Valley State,Devilettes,MVSU,005328,cf2d34,away,43,FALSE,10,4,27,27,15,55,NA,19,67,8,12,0,11,9,1,0,26,5,19,38,0,19,19,2382,s:40~l:54~t:2382,Mercer,Bears,ff7f29,080808,66,7,14,9,0,0
401817583,2026,12/14/2025,239,s:40~l:54~t:239,Baylor,Bears,BAY,154734,ffb81c,away,54,FALSE,13,4,24,39,18,46,NA,16,67,12,18,5,9,4,1,0,38,6,16,33,0,30,30,251,s:40~l:54~t:251,Texas,Longhorns,af5c37,ffffff,89,5,20,2,2,6
401817583,2026,12/14/2025,251,s:40~l:54~t:251,Texas,Longhorns,TEX,af5c37,ffffff,home,89,TRUE,24,2,20,49,36,73,NA,19,65,13,20,38,14,19,0,0,36,4,11,34,0,7,7,239,s:40~l:54~t:239,Baylor,Bears,154734,ffb81c,54,30,48,42,2,91
401813228,2026,12/14/2025,2649,s:40~l:54~t:2649,Toledo,Rockets,TOL,0b2240,ffcd00,away,60,FALSE,12,1,26,46,21,46,NA,17,80,12,15,5,6,6,1,0,43,6,14,32,0,31,31,194,s:40~l:54~t:194,Ohio State,Buckeyes,ba0c2f,a8adb4,85,2,28,6,12,21
401813228,2026,12/14/2025,194,s:40~l:54~t:194,Ohio State,Buckeyes,OSU,ba0c2f,a8adb4,home,85,TRUE,16,3,20,49,36,73,NA,14,71,10,14,25,14,20,0,0,20,3,15,34,0,12,12,2649,s:40~l:54~t:2649,Toledo,Rockets,0b2240,ffcd00,60,24,60,41,12,71
401827795,2026,12/14/2025,2674,s:40~l:54~t:2674,Valparaiso,Beacons,VAL,794500,NA,away,48,FALSE,10,4,28,30,14,47,NA,19,72,13,18,11,5,6,1,0,29,7,24,33,0,20,20,2711,s:40~l:54~t:2711,Western Michigan,Broncos,532e1f,f1c500,58,5,12,4,4,51
401827230,2026,12/14/2025,98,s:40~l:54~t:98,Western Kentucky,Lady Toppers,WKU,e13a3e,ffffff,away,80,TRUE,14,5,27,45,33,74,NA,19,100,6,6,39,11,14,0,0,31,8,26,38,0,12,12,155,s:40~l:54~t:155,North Dakota,Fighting Hawks,00A26B,c2c3c0,50,8,38,39,0,99
401827230,2026,12/14/2025,155,s:40~l:54~t:155,North Dakota,Fighting Hawks,UND,00A26B,c2c3c0,home,50,FALSE,12,2,30,35,18,51,NA,8,82,9,11,0,6,3,2,0,20,5,25,36,0,26,26,98,s:40~l:54~t:98,Western Kentucky,Lady Toppers,e13a3e,ffffff,80,0,22,11,0,0
401826666,2026,12/14/2025,84,s:40~l:54~t:84,Indiana,Hoosiers,IU,970310,ffffff,home,74,TRUE,13,2,25,45,26,58,NA,18,82,14,17,10,6,7,0,1,36,8,22,31,1,10,10,2199,s:40~l:54~t:2199,Eastern Michigan,Eagles,006938,ffffff,67,14,30,11,2,91
401825177,2026,12/14/2025,2210,s:40~l:54~t:2210,Elon,Phoenix,ELON,020303,b59a57,home,66,FALSE,17,1,24,41,25,61,NA,13,73,11,15,10,14,9,1,0,29,5,17,38,0,21,21,2344,s:40~l:54~t:2344,Longwood,Lancers,003273,9ea2a3,67,5,34,15,9,55
401823722,2026,12/14/2025,112358,s:40~l:54~t:112358,Long Island University,Sharks,LIU,50c9f7,ffbf00,away,72,FALSE,12,2,34,40,28,70,NA,18,71,10,14,7,17,2,0,1,32,6,19,51,1,16,16,2349,s:40~l:54~t:2349,UMass Lowell,River Hawks,000000,cf1f2f,73,4,34,14,9,64
401823722,2026,12/14/2025,2349,s:40~l:54~t:2349,UMass Lowell,River Hawks,UML,000000,cf1f2f,home,73,TRUE,11,6,28,35,24,68,NA,20,75,12,16,8,12,10,1,1,32,13,40,40,1,11,11,112358,s:40~l:54~t:112358,Long Island University,Sharks,50c9f7,ffbf00,72,7,14,11,9,27
401823065,2026,12/14/2025,130132,s:40~l:54~t:130132,Christopher Newport,Captains,CNU,NA,NA,away,47,FALSE,6,2,22,34,17,50,NA,14,70,7,10,0,9,7,3,0,38,6,16,31,0,26,26,2426,s:40~l:54~t:2426,Navy,Midshipmen,00225b,b5a67c,82,2,20,11,0,0
401823065,2026,12/14/2025,2426,s:40~l:54~t:2426,Navy,Midshipmen,NAVY,00225b,b5a67c,home,82,TRUE,21,5,24,48,31,65,NA,14,61,11,18,38,17,16,1,0,31,9,29,41,0,17,17,130132,s:40~l:54~t:130132,Christopher Newport,Captains,NA,NA,47,15,38,34,0,98
401822241,2026,12/14/2025,2598,s:40~l:54~t:2598,Saint Francis,Red Flash,SFPA,a20012,000000,away,51,FALSE,14,3,27,38,20,52,NA,15,100,4,4,0,8,5,0,0,33,7,21,35,0,23,23,2752,s:40~l:54~t:2752,Xavier,Musketeers,21304e,a5a7a8,63,4,18,15,0,0
401822241,2026,12/14/2025,2752,s:40~l:54~t:2752,Xavier,Musketeers,XAV,21304e,a5a7a8,home,63,TRUE,18,2,21,39,25,64,NA,15,70,7,10,29,13,4,0,0,29,6,21,34,0,11,11,2598,s:40~l:54~t:2598,Saint Francis,Red Flash,a20012,000000,51,6,32,14,0,99
401820148,2026,12/14/2025,2619,s:40~l:54~t:2619,Stony Brook,Seawolves,STBK,990000,NA,home,52,TRUE,9,2,31,34,17,50,NA,19,68,13,19,20,9,10,4,0,22,5,23,40,0,19,19,2184,s:40~l:54~t:2184,Duquesne,Dukes,002D62,b90b2e,39,2,18,20,0,99
401812639,2026,12/14/2025,311,s:40~l:54~t:311,Maine,Black Bears,ME,127dbe,NA,away,63,TRUE,12,2,29,45,24,53,NA,11,73,8,11,8,9,5,1,0,37,7,19,38,0,15,15,2514,s:40~l:54~t:2514,Quinnipiac,Bobcats,041B43,NA,55,9,28,11,7,24
401818654,2026,12/14/2025,2287,s:40~l:54~t:2287,Illinois State,Redbirds,ILST,CE1126,ffe716,away,44,FALSE,3,6,18,30,16,54,NA,7,85,11,13,0,12,6,2,0,10,1,10,30,0,20,20,158,s:40~l:54~t:158,Nebraska,Cornhuskers,e31937,ffffff,85,2,28,9,0,0
401818654,2026,12/14/2025,158,s:40~l:54~t:158,Nebraska,Cornhuskers,NEB,e31937,ffffff,home,85,TRUE,22,9,27,53,37,70,NA,14,83,5,6,41,15,10,0,0,30,6,20,42,0,10,10,2287,s:40~l:54~t:2287,Illinois State,Redbirds,CE1126,ffe716,44,11,58,35,0,98
401818698,2026,12/14/2025,2168,s:40~l:54~t:2168,Dayton,Flyers,DAY,004B8D,ffffff,away,43,FALSE,9,7,21,25,14,55,NA,16,60,9,15,0,15,8,0,1,26,6,23,36,1,26,26,2509,s:40~l:54~t:2509,Purdue,Boilermakers,ceb888,000000,80,4,12,10,0,0
401818698,2026,12/14/2025,2509,s:40~l:54~t:2509,Purdue,Boilermakers,PUR,ceb888,000000,home,80,TRUE,17,5,26,42,30,72,NA,16,100,10,10,43,18,14,0,1,42,10,24,44,1,14,14,2168,s:40~l:54~t:2168,Dayton,Flyers,004B8D,ffffff,43,9,34,30,0,97
401822215,2026,12/13/2025,167,s:40~l:54~t:167,New Mexico,Lobos,UNM,ba0c2f,a7a8aa,home,63,TRUE,15,7,37,38,26,68,NA,21,33,4,12,24,13,12,0,0,30,7,23,50,0,15,15,248,s:40~l:54~t:248,Houston,Cougars,c8102e,ffffff,41,8,36,13,2,95
401825797,2026,12/13/2025,159,s:40~l:54~t:159,Dartmouth,Big Green,DART,005730,000000,away,65,TRUE,14,4,27,46,24,52,NA,11,100,11,11,13,12,6,0,0,46,6,13,39,0,13,13,314,s:40~l:54~t:314,Iona,Gaels,6f2c3e,f0ab00,57,3,26,2,2,94
401825797,2026,12/13/2025,314,s:40~l:54~t:314,Iona,Gaels,IONA,6f2c3e,f0ab00,home,57,FALSE,14,3,16,36,20,55,NA,13,80,8,10,1,9,7,0,0,38,9,24,25,0,9,9,159,s:40~l:54~t:159,Dartmouth,Big Green,005730,000000,65,2,16,11,2,5
401817376,2026,12/13/2025,2348,s:40~l:54~t:2348,Louisiana Tech,Lady Techsters,LT,003087,cb333b,away,61,FALSE,10,0,20,31,18,58,NA,24,75,15,20,4,14,6,1,0,34,10,29,34,0,20,20,99,s:40~l:54~t:99,LSU,Tigers,461d76,fdd023,87,7,16,4,4,14
401817388,2026,12/13/2025,41,s:40~l:54~t:41,UConn,Huskies,CONN,0c2340,a2aaad,away,79,TRUE,25,7,31,48,31,65,NA,18,67,10,15,39,10,14,1,0,37,7,19,41,0,13,13,30,s:40~l:54~t:30,USC,Trojans,9d2235,ffc72c,51,10,44,26,8,92
401829311,2026,12/13/2025,304,s:40~l:54~t:304,Idaho State,Bengals,IDST,ef8c00,e9a126,away,62,TRUE,12,1,21,42,22,52,NA,16,69,11,16,14,13,11,0,0,37,7,19,34,0,16,16,13,s:40~l:54~t:13,Cal Poly,Mustangs,1E4D2B,eed897,49,4,24,20,0,97
401829311,2026,12/13/2025,13,s:40~l:54~t:13,Cal Poly,Mustangs,CP,1E4D2B,eed897,home,49,FALSE,9,3,21,43,17,40,NA,11,71,10,14,0,5,5,1,0,42,5,12,26,0,22,22,304,s:40~l:54~t:304,Idaho State,Bengals,ef8c00,e9a126,62,1,18,9,0,0
401826689,2026,12/13/2025,2463,s:40~l:54~t:2463,Cal State Northridge,Matadors,CSUN,b50000,NA,home,66,TRUE,14,5,35,34,20,59,NA,19,65,13,20,18,11,10,2,0,36,13,36,46,0,19,19,23,s:40~l:54~t:23,San José State,Spartans,0038a8,ffb81a,55,12,10,17,7,89
401826150,2026,12/13/2025,300,s:40~l:54~t:300,UC Irvine,Anteaters,UCI,002B5C,fec52e,home,77,TRUE,14,1,33,40,25,63,NA,21,78,18,23,25,7,6,0,0,38,9,24,40,0,7,7,2856,s:40~l:54~t:2856,California Baptist,Lancers,000000,NA,57,4,28,24,1,89
401825933,2026,12/13/2025,2492,s:40~l:54~t:2492,Pepperdine,Waves,PEPP,003A72,dc762f,home,80,TRUE,17,5,35,43,31,72,NA,15,77,10,13,15,14,6,1,0,32,8,25,49,0,11,11,2345,s:40~l:54~t:2345,Cal State Los Angeles,Golden Eagles,000000,NA,72,9,46,11,8,73
401822822,2026,12/13/2025,2539,s:40~l:54~t:2539,San Francisco,Dons,SF,005a36,ffffff,home,52,FALSE,12,3,27,28,15,53,NA,14,80,16,20,3,12,6,1,0,27,6,22,39,0,19,19,36,s:40~l:54~t:36,Colorado State,Rams,004c23,c8c372,69,3,14,9,8,19
401808085,2026,12/13/2025,2239,s:40~l:54~t:2239,Cal State Fullerton,Titans,CSUF,003767,ff8300,home,81,TRUE,10,2,17,50,31,62,NA,23,89,16,18,23,15,12,3,0,33,3,9,32,0,19,19,2502,s:40~l:54~t:2502,Portland State,Vikings,00311e,ebebeb,66,18,40,32,0,99
401824194,2026,12/13/2025,201,s:40~l:54~t:201,Oklahoma,Sooners,OU,990000,ffffff,away,92,TRUE,24,7,33,51,39,76,NA,16,70,7,10,23,11,12,0,0,33,7,21,44,0,19,19,197,s:40~l:54~t:197,Oklahoma State,Cowgirls,fe5c00,000000,70,16,50,27,8,79
401824194,2026,12/13/2025,197,s:40~l:54~t:197,Oklahoma State,Cowgirls,OKST,fe5c00,000000,home,70,FALSE,9,2,26,38,28,74,NA,15,56,5,9,4,13,4,4,0,28,9,32,39,0,22,22,201,s:40~l:54~t:201,Oklahoma,Sooners,990000,ffffff,92,4,28,14,8,15
401826123,2026,12/13/2025,2540,s:40~l:54~t:2540,UC Santa Barbara,Gauchos,UCSB,1e1840,febc11,away,68,TRUE,14,3,24,35,24,68,NA,12,71,10,14,11,16,5,0,0,29,10,35,40,0,10,10,3101,s:40~l:54~t:3101,Utah Tech,Trailblazers,000000,NA,65,2,24,15,3,82
401822259,2026,12/13/2025,2934,s:40~l:54~t:2934,Cal State Bakersfield,Roadrunners,CSUB,003BAB,NA,away,72,TRUE,9,2,24,43,26,61,NA,20,67,14,21,23,16,8,2,0,30,6,20,40,0,19,19,2547,s:40~l:54~t:2547,Seattle U,Redhawks,BF2E1A,c2c3c0,51,8,36,17,3,85
401822259,2026,12/13/2025,2547,s:40~l:54~t:2547,Seattle U,Redhawks,SEA,BF2E1A,c2c3c0,home,51,FALSE,7,2,21,37,21,57,NA,21,88,7,8,2,11,4,0,0,11,2,18,32,0,23,23,2934,s:40~l:54~t:2934,Cal State Bakersfield,Roadrunners,003BAB,NA,72,0,36,16,3,8
401825105,2026,12/13/2025,2724,s:40~l:54~t:2724,Wichita State,Shockers,WICH,ffcd00,27251f,home,71,TRUE,14,7,33,49,24,49,NA,19,75,15,20,13,9,4,1,0,40,8,20,42,0,21,21,2351,s:40~l:54~t:2351,Loyola Marymount,Lions,880029,00345b,64,13,32,12,6,87
401818635,2026,12/13/2025,2294,s:40~l:54~t:2294,Iowa,Hawkeyes,IOWA,231f20,fcd116,home,102,TRUE,32,3,24,58,41,71,NA,13,63,12,19,37,17,12,0,0,42,8,19,41,0,11,11,2815,s:40~l:54~t:2815,Lindenwood,Lions,000000,NA,68,26,58,21,3,92
401828745,2026,12/13/2025,2638,s:40~l:54~t:2638,UTEP,Miners,UTEP,ff8200,041e42,away,46,FALSE,7,2,17,30,18,60,NA,9,64,7,11,0,12,8,2,0,25,3,12,29,0,19,19,252,s:40~l:54~t:252,BYU,Cougars,0047ba,002e5d,81,3,26,14,0,0
401828745,2026,12/13/2025,252,s:40~l:54~t:252,BYU,Cougars,BYU,0047ba,002e5d,home,81,TRUE,22,7,33,48,32,66,NA,14,88,7,8,37,18,9,0,0,33,10,30,51,0,18,18,2638,s:40~l:54~t:2638,UTEP,Miners,ff8200,041e42,46,10,42,13,0,94
401827550,2026,12/13/2025,2424,s:40~l:54~t:2424,New Mexico Highlands,Cowboys,NMHU,000000,NA,away,64,FALSE,17,5,29,50,26,52,NA,13,86,6,7,9,4,8,1,0,43,6,14,33,0,24,24,2005,s:40~l:54~t:2005,Air Force,Falcons,003594,ffffff,65,11,38,9,5,46
401826144,2026,12/13/2025,253,s:40~l:54~t:253,Southern Utah,Thunderbirds,SUU,c72026,000000,away,66,FALSE,11,5,26,40,25,63,NA,20,78,14,18,0,14,2,1,0,12,2,17,40,0,13,13,68,s:40~l:54~t:68,Boise State,Broncos,0033a0,d64309,81,4,38,8,0,0
401826144,2026,12/13/2025,68,s:40~l:54~t:68,Boise State,Broncos,BOIS,0033a0,d64309,home,81,TRUE,20,6,25,51,28,55,NA,15,77,17,22,16,2,4,1,0,47,8,17,27,0,8,8,253,s:40~l:54~t:253,Southern Utah,Thunderbirds,c72026,000000,66,6,36,17,0,99
401825201,2026,12/13/2025,195,s:40~l:54~t:195,Ohio,Bobcats,OHIO,154734,ffffff,away,72,TRUE,14,0,41,40,24,60,NA,22,62,16,26,11,10,7,1,0,33,8,24,51,0,18,18,2515,s:40~l:54~t:2515,Radford,Highlanders,BC1515,c2c3c0,67,9,32,16,11,54
401825115,2026,12/13/2025,2110,s:40~l:54~t:2110,Central Arkansas,Sugar Bears,CARK,a7a9ac,8e959a,away,82,TRUE,14,2,27,38,24,63,NA,16,84,26,31,10,15,6,0,0,25,8,32,42,0,15,15,2755,s:40~l:54~t:2755,Grambling,Lady Tigers,ee8601,ffd10a,75,14,30,12,6,73
401808058,2026,12/13/2025,70,s:40~l:54~t:70,Idaho,Vandals,IDHO,000000,8c6e4a,away,73,FALSE,19,0,27,38,29,77,NA,19,75,6,8,3,19,5,1,0,25,9,36,46,0,15,15,328,s:40~l:54~t:328,Utah State,Aggies,0f2439,ffffff,80,13,34,6,17,22
401831281,2026,12/13/2025,109680,s:40~l:54~t:109680,Stephens,Stephens,STEPHENS,NA,NA,away,53,FALSE,9,0,17,37,19,51,NA,23,69,11,16,8,7,12,1,0,27,4,15,24,0,24,24,2635,s:40~l:54~t:2635,Tennessee Tech,Golden Eagles,5A4099,ffde00,92,5,24,9,4,19
401829538,2026,12/13/2025,109546,s:40~l:54~t:109546,Bob Jones,Bruins,BOBJ,NA,NA,away,35,FALSE,8,0,15,30,14,47,NA,14,75,3,4,2,6,2,1,0,24,4,17,21,0,33,33,2430,s:40~l:54~t:2430,UNC Greensboro,Spartans,003559,ffd90a,119,0,14,8,3,2
401829372,2026,12/13/2025,2681,s:40~l:54~t:2681,Wagner,Seahawks,WAG,00483A,ffffff,away,46,TRUE,8,1,24,40,20,50,NA,7,44,4,9,14,12,17,0,0,22,2,9,36,0,27,27,2520,s:40~l:54~t:2520,Rider,Broncs,a80532,ebebeb,34,1,36,13,0,99
401829372,2026,12/13/2025,2520,s:40~l:54~t:2520,Rider,Broncs,RID,a80532,ebebeb,home,34,FALSE,12,2,20,26,14,54,NA,11,50,1,2,0,14,14,1,0,18,5,28,34,0,26,26,2681,s:40~l:54~t:2681,Wagner,Seahawks,00483A,ffffff,46,4,14,14,0,0
401829303,2026,12/13/2025,2439,s:40~l:54~t:2439,UNLV,Lady Rebels,UNLV,cf0a2c,cac8c8,away,48,FALSE,9,6,22,29,17,59,NA,14,57,8,14,2,11,9,0,0,27,6,22,33,0,14,14,2132,s:40~l:54~t:2132,Cincinnati,Bearcats,000000,e00122,65,11,14,17,4,5
401829303,2026,12/13/2025,2132,s:40~l:54~t:2132,Cincinnati,Bearcats,CIN,000000,e00122,home,65,TRUE,14,6,35,41,25,61,NA,18,79,11,14,20,13,7,1,0,27,4,15,48,0,17,17,2439,s:40~l:54~t:2439,UNLV,Lady Rebels,cf0a2c,cac8c8,48,9,34,11,4,92
401828517,2026,12/13/2025,8,s:40~l:54~t:8,Arkansas,Razorbacks,ARK,a32136,ffffff,away,73,TRUE,8,4,37,41,29,71,NA,26,80,12,15,22,16,10,0,0,14,3,22,53,0,18,18,2623,s:40~l:54~t:2623,Missouri State,Lady Bears,5e0009,ffffff,58,11,36,15,0,97
401827890,2026,12/13/2025,104,s:40~l:54~t:104,Boston University,Terriers,BU,cc0000,ffffff,away,46,FALSE,10,5,23,35,16,46,NA,11,79,11,14,2,9,3,1,0,16,3,19,32,0,13,13,399,s:40~l:54~t:399,UAlbany,Great Danes,3D2777,ffffff,62,0,24,3,1,1
401827890,2026,12/13/2025,399,s:40~l:54~t:399,UAlbany,Great Danes,UALB,3D2777,ffffff,home,62,TRUE,19,3,23,42,23,55,NA,10,69,9,13,22,9,6,1,0,37,7,19,32,0,4,4,104,s:40~l:54~t:104,Boston University,Terriers,cc0000,ffffff,46,7,24,19,1,95
401827246,2026,12/13/2025,140,s:40~l:54~t:140,Kansas City,Roos,KC,004b87,ffc72c,home,58,FALSE,10,3,23,43,22,51,NA,13,73,11,15,2,14,8,1,0,21,3,14,37,0,24,24,3084,s:40~l:54~t:3084,Utah Valley,Wolverines,004812,e1c736,64,5,30,14,4,4
401827187,2026,12/13/2025,2437,s:40~l:54~t:2437,Omaha,Mavericks,OMA,e3193e,474648,away,41,FALSE,8,5,21,31,16,51,NA,21,50,3,6,2,9,5,0,0,24,6,25,30,0,25,25,2710,s:40~l:54~t:2710,Western Illinois,Leathernecks,4e1e8a,ffc90a,90,2,16,3,1,4
401827187,2026,12/13/2025,2710,s:40~l:54~t:2710,Western Illinois,Leathernecks,WIU,4e1e8a,ffc90a,home,90,TRUE,17,6,27,54,37,69,NA,7,71,12,17,50,11,10,0,0,24,4,17,38,0,10,10,2437,s:40~l:54~t:2437,Omaha,Mavericks,e3193e,474648,41,18,56,33,1,94
401826656,2026,12/13/2025,2181,s:40~l:54~t:2181,Drake,Bulldogs,DRKE,005596,bec0c2,away,50,FALSE,15,4,22,30,19,64,NA,18,75,9,12,0,19,6,1,0,20,3,15,41,0,18,18,2900,s:40~l:54~t:2900,St. Thomas-Minnesota,Tommies,000000,NA,70,8,32,7,0,0
401826656,2026,12/13/2025,2900,s:40~l:54~t:2900,St. Thomas-Minnesota,Tommies,STMN,000000,NA,home,70,TRUE,17,7,28,40,22,55,NA,18,70,16,23,27,14,11,0,0,34,10,29,42,0,15,15,2181,s:40~l:54~t:2181,Drake,Bulldogs,005596,bec0c2,50,8,24,19,0,97
401825850,2026,12/13/2025,2717,s:40~l:54~t:2717,Western Carolina,Catamounts,WCU,492F91,bf9e70,away,62,FALSE,10,3,21,49,25,51,NA,13,43,6,14,0,10,4,2,0,43,6,14,31,0,24,24,2241,s:40~l:54~t:2241,Gardner-Webb,Runnin' Bulldogs,c12535,909090,77,10,34,15,0,0
401825850,2026,12/13/2025,2241,s:40~l:54~t:2241,Gardner-Webb,Runnin' Bulldogs,GWEB,c12535,909090,home,77,TRUE,21,2,22,55,29,53,NA,19,50,7,14,31,9,11,0,0,67,12,18,31,0,19,19,2717,s:40~l:54~t:2717,Western Carolina,Catamounts,492F91,bf9e70,62,11,26,31,0,97
401824332,2026,12/13/2025,2504,s:40~l:54~t:2504,Prairie View A&M,Lady Panthers,PV,582c83,eaaa00,away,40,FALSE,5,4,26,24,15,62,NA,20,43,6,14,6,12,4,2,0,22,4,18,38,0,21,21,2636,s:40~l:54~t:2636,UTSA,Roadrunners,0c2340,f15a22,86,6,10,4,3,11
401824157,2026,12/13/2025,257,s:40~l:54~t:257,Richmond,Spiders,RICH,9e0712,b90b2e,away,76,TRUE,16,2,24,52,31,60,NA,12,89,8,9,17,4,11,0,0,25,6,24,28,0,9,9,2335,s:40~l:54~t:2335,Liberty,Flames,0a254e,b72025,61,13,44,27,5,84
401824157,2026,12/13/2025,2335,s:40~l:54~t:2335,Liberty,Flames,LIB,0a254e,b72025,home,61,FALSE,9,1,26,41,25,61,NA,10,67,6,9,2,13,6,0,0,31,5,16,39,0,17,17,257,s:40~l:54~t:257,Richmond,Spiders,9e0712,b90b2e,76,5,36,4,5,10
401822143,2026,12/13/2025,2670,s:40~l:54~t:2670,VCU,Rams,VCU,ffaf00,000000,away,63,FALSE,13,1,17,39,24,61,NA,21,60,9,15,0,13,14,1,0,33,6,18,30,0,26,26,218,s:40~l:54~t:218,Temple,Owls,a41e35,ffffff,88,11,34,19,0,0
401817398,2026,12/13/2025,2275,s:40~l:54~t:2275,Hofstra,Pride,HOF,003594,ffc72c,away,60,FALSE,15,0,24,37,22,60,NA,22,79,11,14,3,14,7,2,1,33,5,15,38,1,9,9,2599,s:40~l:54~t:2599,St. John's,Red Storm,d10000,101010,63,12,32,12,1,5
401817398,2026,12/13/2025,2599,s:40~l:54~t:2599,St. John's,Red Storm,SJU,d10000,101010,home,63,TRUE,15,3,24,35,17,48,NA,15,88,21,24,19,5,3,2,0,31,8,26,29,0,11,11,2275,s:40~l:54~t:2275,Hofstra,Pride,003594,ffc72c,60,7,16,11,1,92
401813898,2026,12/13/2025,2368,s:40~l:54~t:2368,Marist,Red Foxes,MRST,e53730,f0f0f0,away,58,FALSE,12,0,23,41,21,51,NA,15,89,8,9,1,10,11,2,0,31,8,26,33,0,24,24,2066,s:40~l:54~t:2066,Binghamton,Bearcats,00614A,f0f0f0,69,7,26,18,2,1
401813855,2026,12/13/2025,315,s:40~l:54~t:315,Niagara,Purple Eagles,NIA,69207E,f0f0f0,away,52,FALSE,11,3,21,38,20,53,NA,30,58,7,12,0,7,11,2,0,26,5,19,28,0,27,27,325,s:40~l:54~t:325,Cleveland State,Vikings,006633,231f20,84,8,20,23,0,0
401813855,2026,12/13/2025,325,s:40~l:54~t:325,Cleveland State,Vikings,CLE,006633,231f20,home,84,TRUE,18,1,28,55,27,49,NA,18,69,24,35,35,8,15,0,0,40,6,15,36,0,21,21,315,s:40~l:54~t:315,Niagara,Purple Eagles,69207E,f0f0f0,52,11,42,34,0,96
401827456,2026,12/13/2025,145,s:40~l:54~t:145,Ole Miss,Rebels,MISS,13294b,cf142b,home,86,TRUE,18,1,29,48,35,73,NA,15,69,11,16,34,24,4,2,0,25,5,20,53,0,11,11,2747,s:40~l:54~t:2747,Wofford,Terriers,533B24,f0f0f0,52,11,58,11,0,99
401812517,2026,12/13/2025,2507,s:40~l:54~t:2507,Providence,Friars,PROV,000000,a3a19e,home,63,TRUE,13,5,26,38,21,55,NA,21,67,18,27,14,15,7,0,0,23,3,13,41,0,6,6,284,s:40~l:54~t:284,Stonehill,Skyhawks,000000,NA,51,5,30,13,2,87
401820856,2026,12/13/2025,2006,s:40~l:54~t:2006,Akron,Zips,AKR,041e42,c5b783,away,59,FALSE,11,1,20,44,21,48,NA,28,63,10,16,0,4,5,2,0,32,7,22,24,0,28,28,130,s:40~l:54~t:130,Michigan,Wolverines,00274c,ffcb05,85,0,22,10,0,0
401820856,2026,12/13/2025,130,s:40~l:54~t:130,Michigan,Wolverines,MICH,00274c,ffcb05,home,85,TRUE,18,4,26,48,32,66,NA,17,57,17,30,32,14,14,0,0,27,4,15,40,0,14,14,2006,s:40~l:54~t:2006,Akron,Zips,041e42,c5b783,59,18,50,26,0,98
401827840,2026,12/13/2025,2261,s:40~l:54~t:2261,Hampton,Lady Pirates,HAMP,0067AC,NA,away,60,FALSE,9,0,26,31,15,48,NA,16,81,25,31,2,11,13,1,0,26,5,19,37,0,24,24,47,s:40~l:54~t:47,Howard,Bison,003a63,e51937,64,17,12,22,4,2
401827840,2026,12/13/2025,47,s:40~l:54~t:47,Howard,Bison,HOW,003a63,e51937,home,64,TRUE,16,4,23,42,24,57,NA,20,69,9,13,18,10,14,1,0,37,7,19,33,0,23,23,2261,s:40~l:54~t:2261,Hampton,Lady Pirates,0067AC,NA,60,6,26,19,4,92
401825721,2026,12/13/2025,46,s:40~l:54~t:46,Georgetown,Hoyas,GTWN,110E42,001c58,home,60,TRUE,15,5,22,39,21,54,NA,20,81,13,16,20,16,13,0,0,29,5,17,38,0,23,23,2169,s:40~l:54~t:2169,Delaware State,Hornets,009cdb,d51c28,46,8,30,10,0,99
401822799,2026,12/12/2025,2641,s:40~l:54~t:2641,Texas Tech,Lady Raiders,TTU,da291c,000000,away,82,TRUE,18,2,24,53,32,60,NA,15,75,9,12,37,8,18,1,0,50,9,18,32,0,12,12,265,s:40~l:54~t:265,Washington State,Cougars,a60f2d,4d4d4d,51,19,32,33,4,90
401827794,2026,12/12/2025,2674,s:40~l:54~t:2674,Valparaiso,Beacons,VAL,794500,NA,home,69,FALSE,11,1,22,38,22,58,NA,15,83,20,24,1,16,7,1,0,31,5,16,38,0,12,12,2565,s:40~l:54~t:2565,SIU Edwardsville,Cougars,eb1c23,080808,76,9,22,9,2,1
401824285,2026,12/12/2025,2011,s:40~l:54~t:2011,Alabama State,Lady Hornets,ALST,e9a900,0a0a0a,home,59,TRUE,11,4,34,40,23,58,NA,16,77,10,13,7,16,8,0,2,19,3,16,50,2,25,25,2569,s:40~l:54~t:2569,South Carolina State,Lady Bulldogs,7d1315,104897,53,6,34,16,13,67
401819762,2026,12/12/2025,311,s:40~l:54~t:311,Maine,Black Bears,ME,127dbe,NA,away,51,FALSE,6,1,28,49,19,39,NA,16,73,11,15,0,3,6,2,0,29,2,7,31,0,28,28,2217,s:40~l:54~t:2217,Fairfield,Stags,000000,ebebeb,74,2,32,17,0,0
401819762,2026,12/12/2025,2217,s:40~l:54~t:2217,Fairfield,Stags,FAIR,000000,ebebeb,home,74,TRUE,13,2,20,48,27,56,NA,15,91,10,11,25,2,16,0,0,42,10,24,22,0,12,12,311,s:40~l:54~t:311,Maine,Black Bears,127dbe,NA,51,6,34,36,0,99
401807970,2026,12/12/2025,2545,s:40~l:54~t:2545,SE Louisiana,Lady Lions,SELA,215732,ffc72c,away,70,FALSE,9,1,28,31,23,75,NA,28,59,19,32,7,21,14,2,0,18,5,28,49,0,17,17,2277,s:40~l:54~t:2277,Houston Christian,Huskies,00539c,NA,77,10,36,15,7,47
401813879,2026,12/12/2025,2099,s:40~l:54~t:2099,Canisius,Golden Griffins,CAN,004a81,dda50f,home,65,TRUE,9,1,28,38,21,55,NA,15,85,17,20,11,21,5,1,0,46,6,13,49,0,25,25,2750,s:40~l:54~t:2750,Wright State,Raiders,cba052,cba052,60,8,24,10,9,73
401825020,2026,12/12/2025,179,s:40~l:54~t:179,St. Bonaventure,Bonnies,SBU,70261D,NA,away,60,TRUE,10,4,35,48,25,52,NA,18,33,4,12,10,7,6,0,0,43,6,14,42,0,18,18,2385,s:40~l:54~t:2385,Mercyhurst,Lakers,000000,NA,57,8,34,13,5,61
401825020,2026,12/12/2025,2385,s:40~l:54~t:2385,Mercyhurst,Lakers,MERC,000000,NA,home,57,FALSE,8,2,24,28,17,61,NA,18,79,11,14,7,11,8,0,0,38,12,32,35,0,13,13,179,s:40~l:54~t:179,St. Bonaventure,Bonnies,70261D,NA,60,3,8,16,5,25
401830108,2026,12/12/2025,2582,s:40~l:54~t:2582,Southern,Jaguars,SOU,004B97,ffc82d,home,84,TRUE,21,4,29,54,37,68,NA,16,50,6,12,50,19,14,2,0,27,4,15,48,0,15,15,2573,s:40~l:54~t:2573,Southern New Orleans,Knights,000000,NA,34,8,58,42,1,96
401826634,2026,12/12/2025,109704,s:40~l:54~t:109704,Coastal Georgia,Mariner,COGA,NA,NA,away,74,FALSE,10,2,13,34,26,77,NA,22,60,9,15,0,17,11,0,0,30,13,43,30,0,23,23,290,s:40~l:54~t:290,Georgia Southern,Eagles,041e42,a3aaae,136,13,18,25,0,0
401825053,2026,12/12/2025,526,s:40~l:54~t:526,Florida Gulf Coast,Eagles,FGCU,00885a,076c3b,away,70,TRUE,18,3,29,53,24,45,NA,12,65,15,23,17,1,8,1,0,47,7,15,30,0,16,16,2226,s:40~l:54~t:2226,Florida Atlantic,Owls,003366,cc0000,59,5,34,18,0,97
401829314,2026,12/11/2025,62,s:40~l:54~t:62,Hawai'i,Rainbow Wahine,HAW,005737,000000,home,61,TRUE,10,4,39,48,25,52,NA,10,67,6,9,20,9,0,0,0,36,5,14,48,0,19,19,2267,s:40~l:54~t:2267,Hawai'i Hilo,Vulcans,000000,NA,47,7,40,14,2,93
401838749,2026,12/11/2025,2863,s:40~l:54~t:2863,Cal State Monterey Bay,Otters,CSMB,000000,NA,away,40,FALSE,5,1,19,26,16,61,NA,17,29,5,17,0,11,5,3,0,21,3,14,30,0,13,13,23,s:40~l:54~t:23,San José State,Spartans,0038a8,ffb81a,83,6,22,10,0,0
401829298,2026,12/11/2025,304,s:40~l:54~t:304,Idaho State,Bengals,IDST,ef8c00,e9a126,away,59,FALSE,9,2,34,30,19,64,NA,16,74,17,23,7,23,10,1,0,33,4,12,57,0,25,25,252,s:40~l:54~t:252,BYU,Cougars,0047ba,002e5d,68,7,26,9,2,17
401829298,2026,12/11/2025,252,s:40~l:54~t:252,BYU,Cougars,BYU,0047ba,002e5d,home,68,TRUE,16,8,25,38,23,61,NA,15,84,16,19,14,6,14,0,0,24,6,25,31,0,13,13,304,s:40~l:54~t:304,Idaho State,Bengals,ef8c00,e9a126,59,20,26,25,2,73
401819548,2026,12/11/2025,2501,s:40~l:54~t:2501,Portland,Pilots,PORT,330072,a8b3ba,away,94,TRUE,25,6,29,43,35,81,NA,16,89,16,18,37,18,11,1,0,33,8,24,47,0,9,9,299,s:40~l:54~t:299,Long Beach State,Beach,000000,f1f2f3,58,11,50,26,3,92
401819548,2026,12/11/2025,299,s:40~l:54~t:299,Long Beach State,Beach,LBSU,000000,f1f2f3,home,58,FALSE,15,5,30,36,20,56,NA,16,68,13,19,2,11,3,1,0,45,5,11,41,0,22,22,2501,s:40~l:54~t:2501,Portland,Pilots,330072,a8b3ba,94,3,22,4,3,2
401829552,2026,12/11/2025,201,s:40~l:54~t:201,Oklahoma,Sooners,OU,990000,ffffff,home,103,TRUE,20,6,36,55,41,75,NA,15,71,12,17,56,17,13,0,0,43,9,21,53,0,14,14,2031,s:40~l:54~t:2031,Little Rock,Trojans,AD0000,898d8f,48,32,56,32,0,99
401825024,2026,12/11/2025,87,s:40~l:54~t:87,Notre Dame,Fighting Irish,ND,062340,c99700,home,97,TRUE,17,4,30,47,35,74,NA,12,78,14,18,56,15,11,0,0,46,13,28,45,0,7,7,2413,s:40~l:54~t:2413,Morehead State,Eagles,094FA3,fed91a,48,10,42,31,0,96
401826665,2026,12/11/2025,2433,s:40~l:54~t:2433,UL Monroe,Warhawks,ULM,840029,fdb913,away,54,FALSE,7,0,18,28,20,72,NA,18,67,10,15,0,19,8,0,0,27,4,15,37,0,17,17,84,s:40~l:54~t:84,Indiana,Hoosiers,970310,ffffff,98,6,14,16,0,0
401826665,2026,12/11/2025,84,s:40~l:54~t:84,Indiana,Hoosiers,IU,970310,ffffff,home,98,TRUE,20,3,32,64,34,53,NA,18,89,17,19,44,1,9,0,0,54,13,24,33,0,16,16,2433,s:40~l:54~t:2433,UL Monroe,Warhawks,840029,fdb913,54,23,34,26,0,99
401825711,2026,12/11/2025,282,s:40~l:54~t:282,Indiana State,Sycamores,INST,00669a,f0f0f0,away,56,FALSE,4,2,27,28,19,68,NA,23,59,16,27,2,16,7,0,1,11,2,19,43,1,21,21,2086,s:40~l:54~t:2086,Butler,Bulldogs,0d1361,00a3e0,101,11,26,4,3,2
401822232,2026,12/11/2025,2349,s:40~l:54~t:2349,UMass Lowell,River Hawks,UML,000000,cf1f2f,away,48,FALSE,12,4,21,41,20,49,NA,17,50,4,8,0,7,5,4,0,21,4,19,28,0,26,26,305,s:40~l:54~t:305,DePaul,Blue Demons,2d649c,ce1125,78,7,26,16,0,0
401822232,2026,12/11/2025,305,s:40~l:54~t:305,DePaul,Blue Demons,DEP,2d649c,ce1125,home,78,TRUE,25,4,23,47,33,70,NA,12,67,8,12,34,18,9,1,0,25,4,16,41,0,12,12,2349,s:40~l:54~t:2349,UMass Lowell,River Hawks,000000,cf1f2f,48,9,48,32,0,93
401817310,2026,12/11/2025,2193,s:40~l:54~t:2193,East Tennessee State,Bucs,ETSU,002d61,ffc423,home,63,TRUE,7,4,23,26,15,57,NA,11,74,28,38,10,20,11,1,0,28,5,18,43,0,14,14,2427,s:40~l:54~t:2427,UNC Asheville,Bulldogs,003da5,ffffff,53,8,18,27,2,17
401817283,2026,12/11/2025,236,s:40~l:54~t:236,Chattanooga,Mocs,UTC,00386b,dca71d,away,81,TRUE,15,4,27,54,34,63,NA,17,56,5,9,34,14,6,1,0,44,8,18,41,0,16,16,2634,s:40~l:54~t:2634,Tennessee State,Lady Tigers,171796,f0f0f0,51,10,38,23,1,96
401813194,2026,12/11/2025,59,s:40~l:54~t:59,Georgia Tech,Yellow Jackets,GT,b3a369,ffffff,away,50,FALSE,11,1,26,34,17,50,NA,21,72,13,18,0,13,7,1,1,25,3,12,39,1,28,28,277,s:40~l:54~t:277,West Virginia,Mountaineers,eaaa00,002855,82,8,26,6,0,0
401813194,2026,12/11/2025,277,s:40~l:54~t:277,West Virginia,Mountaineers,WVU,eaaa00,002855,home,82,TRUE,17,7,21,44,31,71,NA,17,73,11,15,32,17,12,1,0,27,9,33,38,0,12,12,59,s:40~l:54~t:59,Georgia Tech,Yellow Jackets,b3a369,ffffff,50,12,42,32,0,98
401818670,2026,12/11/2025,94,s:40~l:54~t:94,Northern Kentucky,Norse,NKU,ffc82e,000000,away,62,FALSE,11,2,30,45,22,49,NA,23,61,11,18,12,10,4,2,0,30,7,23,40,0,37,37,194,s:40~l:54~t:194,Ohio State,Buckeyes,ba0c2f,a8adb4,94,2,28,9,5,45
401818670,2026,12/11/2025,194,s:40~l:54~t:194,Ohio State,Buckeyes,OSU,ba0c2f,a8adb4,home,94,TRUE,17,2,20,43,33,76,NA,22,89,24,27,33,14,27,0,0,17,4,23,34,0,11,11,94,s:40~l:54~t:94,Northern Kentucky,Norse,ffc82e,000000,62,18,50,46,5,51
401826619,2026,12/11/2025,2167,s:40~l:54~t:2167,Davis & Elkins,Senators,DVEK,000000,NA,away,40,FALSE,10,2,13,30,16,53,NA,17,86,6,7,0,7,6,0,0,13,2,15,20,0,22,22,276,s:40~l:54~t:276,Marshall,Thundering Herd,00b140,000000,105,2,10,4,0,0
401826619,2026,12/11/2025,276,s:40~l:54~t:276,Marshall,Thundering Herd,MRSH,00b140,000000,home,105,TRUE,26,6,31,53,39,73,NA,6,89,16,18,67,21,18,0,0,33,11,33,52,0,10,10,2167,s:40~l:54~t:2167,Davis & Elkins,Senators,000000,NA,40,20,56,29,0,96
401823712,2026,12/11/2025,159,s:40~l:54~t:159,Dartmouth,Big Green,DART,005730,000000,away,61,TRUE,15,4,25,36,24,67,NA,8,67,4,6,3,18,7,0,0,43,9,21,43,0,13,13,2885,s:40~l:54~t:2885,NJIT,Highlanders,EE3024,df3e2e,60,5,28,13,4,14
401822375,2026,12/11/2025,2097,s:40~l:54~t:2097,Campbell,Fighting Camels,CAM,000000,NA,home,100,TRUE,20,6,28,47,40,86,NA,4,65,11,17,61,33,9,0,0,36,9,25,61,0,9,9,126756,s:40~l:54~t:126756,Carolina University,Bruins,NA,NA,43,21,56,25,0,100
401818697,2026,12/11/2025,288,s:40~l:54~t:288,Lipscomb,Bisons,LIP,20366C,f6b734,away,45,FALSE,8,1,19,32,18,56,NA,12,50,2,4,2,9,5,1,0,27,7,26,28,0,21,21,2509,s:40~l:54~t:2509,Purdue,Boilermakers,ceb888,000000,88,3,20,8,2,1
401818697,2026,12/11/2025,2509,s:40~l:54~t:2509,Purdue,Boilermakers,PUR,ceb888,000000,home,88,TRUE,25,3,29,51,35,69,NA,15,80,8,10,46,15,13,0,0,37,10,27,44,0,11,11,288,s:40~l:54~t:288,Lipscomb,Bisons,20366C,f6b734,45,16,44,28,2,93
401808057,2026,12/10/2025,70,s:40~l:54~t:70,Idaho,Vandals,IDHO,000000,8c6e4a,away,61,FALSE,7,2,26,36,25,70,NA,16,54,7,13,2,16,9,0,0,17,4,23,42,0,10,10,25,s:40~l:54~t:25,California,Golden Bears,041e42,ffc72c,68,10,34,13,12,10
401808057,2026,12/10/2025,25,s:40~l:54~t:25,California,Golden Bears,CAL,041e42,ffc72c,home,68,TRUE,16,7,30,45,25,55,NA,11,73,11,15,10,6,5,1,0,39,7,18,36,0,14,14,70,s:40~l:54~t:70,Idaho,Vandals,000000,8c6e4a,61,10,36,15,12,84
401817570,2026,12/10/2025,97,s:40~l:54~t:97,Louisville,Cardinals,LOU,c9001f,ffffff,home,93,TRUE,14,1,30,48,35,73,NA,21,76,13,17,35,15,10,0,0,38,10,26,45,0,15,15,2050,s:40~l:54~t:2050,Ball State,Cardinals,ba0c2f,ffffff,62,5,42,22,0,97
401822224,2026,12/10/2025,68,s:40~l:54~t:68,Boise State,Broncos,BOIS,0033a0,d64309,away,58,FALSE,15,8,17,32,21,65,NA,14,33,4,12,4,11,7,0,0,46,12,26,28,0,9,9,254,s:40~l:54~t:254,Utah,Utes,be0000,ffffff,91,7,12,11,5,13
401822224,2026,12/10/2025,254,s:40~l:54~t:254,Utah,Utes,UTAH,be0000,ffffff,home,91,TRUE,25,5,37,51,37,73,NA,10,75,3,4,38,19,5,2,0,47,14,30,56,0,14,14,68,s:40~l:54~t:68,Boise State,Broncos,0033a0,d64309,58,5,40,15,5,81
401826964,2026,12/10/2025,2900,s:40~l:54~t:2900,St. Thomas-Minnesota,Tommies,STMN,000000,NA,home,112,TRUE,31,7,24,62,45,73,NA,9,73,11,15,89,12,30,0,0,52,11,21,36,0,6,6,509,s:40~l:54~t:509,Crown,Storm,5c2f92,ffffff,23,19,66,53,0,99
401824260,2026,12/10/2025,135,s:40~l:54~t:135,Minnesota,Golden Gophers,MINN,5e0a2f,fab41c,home,82,TRUE,27,4,24,55,34,62,NA,6,83,5,6,38,9,11,0,0,43,9,21,33,0,5,5,2010,s:40~l:54~t:2010,Alabama A&M,Bulldogs,790000,ffffff,44,21,36,25,5,93
401818603,2026,12/10/2025,251,s:40~l:54~t:251,Texas,Longhorns,TEX,af5c37,ffffff,away,110,TRUE,35,5,32,56,48,85,NA,15,56,9,16,65,15,13,0,0,38,5,13,47,0,4,4,292,s:40~l:54~t:292,UT Rio Grande Valley,Vaqueros,dc6000,e1732d,45,16,60,39,0,99
401818603,2026,12/10/2025,292,s:40~l:54~t:292,UT Rio Grande Valley,Vaqueros,RGV,dc6000,e1732d,home,45,FALSE,10,2,26,27,13,49,NA,17,80,12,15,0,6,1,0,0,33,7,21,32,0,29,29,251,s:40~l:54~t:251,Texas,Longhorns,af5c37,ffffff,110,7,6,2,0,0
401813745,2026,12/10/2025,164,s:40~l:54~t:164,Rutgers,Scarlet Knights,RUTG,ce0e2d,ffffff,away,63,FALSE,12,6,16,49,24,49,NA,19,89,8,9,2,6,10,1,1,33,7,21,22,1,23,23,163,s:40~l:54~t:163,Princeton,Tigers,000000,ff6000,81,7,32,11,8,6
401818634,2026,12/10/2025,2294,s:40~l:54~t:2294,Iowa,Hawkeyes,IOWA,231f20,fcd116,away,69,FALSE,16,1,23,43,27,63,NA,20,50,6,12,4,9,5,0,0,38,9,24,32,0,9,9,66,s:40~l:54~t:66,Iowa State,Cyclones,ae192d,ffc72a,74,9,30,8,10,17
401818634,2026,12/10/2025,66,s:40~l:54~t:66,Iowa State,Cyclones,ISU,ae192d,ffc72a,home,74,TRUE,22,3,30,53,30,57,NA,15,45,9,20,17,9,2,0,0,33,5,15,39,0,12,12,2294,s:40~l:54~t:2294,Iowa,Hawkeyes,231f20,fcd116,69,0,40,7,10,73
401826976,2026,12/10/2025,2571,s:40~l:54~t:2571,South Dakota State,Jackrabbits,SDST,0033a0,ffd100,away,59,TRUE,13,6,31,33,18,54,NA,11,79,15,19,11,13,4,2,0,36,8,22,44,0,16,16,2460,s:40~l:54~t:2460,Northern Iowa,Panthers,473282,ffffff,57,6,10,13,5,41
401826976,2026,12/10/2025,2460,s:40~l:54~t:2460,Northern Iowa,Panthers,UNI,473282,ffffff,home,57,FALSE,12,6,25,38,23,61,NA,20,71,5,7,9,8,9,1,0,27,6,22,33,0,11,11,2571,s:40~l:54~t:2571,South Dakota State,Jackrabbits,0033a0,ffd100,59,3,30,9,5,53
401825007,2026,12/10/2025,2507,s:40~l:54~t:2507,Providence,Friars,PROV,000000,a3a19e,home,51,FALSE,12,1,28,35,19,54,NA,18,88,7,8,7,8,5,2,0,30,6,20,36,0,14,14,227,s:40~l:54~t:227,Rhode Island,Rams,091f3f,5ab3e8,57,10,16,5,3,33
401823674,2026,12/10/2025,47,s:40~l:54~t:47,Howard,Bison,HOW,003a63,e51937,away,50,FALSE,12,4,16,35,21,60,NA,11,33,3,9,0,12,9,0,0,29,5,17,28,0,15,15,258,s:40~l:54~t:258,Virginia,Cavaliers,f84c1e,232d4b,76,4,20,11,0,0
401823674,2026,12/10/2025,258,s:40~l:54~t:258,Virginia,Cavaliers,UVA,f84c1e,232d4b,home,76,TRUE,24,10,30,52,34,65,NA,7,50,3,6,29,16,10,1,0,28,5,18,46,0,15,15,47,s:40~l:54~t:47,Howard,Bison,003a63,e51937,50,15,54,19,0,97
401823665,2026,12/10/2025,183,s:40~l:54~t:183,Syracuse,Orange,SYR,000e54,ff431b,home,88,TRUE,20,1,25,44,33,75,NA,13,56,14,25,46,30,16,1,0,40,8,20,55,0,15,15,2142,s:40~l:54~t:2142,Colgate,Raiders,821019,ffffff,42,19,50,29,0,99
401822268,2026,12/10/2025,45,s:40~l:54~t:45,George Washington,Revolutionaries,GW,002843,e8d2a1,away,63,TRUE,9,3,21,39,22,56,NA,16,62,13,21,15,12,7,3,0,30,6,20,33,0,10,10,48,s:40~l:54~t:48,Delaware,Blue Hens,00539f,ffd200,59,2,30,13,1,93
401822268,2026,12/10/2025,48,s:40~l:54~t:48,Delaware,Blue Hens,DEL,00539f,ffd200,home,59,FALSE,9,1,24,41,20,49,NA,17,64,14,22,2,11,5,1,0,31,5,16,35,0,15,15,45,s:40~l:54~t:45,George Washington,Revolutionaries,002843,e8d2a1,63,8,24,12,1,5
401817415,2026,12/10/2025,356,s:40~l:54~t:356,Illinois,Fighting Illini,ILL,ff5f05,13294b,away,70,TRUE,12,3,25,44,28,63,NA,13,77,10,13,11,9,11,0,0,27,4,15,34,0,9,9,142,s:40~l:54~t:142,Missouri,Tigers,f1b82d,000000,62,2,42,18,0,95
401817397,2026,12/10/2025,2599,s:40~l:54~t:2599,St. John's,Red Storm,SJU,d10000,101010,away,73,TRUE,15,5,22,50,28,56,NA,10,93,13,14,31,8,10,1,0,29,4,14,30,0,9,9,2619,s:40~l:54~t:2619,Stony Brook,Seawolves,990000,NA,42,10,42,28,1,93
401817397,2026,12/10/2025,2619,s:40~l:54~t:2619,Stony Brook,Seawolves,STBK,990000,NA,home,42,FALSE,5,1,21,35,16,46,NA,17,78,7,9,2,9,6,2,0,19,3,16,30,0,22,22,2599,s:40~l:54~t:2599,St. John's,Red Storm,d10000,101010,73,13,22,12,1,4
401818644,2026,12/10/2025,120,s:40~l:54~t:120,Maryland,Terrapins,MD,ce1126,ffffff,home,91,TRUE,19,7,27,48,32,67,NA,11,81,22,27,70,19,14,0,0,36,5,14,46,0,9,9,2169,s:40~l:54~t:2169,Delaware State,Hornets,009cdb,d51c28,21,19,48,45,0,98
401826640,2026,12/10/2025,324,s:40~l:54~t:324,Coastal Carolina,Chanticleers,CCU,006f71,a27752,home,67,TRUE,8,2,30,39,22,57,NA,14,83,15,18,6,12,8,1,1,36,8,22,42,1,19,19,2430,s:40~l:54~t:2430,UNC Greensboro,Spartans,003559,ffd90a,61,9,22,6,10,41
401823678,2026,12/10/2025,2506,s:40~l:54~t:2506,Presbyterian,Blue Hose,PRES,194896,990134,away,36,FALSE,3,3,22,24,12,49,NA,20,82,9,11,0,6,3,1,0,25,3,12,28,0,24,24,259,s:40~l:54~t:259,Virginia Tech,Hokies,6a2c3e,cf4520,92,4,18,2,0,0
401823678,2026,12/10/2025,259,s:40~l:54~t:259,Virginia Tech,Hokies,VT,6a2c3e,cf4520,home,92,TRUE,17,7,31,52,38,73,NA,13,50,13,26,61,18,13,1,0,25,3,12,49,0,10,10,2506,s:40~l:54~t:2506,Presbyterian,Blue Hose,194896,990134,36,13,62,41,0,99
401812428,2026,12/10/2025,2612,s:40~l:54~t:2612,Saint Peter's,Peacocks,SPU,004CC2,NA,home,34,FALSE,5,2,28,24,12,50,NA,13,47,7,15,6,11,4,0,0,17,3,18,39,0,13,13,161,s:40~l:54~t:161,Fairleigh Dickinson,Knights,72293c,28334a,57,4,14,4,1,10
401817702,2026,12/10/2025,2870,s:40~l:54~t:2870,Purdue Fort Wayne,Mastodons,PFW,cfb991,000000,home,70,TRUE,13,3,22,39,24,61,NA,11,75,12,16,17,8,7,0,0,31,10,32,30,0,7,7,270,s:40~l:54~t:270,Milwaukee,Panthers,000000,ffc20e,60,8,24,26,3,90
401826598,2026,12/10/2025,3083,s:40~l:54~t:3083,Oakwood,Ambassadors,OAKWO,NA,NA,away,62,FALSE,16,2,13,33,22,67,NA,16,59,10,17,0,10,7,2,0,29,8,28,23,0,23,23,2653,s:40~l:54~t:2653,Troy,Trojans,862633,b1b1b1,132,5,24,12,0,0
401826598,2026,12/10/2025,2653,s:40~l:54~t:2653,Troy,Trojans,TROY,862633,b1b1b1,home,132,TRUE,36,5,35,58,49,85,NA,15,64,14,22,70,22,14,0,0,57,20,35,57,0,15,15,3083,s:40~l:54~t:3083,Oakwood,Ambassadors,NA,NA,62,43,46,34,0,99
401822853,2026,12/10/2025,12,s:40~l:54~t:12,Arizona,Wildcats,ARIZ,cc0033,003366,home,87,TRUE,18,1,37,50,30,60,NA,21,79,19,24,15,7,3,0,0,40,8,20,44,0,15,15,2198,s:40~l:54~t:2198,Eastern Kentucky,Colonels,660819,f0f0f0,83,26,40,12,10,71
401824228,2026,12/10/2025,233,s:40~l:54~t:233,South Dakota,Coyotes,SDAK,CD1241,f0f0f0,away,62,FALSE,15,2,28,43,23,54,NA,22,82,14,17,4,5,9,0,0,18,2,11,33,0,16,16,71,s:40~l:54~t:71,Bradley,Braves,b70002,c0c0c0,65,10,30,12,3,24
401824228,2026,12/10/2025,71,s:40~l:54~t:71,Bradley,Braves,BRAD,b70002,c0c0c0,home,65,TRUE,10,2,26,38,18,48,NA,20,69,24,35,12,7,12,1,0,33,5,15,33,0,16,16,233,s:40~l:54~t:233,South Dakota,Coyotes,CD1241,f0f0f0,62,10,16,15,3,66
401822864,2026,12/10/2025,21,s:40~l:54~t:21,San Diego State,Aztecs,SDSU,a6192e,000000,away,64,TRUE,14,1,28,40,22,55,NA,19,73,11,15,18,9,14,0,0,35,9,26,37,0,16,16,2306,s:40~l:54~t:2306,Kansas State,Wildcats,330a57,e2e3e4,53,4,24,12,4,63
401812571,2026,12/10/2025,301,s:40~l:54~t:301,San Diego,Toreros,USD,2f99d4,2f99d4,away,46,FALSE,5,2,23,39,17,44,NA,18,54,7,13,2,8,3,0,1,50,5,10,31,1,22,22,275,s:40~l:54~t:275,Wisconsin,Badgers,a00000,ffffff,74,4,14,12,1,3
401812571,2026,12/10/2025,275,s:40~l:54~t:275,Wisconsin,Badgers,WIS,a00000,ffffff,home,74,TRUE,14,2,19,38,25,65,NA,15,84,16,19,32,19,12,3,0,26,8,31,38,0,10,10,301,s:40~l:54~t:301,San Diego,Toreros,2f99d4,2f99d4,46,7,30,33,1,92
401818653,2026,12/9/2025,2437,s:40~l:54~t:2437,Omaha,Mavericks,OMA,e3193e,474648,away,35,FALSE,5,3,25,33,15,45,NA,15,36,4,11,7,11,6,4,0,6,1,18,36,0,31,31,158,s:40~l:54~t:158,Nebraska,Cornhuskers,e31937,ffffff,87,5,24,9,1,13
401818653,2026,12/9/2025,158,s:40~l:54~t:158,Nebraska,Cornhuskers,NEB,e31937,ffffff,home,87,TRUE,29,5,22,46,35,76,NA,13,50,4,8,52,19,17,0,0,32,13,40,41,0,11,11,2437,s:40~l:54~t:2437,Omaha,Mavericks,e3193e,474648,35,14,44,36,1,82
401829550,2026,12/9/2025,2710,s:40~l:54~t:2710,Western Illinois,Leathernecks,WIU,4e1e8a,ffc90a,home,75,TRUE,10,7,33,48,31,65,NA,15,71,10,14,38,9,13,0,0,25,3,12,42,0,13,13,15252,s:40~l:54~t:15252,Columbia (MO),Cougars,NA,NA,37,9,52,27,2,95
401826643,2026,12/9/2025,2568,s:40~l:54~t:2568,Southern Arkansas,Muleriders,SAR,000000,NA,away,46,FALSE,8,3,26,28,16,57,NA,18,100,8,8,8,15,7,4,0,38,6,16,41,0,37,37,2032,s:40~l:54~t:2032,Arkansas State,Red Wolves,cc092f,000000,97,9,16,7,4,17
401826643,2026,12/9/2025,2032,s:40~l:54~t:2032,Arkansas State,Red Wolves,ARST,cc092f,000000,home,97,TRUE,20,2,26,45,34,76,NA,14,63,15,24,51,19,22,0,0,38,14,37,45,0,13,13,2568,s:40~l:54~t:2568,Southern Arkansas,Muleriders,000000,NA,46,21,40,42,4,74
401823089,2026,12/9/2025,2352,s:40~l:54~t:2352,Loyola Maryland,Greyhounds,L-MD,76a7a0,c9cbca,away,60,TRUE,7,2,22,41,17,41,NA,18,78,21,27,5,9,4,1,0,36,5,14,31,0,19,19,2378,s:40~l:54~t:2378,UMBC,Retrievers,000000,ad860a,57,4,20,15,3,6
401824759,2026,12/9/2025,2348,s:40~l:54~t:2348,Louisiana Tech,Lady Techsters,LT,003087,cb333b,home,74,TRUE,18,3,23,47,27,57,NA,20,70,14,20,18,19,6,3,0,30,6,20,42,0,22,22,2755,s:40~l:54~t:2755,Grambling,Lady Tigers,ee8601,ffd10a,60,16,42,30,2,90
401825872,2026,12/9/2025,9,s:40~l:54~t:9,Arizona State,Sun Devils,ASU,ffc627,8c1d40,away,74,TRUE,14,3,26,45,25,56,NA,20,74,20,27,26,9,18,0,0,33,4,12,35,0,30,30,213,s:40~l:54~t:213,Penn State,Lady Lions,061440,ffffff,60,21,24,28,1,65
401823243,2026,12/9/2025,349,s:40~l:54~t:349,Army,Black Knights,ARMY,000000,d3bc8d,away,76,TRUE,19,3,22,57,29,51,NA,14,82,9,11,24,10,6,0,0,47,9,19,32,0,15,15,172,s:40~l:54~t:172,Cornell,Big Red,b31b1b,ffffff,52,6,38,16,11,50
401823243,2026,12/9/2025,172,s:40~l:54~t:172,Cornell,Big Red,COR,b31b1b,ffffff,home,52,FALSE,11,1,14,41,21,51,NA,9,75,9,12,7,8,9,0,0,11,1,9,22,0,11,11,349,s:40~l:54~t:349,Army,Black Knights,000000,d3bc8d,76,2,36,14,11,36
401823134,2026,12/9/2025,2771,s:40~l:54~t:2771,Merrimack,Warriors,MRMK,2f4f93,e8c535,home,60,FALSE,14,6,20,36,21,58,NA,17,62,8,13,5,11,11,0,0,42,10,24,31,0,19,19,225,s:40~l:54~t:225,Brown,Bears,411e09,949300,70,7,20,12,6,17
401822240,2026,12/9/2025,112358,s:40~l:54~t:112358,Long Island University,Sharks,LIU,50c9f7,ffbf00,away,57,FALSE,10,0,29,30,19,63,NA,22,55,11,20,9,15,8,0,0,40,8,20,44,0,12,12,2752,s:40~l:54~t:2752,Xavier,Musketeers,21304e,a5a7a8,64,6,22,12,1,36
401822240,2026,12/9/2025,2752,s:40~l:54~t:2752,Xavier,Musketeers,XAV,21304e,a5a7a8,home,64,TRUE,14,5,35,38,23,61,NA,17,53,10,19,13,14,4,0,0,26,8,31,49,0,14,14,112358,s:40~l:54~t:112358,Long Island University,Sharks,50c9f7,ffbf00,57,7,22,13,1,60
401828562,2026,12/9/2025,2275,s:40~l:54~t:2275,Hofstra,Pride,HOF,003594,ffc72c,home,80,TRUE,21,8,30,46,33,72,NA,21,67,6,9,37,21,10,0,0,31,8,26,51,0,15,15,2374,s:40~l:54~t:2374,Marywood,Pacers,000000,NA,44,11,36,22,0,94
401827253,2026,12/9/2025,2172,s:40~l:54~t:2172,Denver,Pioneers,DEN,98002e,a8996e,home,92,TRUE,26,2,24,49,36,74,NA,12,78,7,9,31,18,9,1,0,39,13,33,42,0,9,9,2389,s:40~l:54~t:2389,MSU Denver,Roadrunners,000000,NA,68,15,32,12,1,80
401824186,2026,12/9/2025,2011,s:40~l:54~t:2011,Alabama State,Lady Hornets,ALST,e9a900,0a0a0a,away,36,FALSE,8,1,19,26,17,66,NA,23,0,0,5,0,9,5,2,0,14,2,14,28,0,18,18,239,s:40~l:54~t:239,Baylor,Bears,154734,ffb81c,90,4,14,8,0,0
401824186,2026,12/9/2025,239,s:40~l:54~t:239,Baylor,Bears,BAY,154734,ffb81c,home,90,TRUE,22,12,39,46,28,61,NA,11,74,23,31,56,16,8,1,0,48,11,23,55,0,16,16,2011,s:40~l:54~t:2011,Alabama State,Lady Hornets,e9a900,0a0a0a,36,18,30,22,0,99
401822982,2026,12/8/2025,277,s:40~l:54~t:277,West Virginia,Mountaineers,WVU,eaaa00,002855,home,109,TRUE,25,2,23,51,37,73,NA,16,76,29,38,69,19,22,0,0,25,6,24,42,0,9,9,2640,s:40~l:54~t:2640,Texas Southern,Tigers,860038,ffffff,40,30,56,54,1,96
401813193,2026,12/8/2025,59,s:40~l:54~t:59,Georgia Tech,Yellow Jackets,GT,b3a369,ffffff,home,72,TRUE,20,2,39,42,27,65,NA,11,92,12,13,23,10,10,0,0,26,6,23,49,0,17,17,2450,s:40~l:54~t:2450,Norfolk State,Spartans,0c8968,fdb813,57,14,40,20,2,91
401827876,2026,12/8/2025,399,s:40~l:54~t:399,UAlbany,Great Danes,UALB,3D2777,ffffff,away,55,TRUE,14,3,23,38,18,47,NA,10,90,9,10,22,10,6,0,0,43,10,23,33,0,16,16,2142,s:40~l:54~t:2142,Colgate,Raiders,821019,ffffff,41,3,12,16,3,84
401822278,2026,12/7/2025,2429,s:40~l:54~t:2429,Charlotte,49ers,CLT,005035,a49665,away,59,FALSE,9,2,21,33,22,67,NA,15,57,8,14,3,16,8,0,1,33,7,21,37,1,16,16,344,s:40~l:54~t:344,Mississippi State,Bulldogs,5d1725,c1c6c8,89,15,26,14,1,2
401825758,2026,12/7/2025,2612,s:40~l:54~t:2612,Saint Peter's,Peacocks,SPU,004CC2,NA,home,38,FALSE,7,2,19,29,14,48,NA,23,46,6,13,0,11,13,3,0,27,4,15,30,0,25,25,2405,s:40~l:54~t:2405,Monmouth,Hawks,051844,NA,66,5,14,13,0,0
401825223,2026,12/7/2025,127,s:40~l:54~t:127,Michigan State,Spartans,MSU,173f35,ffffff,away,64,FALSE,13,1,20,38,24,63,NA,13,61,11,18,1,18,4,0,1,23,5,22,38,1,11,11,275,s:40~l:54~t:275,Wisconsin,Badgers,a00000,ffffff,78,6,36,13,2,1
401825223,2026,12/7/2025,275,s:40~l:54~t:275,Wisconsin,Badgers,WIS,a00000,ffffff,home,78,TRUE,16,8,27,47,28,59,NA,16,69,11,16,14,12,6,2,0,46,11,24,39,0,11,11,127,s:40~l:54~t:127,Michigan State,Spartans,173f35,ffffff,64,10,32,11,2,98
401822829,2026,12/7/2025,339,s:40~l:54~t:339,Evansville,Purple Aces,EVAN,663399,ef6f00,away,55,FALSE,14,4,23,29,18,63,NA,13,65,13,20,0,13,11,1,0,23,6,26,36,0,17,17,139,s:40~l:54~t:139,Saint Louis,Billikens,00539C,ebebeb,72,15,24,21,0,0
401822829,2026,12/7/2025,139,s:40~l:54~t:139,Saint Louis,Billikens,SLU,00539C,ebebeb,home,72,TRUE,18,8,34,49,29,59,NA,21,77,10,13,21,9,11,0,0,29,4,14,43,0,21,21,339,s:40~l:54~t:339,Evansville,Purple Aces,663399,ef6f00,55,13,48,18,0,96
401813267,2026,12/7/2025,2433,s:40~l:54~t:2433,UL Monroe,Warhawks,ULM,840029,fdb913,away,38,FALSE,3,2,17,33,16,49,NA,14,75,6,8,0,7,11,0,0,0,0,10,24,0,21,21,333,s:40~l:54~t:333,Alabama,Crimson Tide,9e1b32,ffffff,75,3,28,9,0,0
401813267,2026,12/7/2025,333,s:40~l:54~t:333,Alabama,Crimson Tide,ALA,9e1b32,ffffff,home,75,TRUE,14,5,27,55,32,58,NA,11,80,4,5,38,10,13,1,0,29,7,24,37,0,18,18,2433,s:40~l:54~t:2433,UL Monroe,Warhawks,840029,fdb913,38,12,48,30,0,99
401826626,2026,12/7/2025,309,s:40~l:54~t:309,Louisiana,Ragin' Cajuns,UL,ce181e,000000,home,54,FALSE,9,1,16,33,18,55,NA,20,88,14,16,7,9,6,0,0,24,4,17,25,0,14,14,2413,s:40~l:54~t:2413,Morehead State,Eagles,094FA3,fed91a,61,2,22,20,9,23
401826065,2026,12/7/2025,301,s:40~l:54~t:301,San Diego,Toreros,USD,2f99d4,2f99d4,home,70,TRUE,14,3,25,41,20,49,NA,14,69,24,35,13,17,13,2,0,35,6,17,42,0,25,25,328,s:40~l:54~t:328,Utah State,Aggies,0f2439,ffffff,66,24,20,19,0,98
401817553,2026,12/7/2025,25,s:40~l:54~t:25,California,Golden Bears,CAL,041e42,ffc72c,home,92,TRUE,20,2,33,47,34,72,NA,12,59,13,22,51,22,12,0,0,37,11,30,55,0,12,12,23,s:40~l:54~t:23,San José State,Spartans,0038a8,ffb81a,42,12,44,21,0,99
401831309,2026,12/7/2025,2603,s:40~l:54~t:2603,Saint Joseph's,Hawks,JOES,9e1b32,6c6f70,away,70,FALSE,15,5,23,41,25,61,NA,16,80,12,15,5,11,6,1,0,50,8,16,34,0,9,9,222,s:40~l:54~t:222,Villanova,Wildcats,00205b,13b5ea,76,5,28,7,4,16
401807947,2026,12/7/2025,2443,s:40~l:54~t:2443,New Orleans,Privateers,UNO,005da6,a2a9ae,home,62,FALSE,8,1,18,31,19,62,NA,25,76,16,21,0,11,7,0,0,31,8,26,29,0,27,27,99,s:40~l:54~t:99,LSU,Tigers,461d76,fdd023,126,4,20,9,0,0
401825222,2026,12/7/2025,120,s:40~l:54~t:120,Maryland,Terrapins,MD,ce1126,ffffff,away,100,TRUE,20,4,33,44,38,86,NA,29,75,15,20,7,17,10,0,0,36,9,25,50,0,18,18,135,s:40~l:54~t:135,Minnesota,Golden Gophers,5e0a2f,fab41c,99,29,54,21,16,32
401825222,2026,12/7/2025,135,s:40~l:54~t:135,Minnesota,Golden Gophers,MINN,5e0a2f,fab41c,home,99,FALSE,21,5,33,36,28,77,NA,18,77,31,40,15,20,10,2,0,40,12,30,53,0,19,19,120,s:40~l:54~t:120,Maryland,Terrapins,ce1126,ffffff,100,11,32,15,16,52
401831075,2026,12/7/2025,2674,s:40~l:54~t:2674,Valparaiso,Beacons,VAL,794500,NA,home,44,FALSE,10,5,27,30,17,57,NA,13,38,5,13,4,10,6,1,0,24,5,21,37,0,20,20,82,s:40~l:54~t:82,UIC,Flames,001e62,d50032,61,10,22,8,1,13
401826096,2026,12/7/2025,21,s:40~l:54~t:21,San Diego State,Aztecs,SDSU,a6192e,000000,home,70,TRUE,16,1,23,45,26,58,NA,18,70,7,10,14,10,9,2,0,39,11,28,33,0,15,15,279,s:40~l:54~t:279,Pacific,Tigers,F47820,c2c3c0,68,3,26,16,2,99
401825136,2026,12/7/2025,2453,s:40~l:54~t:2453,North Alabama,Lions,UNA,000000,NA,away,68,TRUE,15,3,34,40,27,67,NA,13,71,5,7,15,11,5,0,0,39,9,23,45,0,14,14,2535,s:40~l:54~t:2535,Samford,Bulldogs,005485,bc0023,66,4,24,10,10,67
401822852,2026,12/7/2025,167,s:40~l:54~t:167,New Mexico,Lobos,UNM,ba0c2f,a7a8aa,away,72,TRUE,15,3,33,43,26,61,NA,21,82,9,11,11,11,6,1,0,31,11,36,44,0,20,20,12,s:40~l:54~t:12,Arizona,Wildcats,cc0033,003366,69,7,28,15,7,87
401822852,2026,12/7/2025,12,s:40~l:54~t:12,Arizona,Wildcats,ARIZ,cc0033,003366,home,69,FALSE,17,2,25,41,24,59,NA,17,63,17,27,3,7,11,0,0,25,4,16,32,0,11,11,167,s:40~l:54~t:167,New Mexico,Lobos,ba0c2f,a7a8aa,72,9,30,20,7,8
401822790,2026,12/7/2025,204,s:40~l:54~t:204,Oregon State,Beavers,ORST,dc4405,000000,home,69,TRUE,15,4,38,35,25,72,NA,4,56,9,16,19,24,7,1,0,34,10,29,62,0,16,16,1,s:40~l:54~t:1,Alaska Anchorage,Seawolves,000000,NA,53,3,20,13,2,54
401818602,2026,12/7/2025,2504,s:40~l:54~t:2504,Prairie View A&M,Lady Panthers,PV,582c83,eaaa00,away,42,FALSE,3,1,23,27,16,60,NA,24,44,7,16,2,8,2,1,0,15,3,20,31,0,21,21,251,s:40~l:54~t:251,Texas,Longhorns,af5c37,ffffff,101,2,12,2,1,1
401818602,2026,12/7/2025,251,s:40~l:54~t:251,Texas,Longhorns,TEX,af5c37,ffffff,home,101,TRUE,22,6,39,48,38,79,NA,19,73,24,33,59,22,11,0,0,8,1,12,61,0,8,8,2504,s:40~l:54~t:2504,Prairie View A&M,Lady Panthers,582c83,eaaa00,42,23,70,26,1,94
401825226,2026,12/7/2025,2483,s:40~l:54~t:2483,Oregon,Ducks,ORE,00934b,fff41b,away,59,FALSE,10,2,21,33,22,66,NA,16,85,11,13,0,8,4,0,0,27,4,15,29,0,11,11,26,s:40~l:54~t:26,UCLA,Bruins,2774ae,f2a900,80,2,28,15,0,0
401825226,2026,12/7/2025,26,s:40~l:54~t:26,UCLA,Bruins,UCLA,2774ae,f2a900,home,80,TRUE,22,7,36,43,30,70,NA,18,62,13,21,27,16,6,0,0,32,7,22,52,0,11,11,2483,s:40~l:54~t:2483,Oregon,Ducks,00934b,fff41b,59,12,40,14,0,99
401822863,2026,12/7/2025,145,s:40~l:54~t:145,Ole Miss,Rebels,MISS,13294b,cf142b,away,60,FALSE,12,5,22,32,22,69,NA,20,69,11,16,9,18,7,0,0,17,5,30,40,0,10,10,2306,s:40~l:54~t:2306,Kansas State,Wildcats,330a57,e2e3e4,61,7,30,22,14,54
401824185,2026,12/7/2025,239,s:40~l:54~t:239,Baylor,Bears,BAY,154734,ffb81c,home,73,TRUE,13,6,23,46,24,52,NA,10,81,17,21,20,8,13,0,0,30,8,27,31,0,17,17,2636,s:40~l:54~t:2636,UTSA,Roadrunners,0c2340,f15a22,55,5,20,16,3,86
401828558,2026,12/7/2025,2253,s:40~l:54~t:2253,Grand Canyon,Lopes,GCU,522398,ffffff,home,54,FALSE,14,2,15,40,18,45,NA,15,86,12,14,4,7,14,1,0,38,6,16,22,0,26,26,2608,s:40~l:54~t:2608,Saint Mary's,Gaels,d80024,003057,62,9,20,24,9,16
401827747,2026,12/7/2025,2287,s:40~l:54~t:2287,Illinois State,Redbirds,ILST,CE1126,ffe716,home,64,TRUE,15,5,30,35,24,68,NA,6,75,12,16,18,17,12,0,0,18,4,22,47,0,9,9,2197,s:40~l:54~t:2197,Eastern Illinois,Panthers,000000,bebab9,46,20,38,13,6,73
401826660,2026,12/7/2025,2710,s:40~l:54~t:2710,Western Illinois,Leathernecks,WIU,4e1e8a,ffc90a,away,80,TRUE,11,3,22,45,26,58,NA,16,81,21,26,22,11,6,1,0,41,7,17,33,0,11,11,2181,s:40~l:54~t:2181,Drake,Bulldogs,005596,bec0c2,74,16,26,12,0,97
401826660,2026,12/7/2025,2181,s:40~l:54~t:2181,Drake,Bulldogs,DRKE,005596,bec0c2,home,74,FALSE,12,1,22,44,27,62,NA,25,76,13,17,0,15,4,0,0,27,7,26,37,0,15,15,2710,s:40~l:54~t:2710,Western Illinois,Leathernecks,4e1e8a,ffc90a,80,17,36,12,0,0
401826143,2026,12/7/2025,253,s:40~l:54~t:253,Southern Utah,Thunderbirds,SUU,c72026,000000,away,47,FALSE,11,2,24,26,15,57,NA,20,75,12,16,2,14,5,2,0,33,5,15,38,0,16,16,36,s:40~l:54~t:36,Colorado State,Rams,004c23,c8c372,70,5,16,11,2,1
401826134,2026,12/7/2025,2627,s:40~l:54~t:2627,Tarleton State,Texans,TAR,000000,NA,home,94,TRUE,15,7,39,50,35,70,NA,15,75,18,24,35,17,11,1,0,35,6,17,56,0,23,23,130174,s:40~l:54~t:130174,Texas A&M-San Antonio,Jaguars,NA,NA,73,24,54,16,2,94
401825948,2026,12/7/2025,2305,s:40~l:54~t:2305,Kansas,Jayhawks,KU,0051ba,e8000d,away,73,TRUE,14,2,24,37,23,62,NA,25,71,20,28,5,11,9,2,0,37,7,19,35,0,14,14,2623,s:40~l:54~t:2623,Missouri State,Lady Bears,5e0009,ffffff,70,14,24,14,7,16
401825939,2026,12/7/2025,38,s:40~l:54~t:38,Colorado,Buffaloes,COLO,cfb87c,000000,home,58,TRUE,8,4,23,36,22,61,NA,12,71,10,14,19,14,10,0,0,25,4,16,37,0,8,8,2751,s:40~l:54~t:2751,Wyoming,Cowgirls,492f24,ffc425,46,15,34,10,5,75
401825095,2026,12/7/2025,5,s:40~l:54~t:5,UAB,Blazers,UAB,1a5632,fdb913,away,73,FALSE,15,0,25,44,25,57,NA,16,76,13,17,8,10,3,0,0,31,10,32,35,0,13,13,2572,s:40~l:54~t:2572,Southern Miss,Lady Eagles,ffc72c,231f20,81,5,24,11,18,52
401825095,2026,12/7/2025,2572,s:40~l:54~t:2572,Southern Miss,Lady Eagles,USM,ffc72c,231f20,home,81,TRUE,14,1,23,50,29,58,NA,13,61,11,18,8,9,9,0,0,44,12,27,32,0,12,12,5,s:40~l:54~t:5,UAB,Blazers,1a5632,fdb913,73,10,24,13,18,38
401824713,2026,12/7/2025,2335,s:40~l:54~t:2335,Liberty,Flames,LIB,0a254e,b72025,away,74,TRUE,16,1,27,50,28,56,NA,16,75,12,16,2,8,7,2,0,40,6,15,35,0,15,15,2244,s:40~l:54~t:2244,George Mason,Patriots,016600,ecb010,73,7,38,16,14,15
401824713,2026,12/7/2025,2244,s:40~l:54~t:2244,George Mason,Patriots,GMU,016600,ecb010,home,73,FALSE,13,1,21,41,26,64,NA,11,69,9,13,12,14,10,2,0,41,12,29,35,0,11,11,2335,s:40~l:54~t:2335,Liberty,Flames,0a254e,b72025,74,11,20,14,14,76
401824414,2026,12/7/2025,2296,s:40~l:54~t:2296,Jackson State,Lady Tigers,JKST,123297,b5b7ba,away,46,FALSE,7,0,22,23,17,74,NA,17,71,5,7,0,20,6,1,0,29,7,24,42,0,11,11,8,s:40~l:54~t:8,Arkansas,Razorbacks,a32136,ffffff,77,0,16,6,0,0
401824414,2026,12/7/2025,8,s:40~l:54~t:8,Arkansas,Razorbacks,ARK,a32136,ffffff,home,77,TRUE,21,3,36,49,29,59,NA,11,60,9,15,32,8,6,0,0,42,10,24,44,0,9,9,2296,s:40~l:54~t:2296,Jackson State,Lady Tigers,123297,b5b7ba,46,16,32,14,0,99
401824227,2026,12/7/2025,71,s:40~l:54~t:71,Bradley,Braves,BRAD,b70002,c0c0c0,home,85,TRUE,20,4,31,37,30,81,NA,10,88,15,17,33,21,10,0,0,32,10,31,52,0,11,11,2130,s:40~l:54~t:2130,Chicago State,Cougars,006700,NA,57,21,40,17,3,92
401823064,2026,12/7/2025,314,s:40~l:54~t:314,Iona,Gaels,IONA,6f2c3e,f0ab00,away,67,TRUE,8,4,22,39,22,56,NA,19,82,18,22,8,14,5,0,0,36,5,14,36,0,12,12,2426,s:40~l:54~t:2426,Navy,Midshipmen,00225b,b5a67c,61,2,32,17,1,85
401823064,2026,12/7/2025,2426,s:40~l:54~t:2426,Navy,Midshipmen,NAVY,00225b,b5a67c,home,61,FALSE,12,5,21,40,23,58,NA,23,67,12,18,2,15,4,0,0,17,3,18,36,0,13,13,314,s:40~l:54~t:314,Iona,Gaels,6f2c3e,f0ab00,67,2,34,8,1,3
401822214,2026,12/7/2025,2582,s:40~l:54~t:2582,Southern,Jaguars,SOU,004B97,ffc82d,away,70,TRUE,13,4,22,45,25,56,NA,22,78,14,18,16,9,8,2,1,46,6,13,31,1,10,10,248,s:40~l:54~t:248,Houston,Cougars,c8102e,ffffff,62,8,30,20,0,94
401819632,2026,12/7/2025,183,s:40~l:54~t:183,Syracuse,Orange,SYR,000e54,ff431b,away,78,TRUE,21,9,23,45,29,64,NA,21,75,9,12,19,16,9,0,0,39,11,28,39,0,15,15,2567,s:40~l:54~t:2567,SMU,Mustangs,a80000,0033a1,69,16,28,16,0,96
401831311,2026,12/7/2025,2182,s:40~l:54~t:2182,Drexel,Dragons,DREX,020260,ffd65a,away,59,TRUE,19,0,21,40,24,60,NA,9,100,6,6,12,14,6,2,0,25,5,20,35,0,19,19,218,s:40~l:54~t:218,Temple,Owls,a41e35,ffffff,52,8,28,9,7,28
401827764,2026,12/7/2025,2379,s:40~l:54~t:2379,Maryland Eastern Shore,Hawks,UMES,5c2301,b5b7ba,away,37,FALSE,4,3,28,18,10,56,NA,24,78,14,18,0,9,10,2,0,21,3,14,37,0,28,28,201,s:40~l:54~t:201,Oklahoma,Sooners,990000,ffffff,90,0,8,0,0,0
401827764,2026,12/7/2025,201,s:40~l:54~t:201,Oklahoma,Sooners,OU,990000,ffffff,home,90,TRUE,22,7,35,45,29,65,NA,17,71,24,34,56,12,17,0,0,30,8,27,47,0,14,14,2379,s:40~l:54~t:2379,Maryland Eastern Shore,Hawks,5c2301,b5b7ba,37,26,38,31,0,99
401819930,2026,12/7/2025,66,s:40~l:54~t:66,Iowa State,Cyclones,ISU,ae192d,ffc72a,home,105,TRUE,30,4,26,62,37,60,NA,14,73,19,26,53,10,9,0,0,57,12,21,36,0,8,8,2459,s:40~l:54~t:2459,Northern Illinois,Huskies,c8102e,000000,52,8,44,28,0,98
401819631,2026,12/7/2025,87,s:40~l:54~t:87,Notre Dame,Fighting Irish,ND,062340,c99700,away,93,TRUE,19,4,33,58,38,66,NA,17,90,9,10,39,8,9,0,0,42,8,19,41,0,13,13,52,s:40~l:54~t:52,Florida State,Seminoles,782f40,ceb888,58,22,48,20,0,99
401819631,2026,12/7/2025,52,s:40~l:54~t:52,Florida State,Seminoles,FSU,782f40,ceb888,home,58,FALSE,10,2,21,32,21,66,NA,12,72,13,18,0,11,6,0,0,20,3,15,32,0,15,15,87,s:40~l:54~t:87,Notre Dame,Fighting Irish,062340,c99700,93,4,28,12,0,0
401825224,2026,12/7/2025,194,s:40~l:54~t:194,Ohio State,Buckeyes,OSU,ba0c2f,a8adb4,away,79,TRUE,16,6,24,41,28,68,NA,15,86,19,22,18,13,11,0,0,22,4,18,37,0,13,13,77,s:40~l:54~t:77,Northwestern,Wildcats,492f92,ffffff,70,13,40,23,3,54
401826633,2026,12/7/2025,231,s:40~l:54~t:231,Furman,Paladins,FUR,582c83,ffffff,away,56,FALSE,8,5,21,28,19,67,NA,21,88,14,16,0,16,12,1,0,20,4,20,37,0,16,16,290,s:40~l:54~t:290,Georgia Southern,Eagles,041e42,a3aaae,72,6,22,15,0,0
401826611,2026,12/7/2025,47,s:40~l:54~t:47,Howard,Bison,HOW,003a63,e51937,away,59,FALSE,14,3,23,41,23,56,NA,18,50,8,16,9,13,10,1,0,38,5,13,36,0,18,18,295,s:40~l:54~t:295,Old Dominion,Monarchs,003768,a1d2f1,63,4,28,16,8,50
401826611,2026,12/7/2025,295,s:40~l:54~t:295,Old Dominion,Monarchs,ODU,003768,a1d2f1,home,63,TRUE,11,4,22,41,22,54,NA,11,71,15,21,8,12,9,2,0,50,4,8,34,0,16,16,47,s:40~l:54~t:47,Howard,Bison,003a63,e51937,59,23,30,20,8,42
401825605,2026,12/7/2025,2507,s:40~l:54~t:2507,Providence,Friars,PROV,000000,a3a19e,away,55,FALSE,15,2,19,39,20,51,NA,18,61,11,18,16,10,11,2,0,25,4,16,29,0,20,20,2599,s:40~l:54~t:2599,St. John's,Red Storm,d10000,101010,62,9,28,19,11,80
401825605,2026,12/7/2025,2599,s:40~l:54~t:2599,St. John's,Red Storm,SJU,d10000,101010,home,62,TRUE,14,6,24,49,23,47,NA,15,65,13,20,7,7,7,1,0,21,3,14,31,0,20,20,2507,s:40~l:54~t:2507,Providence,Friars,000000,a3a19e,55,11,30,12,11,14
401825147,2026,12/7/2025,2717,s:40~l:54~t:2717,Western Carolina,Catamounts,WCU,492F91,bf9e70,home,64,FALSE,11,6,29,32,20,62,NA,23,69,20,29,4,23,6,1,0,29,4,14,52,0,23,23,2511,s:40~l:54~t:2511,Queens University,Royals,192C66,857040,71,10,28,12,20,47
401825129,2026,12/7/2025,288,s:40~l:54~t:288,Lipscomb,Bisons,LIP,20366C,f6b734,home,63,TRUE,8,11,29,36,21,58,NA,16,62,16,26,8,18,10,4,0,22,5,23,47,0,23,23,2634,s:40~l:54~t:2634,Tennessee State,Lady Tigers,171796,f0f0f0,55,9,32,19,12,39
401825090,2026,12/7/2025,202,s:40~l:54~t:202,Tulsa,Golden Hurricane,TLSA,003595,d0b787,away,60,FALSE,10,4,21,31,19,61,NA,13,94,15,16,0,13,11,2,0,30,7,23,34,0,12,12,156,s:40~l:54~t:156,Creighton,Bluejays,005ca9,6cadde,73,7,24,20,0,0
401825090,2026,12/7/2025,156,s:40~l:54~t:156,Creighton,Bluejays,CREI,005ca9,6cadde,home,73,TRUE,17,4,30,46,25,54,NA,17,100,12,12,20,6,4,4,0,44,11,25,36,0,18,18,202,s:40~l:54~t:202,Tulsa,Golden Hurricane,003595,d0b787,60,6,26,12,0,98
401825061,2026,12/7/2025,2393,s:40~l:54~t:2393,Middle Tennessee,Blue Raiders,MTSU,036eb7,ffffff,home,60,TRUE,5,1,31,40,18,45,NA,18,76,22,29,14,9,6,6,0,13,2,15,40,0,27,27,235,s:40~l:54~t:235,Memphis,Tigers,004991,8e908f,51,5,32,21,0,99
401825000,2026,12/7/2025,2350,s:40~l:54~t:2350,Loyola Chicago,Ramblers,LUC,9d1244,NA,home,45,FALSE,11,2,22,34,19,56,NA,17,75,3,4,3,10,9,0,0,27,4,15,32,0,14,14,2711,s:40~l:54~t:2711,Western Michigan,Broncos,532e1f,f1c500,58,5,28,9,4,14
401824170,2026,12/7/2025,2210,s:40~l:54~t:2210,Elon,Phoenix,ELON,020303,b59a57,away,53,FALSE,11,0,23,35,21,60,NA,22,55,6,11,2,10,10,2,0,19,5,26,33,0,25,25,151,s:40~l:54~t:151,East Carolina,Pirates,582c83,ffc72c,64,2,24,18,6,14
401824170,2026,12/7/2025,151,s:40~l:54~t:151,East Carolina,Pirates,ECU,582c83,ffc72c,home,64,TRUE,16,3,33,43,21,49,NA,18,68,19,28,19,9,15,1,0,16,3,19,42,0,29,29,2210,s:40~l:54~t:2210,Elon,Phoenix,020303,b59a57,53,28,32,15,6,79
401823688,2026,12/7/2025,46,s:40~l:54~t:46,Georgetown,Hoyas,GTWN,110E42,001c58,away,58,TRUE,17,0,23,35,22,62,NA,20,100,7,7,9,15,7,1,0,26,7,27,38,0,17,17,154,s:40~l:54~t:154,Wake Forest,Demon Deacons,ceb888,2c2a29,56,8,18,15,4,35
401823688,2026,12/7/2025,154,s:40~l:54~t:154,Wake Forest,Demon Deacons,WAKE,ceb888,2c2a29,home,56,FALSE,15,2,23,43,21,49,NA,10,60,9,15,10,5,9,1,0,38,5,13,28,0,18,18,46,s:40~l:54~t:46,Georgetown,Hoyas,110E42,001c58,58,2,32,15,4,64
401823158,2026,12/7/2025,159,s:40~l:54~t:159,Dartmouth,Big Green,DART,005730,000000,home,53,TRUE,17,2,26,38,21,56,NA,6,60,3,5,13,10,9,0,0,35,8,23,36,0,9,9,2083,s:40~l:54~t:2083,Bucknell,Bison,000060,00316e,45,11,20,16,4,43
401823111,2026,12/7/2025,107,s:40~l:54~t:107,Holy Cross,Crusaders,HC,582c83,ffffff,away,53,TRUE,9,2,39,30,16,53,NA,13,90,19,21,12,10,6,1,0,17,2,12,49,0,14,14,2803,s:40~l:54~t:2803,Bryant,Bulldogs,000000,9f8343,41,5,18,11,9,29
401822239,2026,12/7/2025,2752,s:40~l:54~t:2752,Xavier,Musketeers,XAV,21304e,a5a7a8,away,77,TRUE,19,3,22,46,28,61,NA,21,88,14,16,11,10,5,1,0,30,7,23,32,0,7,7,2132,s:40~l:54~t:2132,Cincinnati,Bearcats,000000,e00122,70,15,36,21,4,84
401822239,2026,12/7/2025,2132,s:40~l:54~t:2132,Cincinnati,Bearcats,CIN,000000,e00122,home,70,FALSE,13,2,23,39,23,59,NA,17,74,17,23,4,14,1,0,1,29,7,24,37,1,12,12,2752,s:40~l:54~t:2752,Xavier,Musketeers,21304e,a5a7a8,77,14,18,3,4,9
401822142,2026,12/7/2025,2670,s:40~l:54~t:2670,VCU,Rams,VCU,ffaf00,000000,away,63,FALSE,12,0,23,42,22,53,NA,20,58,11,19,0,8,9,1,0,50,8,16,31,0,16,16,256,s:40~l:54~t:256,James Madison,Dukes,450084,cbb677,81,10,26,11,0,0
401822142,2026,12/7/2025,256,s:40~l:54~t:256,James Madison,Dukes,JMU,450084,cbb677,home,81,TRUE,19,6,28,55,31,56,NA,16,61,14,23,19,7,10,0,0,29,5,17,35,0,11,11,2670,s:40~l:54~t:2670,VCU,Rams,ffaf00,000000,63,26,48,15,0,94
401819772,2026,12/7/2025,2390,s:40~l:54~t:2390,Miami,Hurricanes,MIA,f47423,035131,home,99,TRUE,25,2,39,52,36,69,NA,21,68,13,19,58,19,3,1,0,56,14,25,58,0,14,14,2247,s:40~l:54~t:2247,Georgia State,Panthers,0039a6,ffffff,46,11,36,11,2,97
401819761,2026,12/7/2025,2217,s:40~l:54~t:2217,Fairfield,Stags,FAIR,000000,ebebeb,away,93,TRUE,25,5,24,66,35,53,NA,18,67,4,6,28,1,9,0,0,63,19,30,25,0,13,13,257,s:40~l:54~t:257,Richmond,Spiders,9e0712,b90b2e,73,8,32,26,0,99
401819761,2026,12/7/2025,257,s:40~l:54~t:257,Richmond,Spiders,RICH,9e0712,b90b2e,home,73,FALSE,16,3,18,46,25,54,NA,6,82,14,17,0,7,5,1,0,31,9,29,25,0,13,13,2217,s:40~l:54~t:2217,Fairfield,Stags,000000,ebebeb,93,0,28,11,0,0
401819630,2026,12/7/2025,259,s:40~l:54~t:259,Virginia Tech,Hokies,VT,6a2c3e,cf4520,home,54,FALSE,9,7,23,27,17,64,NA,21,88,15,17,1,11,12,0,0,31,5,16,34,0,17,17,150,s:40~l:54~t:150,Duke,Blue Devils,00539b,ffffff,70,13,24,22,2,1
401819583,2026,12/7/2025,228,s:40~l:54~t:228,Clemson,Tigers,CLEM,f56600,ffffff,home,78,TRUE,13,4,25,54,25,46,NA,12,91,21,23,20,2,10,0,0,41,7,17,27,0,11,11,2026,s:40~l:54~t:2026,App State,Mountaineers,000000,ffcd00,59,12,36,15,5,67
401818521,2026,12/7/2025,57,s:40~l:54~t:57,Florida,Gators,FLA,0021a5,fa4616,home,75,TRUE,9,7,32,47,28,60,NA,14,68,15,22,18,11,15,1,0,22,4,18,43,0,16,16,6,s:40~l:54~t:6,South Alabama,Jaguars,00205b,bf0d3e,61,5,44,26,2,60
401817698,2026,12/7/2025,2870,s:40~l:54~t:2870,Purdue Fort Wayne,Mastodons,PFW,cfb991,000000,home,68,TRUE,9,7,32,45,23,51,NA,12,82,18,22,20,4,10,1,0,18,4,22,36,0,16,16,2750,s:40~l:54~t:2750,Wright State,Raiders,cba052,cba052,52,8,36,18,4,86
401817579,2026,12/7/2025,152,s:40~l:54~t:152,NC State,Wolfpack,NCSU,cc0000,ffffff,home,61,TRUE,12,2,36,36,23,64,NA,14,69,9,13,8,15,4,0,0,24,6,25,51,0,14,14,2550,s:40~l:54~t:2550,Seton Hall,Pirates,0857B1,8a8d8f,53,12,34,5,3,32
401817282,2026,12/7/2025,236,s:40~l:54~t:236,Chattanooga,Mocs,UTC,00386b,dca71d,home,78,TRUE,17,0,20,50,28,56,NA,20,73,11,15,7,8,9,1,0,44,11,25,28,0,18,18,91,s:40~l:54~t:91,Bellarmine,Knights,000000,NA,73,14,30,22,8,22
401813913,2026,12/7/2025,2329,s:40~l:54~t:2329,Lehigh,Mountain Hawks,LEH,6c2b2a,b69e70,away,64,FALSE,11,0,27,35,18,52,NA,13,73,19,26,3,8,6,3,0,36,9,25,35,0,20,20,116,s:40~l:54~t:116,Mount St. Mary's,Mountaineers,005596,ebebeb,75,7,18,12,6,10
401813897,2026,12/7/2025,2368,s:40~l:54~t:2368,Marist,Red Foxes,MRST,e53730,f0f0f0,away,79,TRUE,12,0,28,39,28,72,NA,14,74,14,19,9,22,7,1,0,41,9,22,50,0,18,18,322,s:40~l:54~t:322,Lafayette,Leopards,790000,a59474,76,6,24,12,9,66
401813897,2026,12/7/2025,322,s:40~l:54~t:322,Lafayette,Leopards,LAF,790000,a59474,home,76,FALSE,19,3,23,46,28,61,NA,16,62,8,13,6,7,9,0,0,43,12,28,30,0,14,14,2368,s:40~l:54~t:2368,Marist,Red Foxes,e53730,f0f0f0,79,2,20,15,9,14
401807969,2026,12/7/2025,2466,s:40~l:54~t:2466,Northwestern State,Lady Demons,NWST,492F91,ed6118,away,69,TRUE,9,1,25,42,28,66,NA,10,60,9,15,22,22,6,0,0,18,4,22,47,0,13,13,2545,s:40~l:54~t:2545,SE Louisiana,Lady Lions,215732,ffc72c,52,10,38,24,1,73
401807969,2026,12/7/2025,2545,s:40~l:54~t:2545,SE Louisiana,Lady Lions,SELA,215732,ffc72c,home,52,FALSE,7,1,21,41,21,51,NA,17,100,4,4,8,5,6,0,0,43,6,14,26,0,17,17,2466,s:40~l:54~t:2466,Northwestern State,Lady Demons,492F91,ed6118,69,2,16,7,1,24
401825604,2026,12/7/2025,305,s:40~l:54~t:305,DePaul,Blue Demons,DEP,2d649c,ce1125,away,35,FALSE,10,1,16,27,13,48,NA,22,75,3,4,0,10,7,3,0,29,6,21,26,0,32,32,41,s:40~l:54~t:41,UConn,Huskies,0c2340,a2aaad,102,3,10,0,0,0
401825604,2026,12/7/2025,41,s:40~l:54~t:41,UConn,Huskies,CONN,0c2340,a2aaad,home,102,TRUE,30,2,26,63,40,63,NA,7,58,14,24,67,13,23,1,0,67,8,12,39,0,11,11,305,s:40~l:54~t:305,DePaul,Blue Demons,2d649c,ce1125,35,16,60,52,0,99
401832533,2026,12/7/2025,2115,s:40~l:54~t:2115,Central Connecticut,Blue Devils,CCSU,1B49A2,d1d5d8,home,48,FALSE,12,1,19,38,18,47,NA,13,75,9,12,0,5,8,2,0,25,3,12,24,0,17,17,261,s:40~l:54~t:261,Vermont,Catamounts,154734,ffc72c,85,0,30,7,0,0
401829307,2026,12/7/2025,2116,s:40~l:54~t:2116,UCF,Knights,UCF,000000,b4a169,home,74,TRUE,12,1,21,48,27,56,NA,13,70,19,27,35,12,7,0,0,8,1,13,33,0,14,14,2169,s:40~l:54~t:2169,Delaware State,Hornets,009cdb,d51c28,46,15,50,26,3,79
401828749,2026,12/7/2025,98,s:40~l:54~t:98,Western Kentucky,Lady Toppers,WKU,e13a3e,ffffff,away,53,FALSE,13,5,19,39,20,51,NA,14,64,7,11,0,6,5,2,0,27,6,22,25,0,18,18,193,s:40~l:54~t:193,Miami (OH),RedHawks,c41230,ffffff,80,3,20,15,0,0
401825603,2026,12/7/2025,269,s:40~l:54~t:269,Marquette,Golden Eagles,MARQ,003366,ffcc00,home,80,TRUE,26,3,27,56,32,57,NA,7,75,3,4,28,7,11,1,1,62,13,21,34,1,15,15,2086,s:40~l:54~t:2086,Butler,Bulldogs,0d1361,00a3e0,55,14,34,16,6,90
401822844,2026,12/7/2025,311,s:40~l:54~t:311,Maine,Black Bears,ME,127dbe,NA,home,56,FALSE,15,1,15,40,21,53,NA,15,90,9,10,1,12,5,0,0,45,5,11,27,0,14,14,227,s:40~l:54~t:227,Rhode Island,Rams,091f3f,5ab3e8,69,0,24,19,2,3
401820139,2026,12/7/2025,112358,s:40~l:54~t:112358,Long Island University,Sharks,LIU,50c9f7,ffbf00,away,72,FALSE,11,1,19,43,24,56,NA,24,70,14,20,13,9,3,1,0,40,10,25,28,0,15,15,2168,s:40~l:54~t:2168,Dayton,Flyers,004B8D,ffffff,81,4,20,17,3,70
401820139,2026,12/7/2025,2168,s:40~l:54~t:2168,Dayton,Flyers,DAY,004B8D,ffffff,home,81,TRUE,14,3,28,48,25,52,NA,20,69,22,32,11,12,5,1,1,41,9,22,40,1,15,15,112358,s:40~l:54~t:112358,Long Island University,Sharks,50c9f7,ffbf00,72,12,28,16,3,18
401817700,2026,12/7/2025,94,s:40~l:54~t:94,Northern Kentucky,Norse,NKU,ffc82e,000000,home,58,FALSE,7,4,26,30,18,60,NA,20,90,18,20,3,16,12,0,0,21,4,19,42,0,16,16,2523,s:40~l:54~t:2523,Robert Morris,Colonials,00214D,a21d2b,60,5,22,11,6,11
401813830,2026,12/7/2025,2363,s:40~l:54~t:2363,Manhattan,Jaspers,MAN,4f8537,b5b7ba,away,54,FALSE,12,3,18,40,23,57,NA,20,60,6,10,1,10,9,0,0,15,2,13,28,0,16,16,2885,s:40~l:54~t:2885,NJIT,Highlanders,EE3024,df3e2e,71,9,28,20,4,2
401813201,2026,12/7/2025,189,s:40~l:54~t:189,Bowling Green,Falcons,BGSU,fd5000,4f2c1d,home,118,TRUE,24,9,41,51,42,83,NA,17,83,24,29,83,20,17,0,0,29,10,34,61,0,10,10,5793,s:40~l:54~t:5793,Defiance,Yellow Jackets,NA,NA,35,32,64,39,0,99
401817699,2026,12/7/2025,2754,s:40~l:54~t:2754,Youngstown State,Penguins,YSU,E51937,690717,away,47,FALSE,9,4,28,35,19,55,NA,15,100,2,2,7,8,5,0,0,32,7,22,36,0,17,17,2739,s:40~l:54~t:2739,Green Bay,Phoenix,006633,ffffff,56,0,16,6,4,37
401811130,2026,12/7/2025,2579,s:40~l:54~t:2579,South Carolina,Gamecocks,SC,73000a,000000,home,106,TRUE,19,10,23,51,34,67,NA,10,79,27,34,64,22,16,1,0,52,11,21,45,0,17,17,2428,s:40~l:54~t:2428,North Carolina Central,Eagles,880023,c2c3c0,42,38,42,42,4,93
401825225,2026,12/7/2025,2509,s:40~l:54~t:2509,Purdue,Boilermakers,PUR,ceb888,000000,away,56,FALSE,8,0,19,33,20,61,NA,32,73,8,11,1,11,4,0,0,33,8,24,30,0,23,23,130,s:40~l:54~t:130,Michigan,Wolverines,00274c,ffcb05,104,2,18,2,2,1
401825225,2026,12/7/2025,130,s:40~l:54~t:130,Michigan,Wolverines,MICH,00274c,ffcb05,home,104,TRUE,16,9,28,59,33,56,NA,17,73,33,45,51,7,15,0,0,33,5,15,35,0,7,7,2509,s:40~l:54~t:2509,Purdue,Boilermakers,ceb888,000000,56,13,50,25,2,98
401807521,2026,12/7/2025,104,s:40~l:54~t:104,Boston University,Terriers,BU,cc0000,ffffff,away,40,FALSE,9,2,21,29,13,45,NA,13,82,9,11,1,4,1,0,0,25,5,20,25,0,22,22,153,s:40~l:54~t:153,North Carolina,Tar Heels,7bafd4,13294b,82,0,14,0,2,2
401807521,2026,12/7/2025,153,s:40~l:54~t:153,North Carolina,Tar Heels,UNC,7bafd4,13294b,home,82,TRUE,16,6,27,44,32,72,NA,9,78,7,9,44,18,12,1,0,44,11,25,45,0,9,9,104,s:40~l:54~t:104,Boston University,Terriers,cc0000,ffffff,40,22,38,24,2,97
401818584,2026,12/7/2025,2117,s:40~l:54~t:2117,Central Michigan,Chippewas,CMU,4c0027,fbab18,away,55,FALSE,8,1,22,40,21,53,NA,13,71,12,17,0,9,2,0,0,17,1,6,31,0,15,15,96,s:40~l:54~t:96,Kentucky,Wildcats,0033a0,ffffff,82,2,26,5,0,0
401817569,2026,12/7/2025,97,s:40~l:54~t:97,Louisville,Cardinals,LOU,c9001f,ffffff,home,94,TRUE,20,3,33,49,35,71,NA,14,67,14,21,57,15,12,0,0,40,10,25,48,0,8,8,160,s:40~l:54~t:160,New Hampshire,Wildcats,004990,c3c4c6,43,8,44,40,0,99
401831310,2026,12/7/2025,219,s:40~l:54~t:219,Pennsylvania,Quakers,PENN,082A74,a6163d,away,65,TRUE,18,3,28,41,24,59,NA,13,90,9,10,21,12,6,4,0,31,8,26,40,0,21,21,2325,s:40~l:54~t:2325,La Salle,Explorers,003356,ffce00,52,5,22,13,2,83
401831310,2026,12/7/2025,2325,s:40~l:54~t:2325,La Salle,Explorers,LAS,003356,ffce00,home,52,FALSE,13,3,23,37,21,57,NA,12,80,4,5,3,9,12,2,0,35,6,17,32,0,20,20,219,s:40~l:54~t:219,Pennsylvania,Quakers,082A74,a6163d,65,15,26,23,2,5
401819633,2026,12/7/2025,258,s:40~l:54~t:258,Virginia,Cavaliers,UVA,f84c1e,232d4b,away,81,TRUE,18,9,29,54,33,61,NA,18,86,6,7,30,14,8,0,0,32,9,28,43,0,16,16,103,s:40~l:54~t:103,Boston College,Eagles,8c2232,dbcca6,55,13,42,13,2,91
401825780,2026,12/6/2025,2900,s:40~l:54~t:2900,St. Thomas-Minnesota,Tommies,STMN,000000,NA,away,81,TRUE,21,5,32,52,33,63,NA,8,58,7,12,16,14,4,0,0,38,8,21,46,0,12,12,149,s:40~l:54~t:149,Montana,Lady Griz,751D4A,666666,65,4,50,9,6,70
401825780,2026,12/6/2025,149,s:40~l:54~t:149,Montana,Lady Griz,MONT,751D4A,666666,home,65,FALSE,8,2,19,42,26,62,NA,13,67,8,12,6,6,8,0,0,28,5,18,25,0,6,6,2900,s:40~l:54~t:2900,St. Thomas-Minnesota,Tommies,000000,NA,81,3,42,9,6,19
401807991,2026,12/6/2025,2617,s:40~l:54~t:2617,Stephen F. Austin,Ladyjacks,SFA,393996,bec0c2,home,74,TRUE,18,5,29,38,24,63,NA,14,94,15,16,8,13,7,0,0,33,11,33,42,0,17,17,326,s:40~l:54~t:326,Texas State,Bobcats,501214,6a5638,66,17,24,8,5,21
401826082,2026,12/6/2025,252,s:40~l:54~t:252,BYU,Cougars,BYU,0047ba,002e5d,away,87,TRUE,18,1,28,42,30,71,NA,20,71,17,24,37,19,15,0,0,34,10,29,47,0,15,15,2501,s:40~l:54~t:2501,Portland,Pilots,330072,a8b3ba,53,16,40,30,2,83
401826082,2026,12/6/2025,2501,s:40~l:54~t:2501,Portland,Pilots,PORT,330072,a8b3ba,home,53,FALSE,12,7,23,33,17,52,NA,18,76,16,21,4,9,9,1,0,17,3,18,32,0,24,24,252,s:40~l:54~t:252,BYU,Cougars,0047ba,002e5d,87,3,26,11,2,8
401825957,2026,12/6/2025,155,s:40~l:54~t:155,North Dakota,Fighting Hawks,UND,00A26B,c2c3c0,away,57,FALSE,7,3,24,43,20,46,NA,13,68,13,19,0,5,9,3,0,25,4,16,29,0,25,25,147,s:40~l:54~t:147,Montana State,Bobcats,00205c,bc955c,99,4,28,5,0,0
401825932,2026,12/6/2025,2492,s:40~l:54~t:2492,Pepperdine,Waves,PEPP,003A72,dc762f,away,65,TRUE,17,4,37,47,26,55,NA,9,83,5,6,22,12,3,1,0,30,8,27,49,0,25,25,278,s:40~l:54~t:278,Fresno State,Bulldogs,b1102b,13284c,45,4,36,4,4,95
401825114,2026,12/6/2025,2110,s:40~l:54~t:2110,Central Arkansas,Sugar Bears,CARK,a7a9ac,8e959a,away,48,FALSE,9,2,30,32,19,60,NA,22,75,6,8,14,11,4,0,0,31,4,13,41,0,16,16,2031,s:40~l:54~t:2031,Little Rock,Trojans,AD0000,898d8f,57,8,28,11,1,74
401812810,2026,12/6/2025,13,s:40~l:54~t:13,Cal Poly,Mustangs,CP,1E4D2B,eed897,away,46,FALSE,11,1,25,29,14,49,NA,13,73,11,15,8,12,2,3,0,35,7,20,37,0,24,24,27,s:40~l:54~t:27,UC Riverside,Highlanders,14234F,NA,63,0,12,10,4,31
401812810,2026,12/6/2025,27,s:40~l:54~t:27,UC Riverside,Highlanders,UCR,14234F,NA,home,63,TRUE,12,0,23,44,24,55,NA,18,70,7,10,26,8,9,1,0,29,8,28,31,0,14,14,13,s:40~l:54~t:13,Cal Poly,Mustangs,1E4D2B,eed897,46,12,24,22,4,64
401825220,2026,12/6/2025,2294,s:40~l:54~t:2294,Iowa,Hawkeyes,IOWA,231f20,fcd116,away,79,TRUE,26,7,34,49,32,65,NA,12,50,9,18,48,15,9,0,0,46,6,13,49,0,10,10,164,s:40~l:54~t:164,Rutgers,Scarlet Knights,ce0e2d,ffffff,36,22,44,17,0,99
401825220,2026,12/6/2025,164,s:40~l:54~t:164,Rutgers,Scarlet Knights,RUTG,ce0e2d,ffffff,home,36,FALSE,6,6,20,22,14,64,NA,17,54,7,13,0,17,7,2,0,8,1,12,37,0,15,15,2294,s:40~l:54~t:2294,Iowa,Hawkeyes,231f20,fcd116,79,12,18,10,0,0
401812808,2026,12/6/2025,2540,s:40~l:54~t:2540,UC Santa Barbara,Gauchos,UCSB,1e1840,febc11,away,67,TRUE,15,3,30,47,23,49,NA,15,74,14,19,30,5,5,1,0,44,7,16,35,0,16,16,2934,s:40~l:54~t:2934,Cal State Bakersfield,Roadrunners,003BAB,NA,47,7,32,14,1,97
401812808,2026,12/6/2025,2934,s:40~l:54~t:2934,Cal State Bakersfield,Roadrunners,CSUB,003BAB,NA,home,47,FALSE,3,0,22,31,18,59,NA,18,56,9,16,2,14,11,2,0,10,2,20,36,0,18,18,2540,s:40~l:54~t:2540,UC Santa Barbara,Gauchos,1e1840,febc11,67,7,24,15,1,1
401812807,2026,12/6/2025,300,s:40~l:54~t:300,UC Irvine,Anteaters,UCI,002B5C,fec52e,away,72,TRUE,9,0,30,36,23,64,NA,12,69,20,29,30,18,12,2,0,26,6,23,48,0,11,11,2463,s:40~l:54~t:2463,Cal State Northridge,Matadors,b50000,NA,46,7,28,22,1,88
401812807,2026,12/6/2025,2463,s:40~l:54~t:2463,Cal State Northridge,Matadors,CSUN,b50000,NA,home,46,FALSE,10,4,25,33,18,54,NA,23,56,5,9,5,9,5,0,0,19,5,27,34,0,20,20,300,s:40~l:54~t:300,UC Irvine,Anteaters,002B5C,fec52e,72,4,18,6,1,11
401822821,2026,12/6/2025,2539,s:40~l:54~t:2539,San Francisco,Dons,SF,005a36,ffffff,away,44,FALSE,11,1,19,33,16,48,NA,19,89,8,9,5,8,10,0,0,18,4,22,27,0,31,31,9,s:40~l:54~t:9,Arizona State,Sun Devils,ffc627,8c1d40,67,6,22,17,3,13
401822821,2026,12/6/2025,9,s:40~l:54~t:9,Arizona State,Sun Devils,ASU,ffc627,8c1d40,home,67,TRUE,17,1,25,52,27,52,NA,15,57,8,14,27,8,18,2,0,38,5,13,33,0,24,24,2539,s:40~l:54~t:2539,San Francisco,Dons,005a36,ffffff,44,10,32,26,3,66
401825841,2026,12/6/2025,2571,s:40~l:54~t:2571,South Dakota State,Jackrabbits,SDST,0033a0,ffd100,away,88,TRUE,18,1,33,54,33,61,NA,13,70,14,20,NA,8,4,0,0,42,8,19,41,0,9,9,2464,s:40~l:54~t:2464,Northern Arizona,Lumberjacks,003976,1b3069,72,8,44,9,0,0
401825841,2026,12/6/2025,2464,s:40~l:54~t:2464,Northern Arizona,Lumberjacks,NAU,003976,1b3069,home,72,FALSE,15,1,24,39,22,57,NA,15,76,16,21,NA,2,4,0,0,44,12,27,26,0,6,6,2571,s:40~l:54~t:2571,South Dakota State,Jackrabbits,0033a0,ffd100,88,7,18,5,0,0
401822810,2026,12/6/2025,109604,s:40~l:54~t:109604,Simpson University (CA),Red Hawks,SUCA,NA,NA,away,43,FALSE,6,0,17,26,14,54,NA,18,93,13,14,2,7,4,1,0,27,3,11,24,0,28,28,2541,s:40~l:54~t:2541,Santa Clara,Broncos,690b0b,101010,125,5,18,5,1,1
401817309,2026,12/6/2025,88,s:40~l:54~t:88,Southern Indiana,Screaming Eagles,USI,000000,NA,away,56,TRUE,7,2,27,40,23,58,NA,15,70,7,10,16,17,7,3,0,23,3,13,44,0,16,16,2193,s:40~l:54~t:2193,East Tennessee State,Bucs,002d61,ffc423,41,4,38,17,4,54
401817309,2026,12/6/2025,2193,s:40~l:54~t:2193,East Tennessee State,Bucs,ETSU,002d61,ffc423,home,41,FALSE,9,1,18,26,12,46,NA,14,69,9,13,7,9,7,0,0,28,8,29,27,0,15,15,88,s:40~l:54~t:88,Southern Indiana,Screaming Eagles,000000,NA,56,8,6,19,4,36
401812809,2026,12/6/2025,62,s:40~l:54~t:62,Hawai'i,Rainbow Wahine,HAW,005737,000000,away,80,FALSE,23,14,32,50,28,56,NA,21,83,15,18,7,11,7,0,0,45,9,20,43,0,27,27,2239,s:40~l:54~t:2239,Cal State Fullerton,Titans,003767,ff8300,82,18,36,12,7,27
401812809,2026,12/6/2025,2239,s:40~l:54~t:2239,Cal State Fullerton,Titans,CSUF,003767,ff8300,home,82,TRUE,20,6,19,41,33,80,NA,22,64,14,22,11,19,18,0,0,20,2,10,38,0,12,12,62,s:40~l:54~t:62,Hawai'i,Rainbow Wahine,005737,000000,80,19,56,31,7,57
401812806,2026,12/6/2025,299,s:40~l:54~t:299,Long Beach State,Beach,LBSU,000000,f1f2f3,away,45,FALSE,14,4,21,33,17,52,NA,10,50,2,4,3,10,9,0,0,30,9,30,31,0,28,28,28,s:40~l:54~t:28,UC San Diego,Tritons,000000,ffcd00,75,12,14,10,1,4
401812806,2026,12/6/2025,28,s:40~l:54~t:28,UC San Diego,Tritons,UCSD,000000,ffcd00,home,75,TRUE,22,2,26,49,31,63,NA,8,44,4,9,37,13,18,1,0,31,9,29,39,0,19,19,299,s:40~l:54~t:299,Long Beach State,Beach,000000,f1f2f3,45,16,34,32,1,94
401831296,2026,12/6/2025,2261,s:40~l:54~t:2261,Hampton,Lady Pirates,HAMP,0067AC,NA,away,65,TRUE,12,8,24,37,20,54,NA,19,76,16,21,18,13,7,2,0,41,9,22,37,0,11,11,2206,s:40~l:54~t:2206,Edward Waters,Tigers,000000,NA,47,9,16,26,1,18
401824193,2026,12/6/2025,2400,s:40~l:54~t:2400,Mississippi Valley State,Devilettes,MVSU,005328,cf2d34,away,46,FALSE,6,1,15,29,17,58,NA,25,75,9,12,1,12,8,1,0,27,3,11,27,0,29,29,197,s:40~l:54~t:197,Oklahoma State,Cowgirls,fe5c00,000000,133,4,18,4,2,1
401824193,2026,12/6/2025,197,s:40~l:54~t:197,Oklahoma State,Cowgirls,OKST,fe5c00,000000,home,133,TRUE,29,7,28,67,45,67,NA,15,88,28,32,88,10,19,0,0,48,15,31,38,0,11,11,2400,s:40~l:54~t:2400,Mississippi Valley State,Devilettes,005328,cf2d34,46,34,58,46,2,98
401828541,2026,12/6/2025,79,s:40~l:54~t:79,Southern Illinois,Salukis,SIU,85283D,c2c3c0,home,76,TRUE,14,2,25,34,24,71,NA,24,80,24,30,6,17,10,0,1,31,4,13,42,1,11,11,2546,s:40~l:54~t:2546,Southeast Missouri State,Redhawks,c8102e,000000,71,17,34,22,15,36
401827781,2026,12/6/2025,93,s:40~l:54~t:93,Murray State,Racers,MUR,002148,000e00,away,74,TRUE,11,2,27,47,25,53,NA,9,90,19,21,20,9,4,1,0,25,5,20,36,0,15,15,2046,s:40~l:54~t:2046,Austin Peay,Governors,8e0b0b,NA,56,2,34,15,1,81
401827781,2026,12/6/2025,2046,s:40~l:54~t:2046,Austin Peay,Governors,APSU,8e0b0b,NA,home,56,FALSE,13,0,19,36,22,61,NA,22,58,7,12,4,14,10,1,0,21,5,24,33,0,12,12,93,s:40~l:54~t:93,Murray State,Racers,002148,000e00,74,7,24,13,1,8
401827178,2026,12/6/2025,304,s:40~l:54~t:304,Idaho State,Bengals,IDST,ef8c00,e9a126,away,58,FALSE,6,1,24,46,24,52,NA,14,75,9,12,4,7,8,3,0,8,1,12,31,0,25,25,198,s:40~l:54~t:198,Oral Roberts,Golden Eagles,002462,dac792,68,0,34,17,7,26
401826149,2026,12/6/2025,68,s:40~l:54~t:68,Boise State,Broncos,BOIS,0033a0,d64309,home,82,TRUE,16,1,27,41,25,61,NA,12,74,26,35,13,13,8,2,0,35,6,17,40,0,21,21,2856,s:40~l:54~t:2856,California Baptist,Lancers,000000,NA,80,4,26,19,5,93
401825077,2026,12/6/2025,2439,s:40~l:54~t:2439,UNLV,Lady Rebels,UNLV,cf0a2c,cac8c8,away,50,FALSE,6,4,27,35,20,57,NA,9,58,7,12,3,11,4,3,0,30,3,10,38,0,16,16,242,s:40~l:54~t:242,Rice,Owls,00205b,c1c6c8,75,3,22,4,2,3
401824335,2026,12/6/2025,249,s:40~l:54~t:249,North Texas,Mean Green,UNT,068f33,ffffff,home,81,TRUE,20,2,30,45,37,82,NA,24,33,3,9,31,28,14,0,0,17,4,24,58,0,18,18,2640,s:40~l:54~t:2640,Texas Southern,Tigers,860038,ffffff,52,6,62,19,0,98
401819539,2026,12/6/2025,2032,s:40~l:54~t:2032,Arkansas State,Red Wolves,ARST,cc092f,000000,home,78,TRUE,17,1,20,38,27,71,NA,20,71,12,17,29,21,9,0,0,27,12,45,41,0,15,15,2630,s:40~l:54~t:2630,UT Martin,Skyhawks,FF6700,102a5c,66,7,30,25,1,97
401808084,2026,12/6/2025,140,s:40~l:54~t:140,Kansas City,Roos,KC,004b87,ffc72c,home,79,FALSE,12,7,20,39,27,69,NA,31,70,21,30,6,13,13,1,0,29,4,14,33,0,11,11,2502,s:40~l:54~t:2502,Portland State,Vikings,00311e,ebebeb,85,8,30,17,14,48
401823034,2026,12/6/2025,2638,s:40~l:54~t:2638,UTEP,Miners,UTEP,ff8200,041e42,away,40,FALSE,6,1,25,24,16,66,NA,19,78,7,9,0,14,7,1,0,6,1,17,39,0,22,22,2628,s:40~l:54~t:2628,TCU,Horned Frogs,4d1979,ffffff,95,9,22,12,0,0
401823034,2026,12/6/2025,2628,s:40~l:54~t:2628,TCU,Horned Frogs,TCU,4d1979,ffffff,home,95,TRUE,27,6,37,52,33,64,NA,12,65,15,23,55,9,12,0,0,47,14,30,46,0,15,15,2638,s:40~l:54~t:2638,UTEP,Miners,ff8200,041e42,40,38,36,23,0,99
401825965,2026,12/6/2025,2437,s:40~l:54~t:2437,Omaha,Mavericks,OMA,e3193e,474648,home,60,FALSE,14,1,20,43,23,53,NA,19,100,6,6,3,7,10,2,0,29,8,28,27,0,24,24,2458,s:40~l:54~t:2458,Northern Colorado,Bears,13558D,ffc533,71,4,24,16,2,4
401824981,2026,12/6/2025,2275,s:40~l:54~t:2275,Hofstra,Pride,HOF,003594,ffc72c,home,46,FALSE,8,2,24,33,14,43,NA,18,68,13,19,0,8,6,1,0,23,5,22,32,0,27,27,2230,s:40~l:54~t:2230,Fordham,Rams,830032,909090,69,2,16,16,0,0
401824100,2026,12/6/2025,2520,s:40~l:54~t:2520,Rider,Broncs,RID,a80532,ebebeb,home,52,FALSE,8,5,25,37,19,51,NA,15,59,10,17,2,13,10,3,0,22,4,18,38,0,20,20,43,s:40~l:54~t:43,Yale,Bulldogs,004a81,286dc0,53,6,30,11,9,5
401823197,2026,12/6/2025,2681,s:40~l:54~t:2681,Wagner,Seahawks,WAG,00483A,ffffff,away,42,FALSE,7,2,14,34,16,47,NA,19,62,8,13,0,9,7,1,0,29,2,7,23,0,24,24,171,s:40~l:54~t:171,Columbia,Lions,7ba4db,183863,82,5,28,9,0,0
401822205,2026,12/6/2025,324,s:40~l:54~t:324,Coastal Carolina,Chanticleers,CCU,006f71,a27752,away,51,FALSE,8,4,23,28,18,65,NA,22,58,7,12,0,16,8,1,0,24,8,33,39,0,18,18,294,s:40~l:54~t:294,Jacksonville,Dolphins,00523e,NA,68,3,20,9,0,0
401822205,2026,12/6/2025,294,s:40~l:54~t:294,Jacksonville,Dolphins,JAX,00523e,NA,home,68,TRUE,13,3,25,44,25,57,NA,17,76,16,21,17,7,8,1,0,12,2,17,32,0,13,13,324,s:40~l:54~t:324,Coastal Carolina,Chanticleers,006f71,a27752,51,11,40,18,0,97
401820521,2026,12/6/2025,2454,s:40~l:54~t:2454,North Florida,Ospreys,UNF,004B8D,babcbe,away,76,TRUE,18,5,23,47,29,62,NA,20,88,7,8,21,18,9,2,0,37,11,30,41,0,21,21,2427,s:40~l:54~t:2427,UNC Asheville,Bulldogs,003da5,ffffff,61,15,36,22,5,73
401813227,2026,12/6/2025,2460,s:40~l:54~t:2460,Northern Iowa,Panthers,UNI,473282,ffffff,away,68,TRUE,15,4,24,47,26,55,NA,16,83,10,12,16,7,6,0,0,40,6,15,31,0,11,11,2649,s:40~l:54~t:2649,Toledo,Rockets,0b2240,ffcd00,52,5,38,25,5,68
401813227,2026,12/6/2025,2649,s:40~l:54~t:2649,Toledo,Rockets,TOL,0b2240,ffcd00,home,52,FALSE,11,1,22,37,19,52,NA,16,53,8,15,3,13,5,0,0,30,6,20,35,0,19,19,2460,s:40~l:54~t:2460,Northern Iowa,Panthers,473282,ffffff,68,5,18,8,5,16
401808056,2026,12/6/2025,70,s:40~l:54~t:70,Idaho,Vandals,IDHO,000000,8c6e4a,away,84,TRUE,17,3,39,55,36,66,NA,17,67,2,3,32,11,6,0,0,53,10,19,50,0,16,16,2172,s:40~l:54~t:2172,Denver,Pioneers,98002e,a8996e,54,18,44,7,3,89
401808056,2026,12/6/2025,2172,s:40~l:54~t:2172,Denver,Pioneers,DEN,98002e,a8996e,home,54,FALSE,10,0,20,30,19,63,NA,6,80,8,10,3,7,7,2,0,35,8,23,27,0,12,12,70,s:40~l:54~t:70,Idaho,Vandals,000000,8c6e4a,84,10,14,16,3,9
401808024,2026,12/6/2025,233,s:40~l:54~t:233,South Dakota,Coyotes,SDAK,CD1241,f0f0f0,home,63,FALSE,8,4,36,27,17,63,NA,23,86,24,28,7,11,5,0,0,36,5,14,47,0,13,13,331,s:40~l:54~t:331,Eastern Washington,Eagles,a10022,abb4bc,67,7,24,9,10,45
401807921,2026,12/6/2025,2440,s:40~l:54~t:2440,Nevada,Wolf Pack,NEV,041e42,8a8d8f,away,42,FALSE,10,7,27,34,18,53,NA,10,33,4,12,0,15,4,0,0,13,2,16,42,0,23,23,2377,s:40~l:54~t:2377,McNeese,Cowgirls,00529C,ffd204,63,7,28,6,0,0
401826618,2026,12/6/2025,2309,s:40~l:54~t:2309,Kent State,Golden Flashes,KENT,002664,eaab00,away,62,FALSE,17,6,26,35,27,77,NA,11,43,3,7,2,22,7,1,0,23,5,22,48,0,13,13,276,s:40~l:54~t:276,Marshall,Thundering Herd,00b140,000000,70,8,30,8,8,10
401826618,2026,12/6/2025,276,s:40~l:54~t:276,Marshall,Thundering Herd,MRSH,00b140,000000,home,70,TRUE,13,12,31,39,25,64,NA,13,100,12,12,14,13,10,0,0,28,8,29,44,0,13,13,2309,s:40~l:54~t:2309,Kent State,Golden Flashes,002664,eaab00,62,14,32,17,8,84
401825221,2026,12/6/2025,158,s:40~l:54~t:158,Nebraska,Cornhuskers,NEB,e31937,ffffff,away,101,TRUE,26,2,19,53,36,68,NA,15,81,17,21,23,7,9,1,0,41,12,29,26,0,8,8,213,s:40~l:54~t:213,Penn State,Lady Lions,061440,ffffff,83,23,38,28,10,73
401825019,2026,12/6/2025,179,s:40~l:54~t:179,St. Bonaventure,Bonnies,SBU,70261D,NA,away,66,TRUE,15,2,22,44,28,63,NA,14,63,5,8,9,13,11,2,0,28,5,18,35,0,11,11,2330,s:40~l:54~t:2330,Le Moyne,Dolphins,000000,NA,57,9,28,13,0,97
401824200,2026,12/6/2025,2127,s:40~l:54~t:2127,Charleston Southern,Buccaneers,CHSO,2e3192,ded090,away,42,FALSE,7,0,25,25,14,56,NA,8,86,6,7,1,7,5,1,0,24,8,33,32,0,10,10,2747,s:40~l:54~t:2747,Wofford,Terriers,533B24,f0f0f0,70,3,8,8,2,6
401823721,2026,12/6/2025,2349,s:40~l:54~t:2349,UMass Lowell,River Hawks,UML,000000,cf1f2f,away,60,TRUE,10,1,17,41,19,46,NA,16,79,11,14,18,8,7,0,0,50,11,22,25,0,18,18,2441,s:40~l:54~t:2441,New Haven,Chargers,041e42,ffc425,43,8,16,21,3,73
401823133,2026,12/6/2025,45,s:40~l:54~t:45,George Washington,Revolutionaries,GW,002843,e8d2a1,home,53,TRUE,5,5,24,30,19,63,NA,10,86,12,14,5,19,6,1,0,14,3,21,43,0,8,8,225,s:40~l:54~t:225,Brown,Bears,411e09,949300,48,4,24,9,1,9
401812641,2026,12/6/2025,172,s:40~l:54~t:172,Cornell,Big Red,COR,b31b1b,ffffff,home,47,FALSE,12,2,26,30,16,54,NA,10,73,11,15,0,12,3,1,0,21,4,19,38,0,10,10,2514,s:40~l:54~t:2514,Quinnipiac,Bobcats,041B43,NA,68,9,16,8,0,0
401825832,2026,12/6/2025,113,s:40~l:54~t:113,Massachusetts,Minutewomen,MASS,881c1c,ffffff,away,61,FALSE,17,2,24,43,26,60,NA,12,71,5,7,6,9,8,2,0,27,4,15,33,0,14,14,349,s:40~l:54~t:349,Army,Black Knights,000000,d3bc8d,64,2,32,16,15,53
401825832,2026,12/6/2025,349,s:40~l:54~t:349,Army,Black Knights,ARMY,000000,d3bc8d,home,64,TRUE,16,1,25,42,20,48,NA,12,82,14,17,5,6,8,1,0,37,10,27,31,0,16,16,113,s:40~l:54~t:113,Massachusetts,Minutewomen,881c1c,ffffff,61,6,20,20,15,29
401825219,2026,12/6/2025,84,s:40~l:54~t:84,Indiana,Hoosiers,IU,970310,ffffff,away,57,FALSE,12,1,24,36,19,53,NA,14,100,12,12,2,6,5,2,0,35,7,20,30,0,20,20,356,s:40~l:54~t:356,Illinois,Fighting Illini,ff5f05,13294b,78,11,18,9,1,2
401825219,2026,12/6/2025,356,s:40~l:54~t:356,Illinois,Fighting Illini,ILL,ff5f05,13294b,home,78,TRUE,23,1,28,48,34,71,NA,12,100,6,6,36,11,9,0,0,29,4,14,39,0,11,11,84,s:40~l:54~t:84,Indiana,Hoosiers,970310,ffffff,57,13,58,19,1,97
401818788,2026,12/6/2025,2645,s:40~l:54~t:2645,Thomas (GA),Night Hawks,THMU,000000,NA,away,37,FALSE,4,4,19,26,12,47,NA,13,59,13,22,0,4,14,2,0,0,0,12,23,0,21,21,338,s:40~l:54~t:338,Kennesaw State,Owls,fdbb30,0b1315,81,0,24,14,0,0
401817696,2026,12/6/2025,325,s:40~l:54~t:325,Cleveland State,Vikings,CLE,006633,231f20,away,72,TRUE,7,2,24,52,27,52,NA,21,76,13,17,21,10,9,1,0,28,5,18,34,0,21,21,2473,s:40~l:54~t:2473,Oakland,Golden Grizzlies,04091c,bc955c,55,4,40,24,0,98
401817696,2026,12/6/2025,2473,s:40~l:54~t:2473,Oakland,Golden Grizzlies,OAK,04091c,bc955c,home,55,FALSE,13,3,13,33,16,49,NA,14,71,15,21,0,12,10,1,0,42,8,19,25,0,18,18,325,s:40~l:54~t:325,Cleveland State,Vikings,006633,231f20,72,0,12,9,0,0
401831297,2026,12/6/2025,2940,s:40~l:54~t:2940,Livingstone,Blue Bears,LIV,000000,NA,away,67,FALSE,21,3,29,37,26,70,NA,13,69,11,16,1,19,5,1,0,25,4,16,48,0,22,22,2065,s:40~l:54~t:2065,Bethune-Cookman,Wildcats,7b1831,e9aa12,88,5,24,11,2,1
401807920,2026,12/5/2025,9,s:40~l:54~t:9,Arizona State,Sun Devils,ASU,ffc627,8c1d40,home,57,TRUE,10,6,35,42,19,45,NA,18,77,17,22,18,11,3,0,0,15,2,13,46,0,20,20,2377,s:40~l:54~t:2377,McNeese,Cowgirls,00529C,ffd204,47,7,28,12,1,66
401825824,2026,12/5/2025,2385,s:40~l:54~t:2385,Mercyhurst,Lakers,MERC,000000,NA,away,51,FALSE,11,1,14,41,19,46,NA,24,88,7,8,0,7,2,2,0,30,6,20,21,0,29,29,277,s:40~l:54~t:277,West Virginia,Mountaineers,eaaa00,002855,97,2,22,9,0,0
401825824,2026,12/5/2025,277,s:40~l:54~t:277,West Virginia,Mountaineers,WVU,eaaa00,002855,home,97,TRUE,22,4,19,52,33,63,NA,12,77,23,30,47,16,17,0,0,35,8,23,35,0,11,11,2385,s:40~l:54~t:2385,Mercyhurst,Lakers,000000,NA,51,24,50,39,0,99
401827482,2026,12/5/2025,195,s:40~l:54~t:195,Ohio,Bobcats,OHIO,154734,ffffff,home,72,TRUE,15,0,25,39,24,62,NA,20,48,11,23,11,13,14,1,0,32,13,41,38,0,16,16,82,s:40~l:54~t:82,UIC,Flames,001e62,d50032,70,12,20,15,6,64
401825104,2026,12/5/2025,2379,s:40~l:54~t:2379,Maryland Eastern Shore,Hawks,UMES,5c2301,b5b7ba,away,56,TRUE,13,2,25,47,23,49,NA,19,57,8,14,6,12,5,2,0,17,2,12,37,0,21,21,2724,s:40~l:54~t:2724,Wichita State,Shockers,ffcd00,27251f,52,12,32,14,5,23
401825104,2026,12/5/2025,2724,s:40~l:54~t:2724,Wichita State,Shockers,WICH,ffcd00,27251f,home,52,FALSE,11,3,17,39,20,51,NA,16,56,10,18,7,10,10,1,0,13,2,15,27,0,15,15,2379,s:40~l:54~t:2379,Maryland Eastern Shore,Hawks,5c2301,b5b7ba,56,8,28,17,5,69
401817695,2026,12/5/2025,2754,s:40~l:54~t:2754,Youngstown State,Penguins,YSU,E51937,690717,away,68,TRUE,14,6,30,51,26,51,NA,19,60,12,20,13,5,7,1,0,27,4,15,35,0,10,10,270,s:40~l:54~t:270,Milwaukee,Panthers,000000,ffc20e,56,10,44,16,0,98
401827905,2026,12/5/2025,2115,s:40~l:54~t:2115,Central Connecticut,Blue Devils,CCSU,1B49A2,d1d5d8,away,44,FALSE,11,0,17,35,17,49,NA,16,78,7,9,4,11,9,0,0,25,3,12,28,0,11,11,159,s:40~l:54~t:159,Dartmouth,Big Green,005730,000000,53,0,20,12,9,33
401827905,2026,12/5/2025,159,s:40~l:54~t:159,Dartmouth,Big Green,DART,005730,000000,home,53,TRUE,14,2,21,40,19,47,NA,9,90,9,10,11,11,4,2,0,29,6,21,32,0,14,14,2115,s:40~l:54~t:2115,Central Connecticut,Blue Devils,1B49A2,d1d5d8,44,2,20,9,9,50
401822820,2026,12/5/2025,2539,s:40~l:54~t:2539,San Francisco,Dons,SF,005a36,ffffff,away,68,TRUE,12,4,29,39,27,70,NA,13,67,10,15,25,21,9,1,0,20,4,20,50,0,15,15,2440,s:40~l:54~t:2440,Nevada,Wolf Pack,041e42,8a8d8f,45,19,42,24,10,83
401822820,2026,12/5/2025,2440,s:40~l:54~t:2440,Nevada,Wolf Pack,NEV,041e42,8a8d8f,home,45,FALSE,11,6,26,33,20,60,NA,15,38,5,13,3,15,5,0,0,0,0,9,41,0,21,21,2539,s:40~l:54~t:2539,San Francisco,Dons,005a36,ffffff,68,2,36,8,10,13
401822267,2026,12/5/2025,48,s:40~l:54~t:48,Delaware,Blue Hens,DEL,00539f,ffd200,away,70,TRUE,9,1,33,36,26,72,NA,15,71,15,21,9,17,11,0,0,13,3,23,50,0,19,19,2142,s:40~l:54~t:2142,Colgate,Raiders,821019,ffffff,64,10,38,18,13,55
401828648,2026,12/5/2025,2940,s:40~l:54~t:2940,Livingstone,Blue Bears,LIV,000000,NA,away,66,FALSE,13,3,23,35,25,71,NA,19,57,8,14,1,16,3,3,0,33,8,24,39,0,13,13,2261,s:40~l:54~t:2261,Hampton,Lady Pirates,0067AC,NA,82,0,26,9,1,1
401828648,2026,12/5/2025,2261,s:40~l:54~t:2261,Hampton,Lady Pirates,HAMP,0067AC,NA,home,82,TRUE,13,8,22,48,34,71,NA,13,50,8,16,23,12,5,0,0,29,6,21,34,0,8,8,2940,s:40~l:54~t:2940,Livingstone,Blue Bears,000000,NA,66,12,48,21,1,93
401819760,2026,12/5/2025,2217,s:40~l:54~t:2217,Fairfield,Stags,FAIR,000000,ebebeb,away,69,FALSE,15,3,21,43,24,56,NA,20,62,8,13,13,7,8,1,0,35,13,37,28,0,15,15,47,s:40~l:54~t:47,Howard,Bison,003a63,e51937,72,11,22,13,3,61
401819760,2026,12/5/2025,47,s:40~l:54~t:47,Howard,Bison,HOW,003a63,e51937,home,72,TRUE,12,1,28,46,25,54,NA,18,83,15,18,10,7,7,1,0,47,7,15,35,0,14,14,2217,s:40~l:54~t:2217,Fairfield,Stags,000000,ebebeb,69,11,22,14,3,36
401822152,2026,12/5/2025,2771,s:40~l:54~t:2771,Merrimack,Warriors,MRMK,2f4f93,e8c535,away,61,FALSE,13,4,32,34,22,64,NA,22,79,11,14,11,14,6,0,0,24,6,25,46,0,15,15,160,s:40~l:54~t:160,New Hampshire,Wildcats,004990,c3c4c6,65,9,26,3,2,67
401820503,2026,12/5/2025,58,s:40~l:54~t:58,South Florida,Bulls,USF,006747,cfc493,home,91,TRUE,18,8,31,52,31,60,NA,18,83,24,29,35,12,8,0,0,36,5,14,43,0,9,9,2277,s:40~l:54~t:2277,Houston Christian,Huskies,00539c,NA,58,10,48,22,8,80
401820305,2026,12/5/2025,2619,s:40~l:54~t:2619,Stony Brook,Seawolves,STBK,990000,NA,away,33,FALSE,5,2,21,29,13,45,NA,11,71,5,7,0,8,7,4,0,18,2,11,29,0,25,25,108,s:40~l:54~t:108,Harvard,Crimson,990000,dbdbdb,67,2,20,6,0,0
401820305,2026,12/5/2025,108,s:40~l:54~t:108,Harvard,Crimson,HARV,990000,dbdbdb,home,67,TRUE,18,8,24,41,27,66,NA,11,86,6,7,34,17,6,1,0,39,7,18,41,0,15,15,2619,s:40~l:54~t:2619,Stony Brook,Seawolves,990000,NA,33,7,38,27,0,99
401812805,2026,12/4/2025,2463,s:40~l:54~t:2463,Cal State Northridge,Matadors,CSUN,b50000,NA,away,59,TRUE,10,6,28,39,21,54,NA,23,62,8,13,10,7,8,0,0,41,9,22,35,0,19,19,2934,s:40~l:54~t:2934,Cal State Bakersfield,Roadrunners,003BAB,NA,57,8,18,11,9,71
401812805,2026,12/4/2025,2934,s:40~l:54~t:2934,Cal State Bakersfield,Roadrunners,CSUB,003BAB,NA,home,57,FALSE,3,2,27,32,19,60,NA,18,75,15,20,4,15,12,1,0,24,4,17,42,0,16,16,2463,s:40~l:54~t:2463,Cal State Northridge,Matadors,b50000,NA,59,9,26,18,9,13
401806390,2026,12/4/2025,87,s:40~l:54~t:87,Notre Dame,Fighting Irish,ND,062340,c99700,away,62,FALSE,10,2,19,44,24,55,NA,20,100,12,12,19,8,12,1,2,29,2,7,27,2,13,13,145,s:40~l:54~t:145,Ole Miss,Rebels,13294b,cf142b,69,8,40,12,3,77
401806390,2026,12/4/2025,145,s:40~l:54~t:145,Ole Miss,Rebels,MISS,13294b,cf142b,home,69,TRUE,18,6,23,39,24,61,NA,17,68,15,22,7,19,7,0,1,24,6,25,42,1,16,16,87,s:40~l:54~t:87,Notre Dame,Fighting Irish,062340,c99700,62,7,28,9,3,19
401826115,2026,12/4/2025,2253,s:40~l:54~t:2253,Grand Canyon,Lopes,GCU,522398,ffffff,away,58,FALSE,11,4,18,36,22,61,NA,25,60,9,15,7,12,15,2,0,26,5,19,30,0,16,16,2250,s:40~l:54~t:2250,Gonzaga,Bulldogs,041e42,c8102e,62,8,30,25,10,45
401825600,2026,12/4/2025,269,s:40~l:54~t:269,Marquette,Golden Eagles,MARQ,003366,ffcc00,away,85,TRUE,21,4,25,51,28,55,NA,18,73,22,30,34,11,8,1,0,39,7,18,36,0,18,18,305,s:40~l:54~t:305,DePaul,Blue Demons,2d649c,ce1125,54,4,38,24,0,97
401825600,2026,12/4/2025,305,s:40~l:54~t:305,DePaul,Blue Demons,DEP,2d649c,ce1125,home,54,FALSE,13,5,14,40,20,50,NA,27,57,12,21,0,7,6,1,0,17,2,12,21,0,18,18,269,s:40~l:54~t:269,Marquette,Golden Eagles,003366,ffcc00,85,5,32,15,0,0
401812804,2026,12/4/2025,2239,s:40~l:54~t:2239,Cal State Fullerton,Titans,CSUF,003767,ff8300,away,96,TRUE,18,5,18,49,33,68,NA,23,85,23,27,35,17,23,0,0,39,7,18,35,0,19,19,13,s:40~l:54~t:13,Cal Poly,Mustangs,1E4D2B,eed897,64,22,48,42,1,93
401812804,2026,12/4/2025,13,s:40~l:54~t:13,Cal Poly,Mustangs,CP,1E4D2B,eed897,home,64,FALSE,13,2,20,39,20,51,NA,17,91,20,22,4,14,8,3,0,22,4,18,34,0,37,37,2239,s:40~l:54~t:2239,Cal State Fullerton,Titans,003767,ff8300,96,6,26,20,1,5
401812803,2026,12/4/2025,2540,s:40~l:54~t:2540,UC Santa Barbara,Gauchos,UCSB,1e1840,febc11,away,67,TRUE,19,0,26,38,23,61,NA,5,58,7,12,20,12,5,0,0,50,14,28,38,0,11,11,299,s:40~l:54~t:299,Long Beach State,Beach,000000,f1f2f3,52,1,18,22,10,75
401812803,2026,12/4/2025,299,s:40~l:54~t:299,Long Beach State,Beach,LBSU,000000,f1f2f3,home,52,FALSE,11,2,26,38,22,58,NA,12,100,2,2,5,10,4,1,0,25,6,24,36,0,15,15,2540,s:40~l:54~t:2540,UC Santa Barbara,Gauchos,1e1840,febc11,67,4,28,11,10,14
401812802,2026,12/4/2025,300,s:40~l:54~t:300,UC Irvine,Anteaters,UCI,002B5C,fec52e,away,77,TRUE,14,9,35,42,25,60,NA,16,86,18,21,37,9,15,0,0,28,9,32,44,0,15,15,27,s:40~l:54~t:27,UC Riverside,Highlanders,14234F,NA,40,11,24,27,0,96
401812802,2026,12/4/2025,27,s:40~l:54~t:27,UC Riverside,Highlanders,UCR,14234F,NA,home,40,FALSE,5,2,28,24,14,58,NA,15,80,8,10,0,11,8,0,1,17,4,23,39,1,24,24,300,s:40~l:54~t:300,UC Irvine,Anteaters,002B5C,fec52e,77,6,14,8,0,0
401812801,2026,12/4/2025,62,s:40~l:54~t:62,Hawai'i,Rainbow Wahine,HAW,005737,000000,away,63,FALSE,12,4,29,45,24,53,NA,12,83,5,6,15,5,6,0,0,33,10,30,34,0,25,25,302,s:40~l:54~t:302,UC Davis,Aggies,002855,c3c4c6,68,10,24,11,9,74
401812781,2026,12/4/2025,16,s:40~l:54~t:16,Sacramento State,Hornets,SAC,00573C,cdb97d,away,54,FALSE,10,3,21,40,23,58,NA,19,67,4,6,6,13,4,2,1,20,4,20,34,1,15,15,279,s:40~l:54~t:279,Pacific,Tigers,F47820,c2c3c0,67,10,30,9,13,25
401806395,2026,12/4/2025,25,s:40~l:54~t:25,California,Golden Bears,CAL,041e42,ffc72c,away,67,FALSE,14,7,24,44,28,63,NA,14,67,4,6,7,10,6,0,0,30,7,23,34,0,7,7,142,s:40~l:54~t:142,Missouri,Tigers,f1b82d,000000,68,6,40,6,8,32
401827802,2026,12/4/2025,254,s:40~l:54~t:254,Utah,Utes,UTAH,be0000,ffffff,away,70,TRUE,16,3,27,50,25,50,NA,16,64,7,11,14,5,8,2,0,48,13,27,32,0,15,15,36,s:40~l:54~t:36,Colorado State,Rams,004c23,c8c372,58,6,18,13,4,81
401825089,2026,12/4/2025,2400,s:40~l:54~t:2400,Mississippi Valley State,Devilettes,MVSU,005328,cf2d34,away,53,FALSE,7,4,16,32,18,57,NA,17,57,12,21,0,9,9,1,0,31,5,16,25,0,22,22,202,s:40~l:54~t:202,Tulsa,Golden Hurricane,003595,d0b787,101,7,24,17,0,0
401825089,2026,12/4/2025,202,s:40~l:54~t:202,Tulsa,Golden Hurricane,TLSA,003595,d0b787,home,101,TRUE,21,7,33,51,37,72,NA,21,75,12,16,59,21,13,2,0,47,15,32,54,0,21,21,2400,s:40~l:54~t:2400,Mississippi Valley State,Devilettes,005328,cf2d34,53,21,40,34,0,99
401825085,2026,12/4/2025,2655,s:40~l:54~t:2655,Tulane,Green Wave,TULN,006747,418fde,home,66,FALSE,18,0,25,45,24,53,NA,24,62,8,13,10,4,6,0,0,56,10,18,29,0,20,20,2623,s:40~l:54~t:2623,Missouri State,Lady Bears,5e0009,ffffff,72,13,24,7,8,40
401820059,2026,12/4/2025,2348,s:40~l:54~t:2348,Louisiana Tech,Lady Techsters,LT,003087,cb333b,home,82,TRUE,17,1,20,45,24,53,NA,21,84,26,31,15,10,9,1,0,38,8,21,30,0,16,16,6,s:40~l:54~t:6,South Alabama,Jaguars,00205b,bf0d3e,80,17,24,25,10,72
401806391,2026,12/4/2025,153,s:40~l:54~t:153,North Carolina,Tar Heels,UNC,7bafd4,13294b,away,64,FALSE,7,5,21,47,23,49,NA,19,80,16,20,7,10,5,1,0,18,2,11,31,0,20,20,251,s:40~l:54~t:251,Texas,Longhorns,af5c37,ffffff,79,11,40,7,5,28
401806391,2026,12/4/2025,251,s:40~l:54~t:251,Texas,Longhorns,TEX,af5c37,ffffff,home,79,TRUE,15,6,17,46,29,63,NA,14,81,17,21,24,13,11,1,0,44,4,9,30,0,8,8,153,s:40~l:54~t:153,North Carolina,Tar Heels,7bafd4,13294b,64,8,30,24,5,63
401806388,2026,12/4/2025,2579,s:40~l:54~t:2579,South Carolina,Gamecocks,SC,73000a,000000,away,79,TRUE,19,1,24,49,30,61,NA,10,65,11,17,11,10,4,1,0,50,8,16,34,0,12,12,97,s:40~l:54~t:97,Louisville,Cardinals,c9001f,ffffff,77,0,36,11,13,64
401806388,2026,12/4/2025,97,s:40~l:54~t:97,Louisville,Cardinals,LOU,c9001f,ffffff,home,77,FALSE,11,1,23,48,31,65,NA,16,60,6,10,5,11,3,1,0,39,9,23,34,0,12,12,2579,s:40~l:54~t:2579,South Carolina,Gamecocks,73000a,000000,79,6,30,13,13,28
401828537,2026,12/4/2025,502,s:40~l:54~t:502,Calumet St. Joseph,Crimson Wave,CSJ,000000,NA,away,28,FALSE,4,2,22,21,11,53,NA,25,44,4,9,0,13,12,2,0,10,2,20,35,0,28,28,2565,s:40~l:54~t:2565,SIU Edwardsville,Cougars,eb1c23,080808,68,1,14,4,0,0
401825849,2026,12/4/2025,2241,s:40~l:54~t:2241,Gardner-Webb,Runnin' Bulldogs,GWEB,c12535,909090,home,41,FALSE,6,0,20,29,15,52,NA,18,64,9,14,0,11,6,1,0,12,2,17,31,0,16,16,2747,s:40~l:54~t:2747,Wofford,Terriers,533B24,f0f0f0,58,5,22,12,0,0
401825602,2026,12/4/2025,46,s:40~l:54~t:46,Georgetown,Hoyas,GTWN,110E42,001c58,home,69,FALSE,4,3,22,35,23,66,NA,22,70,19,27,5,17,9,0,0,25,4,16,39,0,18,18,222,s:40~l:54~t:222,Villanova,Wildcats,00205b,13b5ea,76,17,34,21,1,17
401825599,2026,12/4/2025,156,s:40~l:54~t:156,Creighton,Bluejays,CREI,005ca9,6cadde,away,60,TRUE,16,1,25,36,20,56,NA,12,75,9,12,10,5,5,0,0,33,11,33,30,0,5,5,2599,s:40~l:54~t:2599,St. John's,Red Storm,d10000,101010,52,5,16,15,8,57
401825599,2026,12/4/2025,2599,s:40~l:54~t:2599,St. John's,Red Storm,SJU,d10000,101010,home,52,FALSE,10,0,29,40,19,48,NA,15,80,12,15,4,5,3,1,0,12,2,17,34,0,12,12,156,s:40~l:54~t:156,Creighton,Bluejays,005ca9,6cadde,60,2,30,12,8,29
401819538,2026,12/4/2025,288,s:40~l:54~t:288,Lipscomb,Bisons,LIP,20366C,f6b734,home,60,FALSE,10,5,21,37,21,57,NA,19,62,8,13,6,8,6,0,0,33,10,30,29,0,17,17,2630,s:40~l:54~t:2630,UT Martin,Skyhawks,FF6700,102a5c,63,0,20,25,12,51
401817694,2026,12/4/2025,325,s:40~l:54~t:325,Cleveland State,Vikings,CLE,006633,231f20,away,68,FALSE,13,2,16,45,25,56,NA,24,76,13,17,2,7,9,1,0,22,5,23,23,0,14,14,2174,s:40~l:54~t:2174,Detroit Mercy,Titans,165b9e,d31733,76,4,38,21,5,9
401812427,2026,12/4/2025,322,s:40~l:54~t:322,Lafayette,Leopards,LAF,790000,a59474,away,61,FALSE,3,1,24,46,24,52,NA,9,70,7,10,10,6,2,0,0,38,6,16,30,0,10,10,161,s:40~l:54~t:161,Fairleigh Dickinson,Knights,72293c,28334a,69,0,20,12,9,45
401806393,2026,12/4/2025,8,s:40~l:54~t:8,Arkansas,Razorbacks,ARK,a32136,ffffff,away,63,FALSE,12,3,30,29,22,76,NA,18,67,12,18,4,25,3,0,0,29,7,24,55,0,17,17,2567,s:40~l:54~t:2567,SMU,Mustangs,a80000,0033a1,78,12,24,10,6,16
401806392,2026,12/4/2025,228,s:40~l:54~t:228,Clemson,Tigers,CLEM,f56600,ffffff,away,48,FALSE,10,6,25,31,17,54,NA,16,80,8,10,1,8,3,0,0,26,6,23,33,0,13,13,333,s:40~l:54~t:333,Alabama,Crimson Tide,9e1b32,ffffff,72,10,18,0,2,3
401806392,2026,12/4/2025,333,s:40~l:54~t:333,Alabama,Crimson Tide,ALA,9e1b32,ffffff,home,72,TRUE,15,3,29,47,27,58,NA,11,69,11,16,26,10,5,0,0,39,7,18,39,0,6,6,228,s:40~l:54~t:228,Clemson,Tigers,f56600,ffffff,48,12,34,18,2,94
401825139,2026,12/4/2025,2454,s:40~l:54~t:2454,North Florida,Ospreys,UNF,004B8D,babcbe,away,44,FALSE,10,2,20,36,18,50,NA,15,67,2,3,2,3,9,1,0,38,6,16,23,0,22,22,290,s:40~l:54~t:290,Georgia Southern,Eagles,041e42,a3aaae,70,2,18,10,1,2
401823063,2026,12/4/2025,2426,s:40~l:54~t:2426,Navy,Midshipmen,NAVY,00225b,b5a67c,away,84,FALSE,14,2,33,44,32,72,NA,18,64,9,14,17,14,4,1,0,41,11,27,47,0,22,22,2515,s:40~l:54~t:2515,Radford,Highlanders,BC1515,c2c3c0,97,7,30,11,6,73
401822843,2026,12/4/2025,311,s:40~l:54~t:311,Maine,Black Bears,ME,127dbe,NA,away,35,FALSE,7,3,28,20,10,51,NA,10,67,14,21,0,9,7,2,0,5,1,20,37,0,14,14,219,s:40~l:54~t:219,Pennsylvania,Quakers,082A74,a6163d,58,4,14,5,0,0
401822843,2026,12/4/2025,219,s:40~l:54~t:219,Pennsylvania,Quakers,PENN,082A74,a6163d,home,58,TRUE,14,8,33,36,22,61,NA,15,82,9,11,27,11,9,0,0,23,5,22,44,0,12,12,311,s:40~l:54~t:311,Maine,Black Bears,127dbe,NA,35,7,30,19,0,96
401817693,2026,12/4/2025,94,s:40~l:54~t:94,Northern Kentucky,Norse,NKU,ffc82e,000000,home,60,FALSE,8,4,20,30,19,64,NA,20,94,15,16,1,19,13,1,0,23,7,30,39,0,17,17,2739,s:40~l:54~t:2739,Green Bay,Phoenix,006633,ffffff,70,9,16,25,4,2
401806389,2026,12/4/2025,57,s:40~l:54~t:57,Florida,Gators,FLA,0021a5,fa4616,away,64,FALSE,9,3,29,43,25,58,NA,22,50,8,16,5,9,12,0,0,43,6,14,38,0,22,22,259,s:40~l:54~t:259,Virginia Tech,Hokies,6a2c3e,cf4520,68,8,36,18,12,23
401806389,2026,12/4/2025,259,s:40~l:54~t:259,Virginia Tech,Hokies,VT,6a2c3e,cf4520,home,68,TRUE,16,4,27,40,27,67,NA,17,73,11,15,8,12,6,0,0,20,3,15,39,0,16,16,57,s:40~l:54~t:57,Florida,Gators,0021a5,fa4616,64,10,38,23,12,56
401826142,2026,12/4/2025,253,s:40~l:54~t:253,Southern Utah,Thunderbirds,SUU,c72026,000000,home,69,TRUE,13,4,31,38,21,55,NA,14,81,21,26,12,12,9,2,0,30,6,20,43,0,19,19,166,s:40~l:54~t:166,New Mexico State,Aggies,7e141b,231f20,59,13,30,17,6,29
401830094,2026,12/4/2025,2029,s:40~l:54~t:2029,Arkansas-Pine Bluff,Golden Lions,UAPB,e0aa0f,eaaa00,home,85,TRUE,26,4,33,48,36,75,NA,22,59,10,17,35,23,18,0,0,15,3,20,56,0,31,31,2027,s:40~l:54~t:2027,Arkansas Baptist,Buffaloes,000000,NA,51,18,64,34,4,83
401829549,2026,12/4/2025,2710,s:40~l:54~t:2710,Western Illinois,Leathernecks,WIU,4e1e8a,ffc90a,home,90,TRUE,18,4,40,42,32,77,NA,10,72,18,25,40,17,7,0,0,36,8,22,57,0,9,9,2595,s:40~l:54~t:2595,St. Francis (IL),Fighting Saints,000000,NA,55,13,44,13,0,99
401824259,2026,12/4/2025,2657,s:40~l:54~t:2657,Tuskegee,Golden Tigers,TUS,000000,NA,away,44,FALSE,6,1,21,36,14,39,NA,19,85,11,13,1,9,9,3,0,45,5,11,30,0,35,35,2010,s:40~l:54~t:2010,Alabama A&M,Bulldogs,790000,ffffff,64,5,16,10,2,1
401825601,2026,12/4/2025,2507,s:40~l:54~t:2507,Providence,Friars,PROV,000000,a3a19e,away,47,FALSE,16,2,21,32,20,63,NA,15,100,4,4,0,13,7,1,0,15,3,20,34,0,10,10,2752,s:40~l:54~t:2752,Xavier,Musketeers,21304e,a5a7a8,61,8,32,8,0,0
401825601,2026,12/4/2025,2752,s:40~l:54~t:2752,Xavier,Musketeers,XAV,21304e,a5a7a8,home,61,TRUE,16,4,28,44,23,52,NA,7,73,8,11,15,10,5,2,0,41,7,17,38,0,13,13,2507,s:40~l:54~t:2507,Providence,Friars,000000,a3a19e,47,11,28,12,0,99
401823088,2026,12/4/2025,2352,s:40~l:54~t:2352,Loyola Maryland,Greyhounds,L-MD,76a7a0,c9cbca,away,64,TRUE,8,4,33,34,22,65,NA,14,86,18,21,2,17,8,3,0,18,2,11,50,0,19,19,119,s:40~l:54~t:119,Towson,Tigers,FFC229,NA,63,4,34,12,11,12
401808083,2026,12/3/2025,233,s:40~l:54~t:233,South Dakota,Coyotes,SDAK,CD1241,f0f0f0,away,75,TRUE,14,7,37,46,27,59,NA,18,70,14,20,31,17,4,2,0,44,7,16,54,0,13,13,2502,s:40~l:54~t:2502,Portland State,Vikings,00311e,ebebeb,51,2,28,5,1,71
401806381,2026,12/3/2025,2633,s:40~l:54~t:2633,Tennessee,Lady Volunteers,TENN,ff8200,ffffff,away,65,TRUE,9,5,21,35,25,72,NA,18,50,10,20,9,19,16,0,0,19,5,26,40,0,16,16,24,s:40~l:54~t:24,Stanford,Cardinal,8c1515,ffffff,62,12,40,25,5,42
401806381,2026,12/3/2025,24,s:40~l:54~t:24,Stanford,Cardinal,STAN,8c1515,ffffff,home,62,FALSE,9,3,30,46,26,56,NA,18,55,6,11,5,11,9,4,0,29,4,14,41,0,30,30,2633,s:40~l:54~t:2633,Tennessee,Lady Volunteers,ff8200,ffffff,65,5,38,10,5,50
401827186,2026,12/3/2025,2437,s:40~l:54~t:2437,Omaha,Mavericks,OMA,e3193e,474648,away,43,FALSE,6,4,21,32,17,53,NA,16,67,4,6,2,6,3,2,0,25,5,20,27,0,17,17,304,s:40~l:54~t:304,Idaho State,Bengals,ef8c00,e9a126,74,2,20,2,2,1
401827186,2026,12/3/2025,304,s:40~l:54~t:304,Idaho State,Bengals,IDST,ef8c00,e9a126,home,74,TRUE,22,6,29,34,26,76,NA,10,78,14,18,33,28,8,0,0,27,8,30,57,0,11,11,2437,s:40~l:54~t:2437,Omaha,Mavericks,e3193e,474648,43,14,30,21,2,91
401825931,2026,12/3/2025,2492,s:40~l:54~t:2492,Pepperdine,Waves,PEPP,003A72,dc762f,home,69,TRUE,15,2,38,40,25,63,NA,11,79,11,14,21,7,6,2,0,31,8,26,45,0,13,13,2856,s:40~l:54~t:2856,California Baptist,Lancers,000000,NA,58,7,28,18,3,61
401820513,2026,12/3/2025,357,s:40~l:54~t:357,Texas A&M-Corpus Christi,Islanders,AMCC,0067c5,007f3e,away,44,FALSE,9,3,31,28,15,53,NA,18,63,10,16,0,10,7,0,1,18,4,22,41,1,21,21,2638,s:40~l:54~t:2638,UTEP,Miners,ff8200,041e42,62,5,18,9,0,0
401820513,2026,12/3/2025,2638,s:40~l:54~t:2638,UTEP,Miners,UTEP,ff8200,041e42,home,62,TRUE,12,0,31,36,22,61,NA,14,62,13,21,21,12,16,1,0,31,5,16,43,0,14,14,357,s:40~l:54~t:357,Texas A&M-Corpus Christi,Islanders,0067c5,007f3e,44,18,26,21,0,99
401818683,2026,12/3/2025,204,s:40~l:54~t:204,Oregon State,Beavers,ORST,dc4405,000000,away,73,FALSE,10,6,11,48,26,54,NA,18,65,13,20,3,14,4,2,0,40,8,20,25,0,22,22,2483,s:40~l:54~t:2483,Oregon,Ducks,00934b,fff41b,96,9,34,17,2,1
401818683,2026,12/3/2025,2483,s:40~l:54~t:2483,Oregon,Ducks,ORE,00934b,fff41b,home,96,TRUE,26,2,16,68,38,56,NA,22,60,12,20,32,7,10,0,0,80,8,10,23,0,13,13,204,s:40~l:54~t:204,Oregon State,Beavers,dc4405,000000,73,10,40,31,2,94
401808023,2026,12/3/2025,2172,s:40~l:54~t:2172,Denver,Pioneers,DEN,98002e,a8996e,away,65,FALSE,10,3,19,37,25,67,NA,16,67,10,15,6,11,9,1,0,18,5,28,30,0,11,11,331,s:40~l:54~t:331,Eastern Washington,Eagles,a10022,abb4bc,66,14,30,20,4,41
401807968,2026,12/3/2025,2545,s:40~l:54~t:2545,SE Louisiana,Lady Lions,SELA,215732,ffc72c,away,47,FALSE,7,3,11,32,21,65,NA,7,40,2,5,0,14,8,1,0,20,3,15,25,0,15,15,239,s:40~l:54~t:239,Baylor,Bears,154734,ffb81c,112,6,28,6,0,0
401807968,2026,12/3/2025,239,s:40~l:54~t:239,Baylor,Bears,BAY,154734,ffb81c,home,112,TRUE,36,9,32,64,47,74,NA,6,67,4,6,68,17,9,0,0,50,14,28,49,0,11,11,2545,s:40~l:54~t:2545,SE Louisiana,Lady Lions,215732,ffc72c,47,29,54,23,0,97
401829022,2026,12/3/2025,179,s:40~l:54~t:179,St. Bonaventure,Bonnies,SBU,70261D,NA,away,70,FALSE,14,5,29,43,29,67,NA,20,67,8,12,6,13,7,1,0,21,4,19,42,0,19,19,139,s:40~l:54~t:139,Saint Louis,Billikens,00539C,ebebeb,76,14,36,11,10,22
401829022,2026,12/3/2025,139,s:40~l:54~t:139,Saint Louis,Billikens,SLU,00539C,ebebeb,home,76,TRUE,13,3,26,43,29,68,NA,15,76,16,21,10,15,9,0,0,17,2,12,41,0,15,15,179,s:40~l:54~t:179,St. Bonaventure,Bonnies,70261D,NA,70,13,48,21,10,71
401825964,2026,12/3/2025,140,s:40~l:54~t:140,Kansas City,Roos,KC,004b87,ffc72c,away,59,FALSE,10,1,19,43,23,53,NA,21,54,7,13,11,12,9,3,0,38,6,16,31,0,19,19,2458,s:40~l:54~t:2458,Northern Colorado,Bears,13558D,ffc533,72,2,26,10,6,52
401825779,2026,12/3/2025,149,s:40~l:54~t:149,Montana,Lady Griz,MONT,751D4A,666666,away,86,TRUE,21,6,35,49,31,63,NA,14,45,5,11,34,7,6,0,0,50,19,38,42,0,10,10,155,s:40~l:54~t:155,North Dakota,Fighting Hawks,00A26B,c2c3c0,56,0,12,24,4,87
401825779,2026,12/3/2025,155,s:40~l:54~t:155,North Dakota,Fighting Hawks,UND,00A26B,c2c3c0,home,56,FALSE,7,1,28,37,22,59,NA,9,46,6,13,5,6,4,1,0,26,6,23,34,0,13,13,149,s:40~l:54~t:149,Montana,Lady Griz,751D4A,666666,86,1,28,10,4,10
401825121,2026,12/3/2025,526,s:40~l:54~t:526,Florida Gulf Coast,Eagles,FGCU,00885a,076c3b,away,58,FALSE,12,2,29,42,18,43,NA,17,76,16,21,8,7,7,1,0,32,6,19,36,0,24,24,2032,s:40~l:54~t:2032,Arkansas State,Red Wolves,cc092f,000000,68,4,24,12,9,58
401825121,2026,12/3/2025,2032,s:40~l:54~t:2032,Arkansas State,Red Wolves,ARST,cc092f,000000,home,68,TRUE,11,3,19,36,25,69,NA,19,70,7,10,10,16,15,2,0,29,11,38,35,0,13,13,526,s:40~l:54~t:526,Florida Gulf Coast,Eagles,00885a,076c3b,58,10,26,22,9,33
401822851,2026,12/3/2025,2582,s:40~l:54~t:2582,Southern,Jaguars,SOU,004B97,ffc82d,away,63,TRUE,18,2,23,44,25,57,NA,19,80,8,10,16,8,12,0,0,29,5,17,31,0,19,19,12,s:40~l:54~t:12,Arizona,Wildcats,cc0033,003366,57,6,26,25,5,87
401822851,2026,12/3/2025,12,s:40~l:54~t:12,Arizona,Wildcats,ARIZ,cc0033,003366,home,57,FALSE,12,2,25,41,21,51,NA,16,71,12,17,2,9,10,0,0,23,3,13,34,0,24,24,2582,s:40~l:54~t:2582,Southern,Jaguars,004B97,ffc82d,63,17,34,14,5,6
401818663,2026,12/3/2025,2305,s:40~l:54~t:2305,Kansas,Jayhawks,KU,0051ba,e8000d,away,74,TRUE,21,2,24,54,32,59,NA,21,71,5,7,15,8,8,0,0,42,5,12,32,0,13,13,77,s:40~l:54~t:77,Northwestern,Wildcats,492f92,ffffff,62,6,52,16,4,45
401818652,2026,12/3/2025,71,s:40~l:54~t:71,Bradley,Braves,BRAD,b70002,c0c0c0,away,53,FALSE,9,3,19,33,20,61,NA,21,86,6,7,3,6,6,1,0,23,7,31,25,0,17,17,158,s:40~l:54~t:158,Nebraska,Cornhuskers,e31937,ffffff,92,4,26,9,1,5
401818652,2026,12/3/2025,158,s:40~l:54~t:158,Nebraska,Cornhuskers,NEB,e31937,ffffff,home,92,TRUE,26,1,35,56,37,66,NA,12,63,12,19,39,13,11,0,0,29,6,21,48,0,11,11,71,s:40~l:54~t:71,Bradley,Braves,b70002,c0c0c0,53,9,56,24,1,93
401808102,2026,12/3/2025,2571,s:40~l:54~t:2571,South Dakota State,Jackrabbits,SDST,0033a0,ffd100,home,87,TRUE,19,3,40,47,29,62,NA,14,77,23,30,43,13,3,0,0,32,6,19,53,0,11,11,2692,s:40~l:54~t:2692,Weber State,Wildcats,18005a,ebebeb,56,4,40,10,0,98
401823033,2026,12/3/2025,2628,s:40~l:54~t:2628,TCU,Horned Frogs,TCU,4d1979,ffffff,home,84,TRUE,24,7,26,50,33,66,NA,15,82,9,11,30,12,7,0,0,35,9,26,38,0,11,11,2916,s:40~l:54~t:2916,Incarnate Word,Cardinals,000000,080808,56,17,48,20,0,98
401827918,2026,12/3/2025,2439,s:40~l:54~t:2439,UNLV,Lady Rebels,UNLV,cf0a2c,cac8c8,away,66,TRUE,18,8,30,40,27,67,NA,11,50,3,6,34,20,10,2,1,36,9,25,50,1,12,12,2636,s:40~l:54~t:2636,UTSA,Roadrunners,0c2340,f15a22,39,10,26,12,0,99
401827852,2026,12/3/2025,2393,s:40~l:54~t:2393,Middle Tennessee,Blue Raiders,MTSU,036eb7,ffffff,home,65,FALSE,10,2,27,47,22,47,NA,19,93,13,14,0,3,6,0,0,42,8,19,30,0,19,19,2057,s:40~l:54~t:2057,Belmont,Bruins,182142,c9262d,71,0,28,16,0,0
401825052,2026,12/3/2025,98,s:40~l:54~t:98,Western Kentucky,Lady Toppers,WKU,e13a3e,ffffff,home,44,FALSE,7,5,30,36,18,50,NA,7,67,4,6,7,12,4,3,0,24,4,17,42,0,25,25,2226,s:40~l:54~t:2226,Florida Atlantic,Owls,003366,cc0000,47,4,26,12,2,47
401806382,2026,12/3/2025,152,s:40~l:54~t:152,NC State,Wolfpack,NCSU,cc0000,ffffff,away,98,FALSE,9,3,36,42,38,91,NA,23,73,19,26,10,21,7,0,0,12,3,25,57,0,13,13,201,s:40~l:54~t:201,Oklahoma,Sooners,990000,ffffff,103,4,48,10,4,60
401806382,2026,12/3/2025,201,s:40~l:54~t:201,Oklahoma,Sooners,OU,990000,ffffff,home,103,TRUE,14,10,34,48,41,86,NA,17,63,17,27,7,14,9,0,0,18,4,22,48,0,9,9,152,s:40~l:54~t:152,NC State,Wolfpack,cc0000,ffffff,98,11,56,17,4,27
401806385,2026,12/3/2025,59,s:40~l:54~t:59,Georgia Tech,Yellow Jackets,GT,b3a369,ffffff,away,63,FALSE,15,6,31,39,24,61,NA,21,60,9,15,6,9,4,1,0,27,6,22,40,0,19,19,245,s:40~l:54~t:245,Texas A&M,Aggies,500000,ffffff,72,13,26,15,3,31
401824221,2026,12/3/2025,2117,s:40~l:54~t:2117,Central Michigan,Chippewas,CMU,4c0027,fbab18,away,40,FALSE,9,0,19,24,14,58,NA,21,47,8,17,0,14,5,2,0,29,4,14,33,0,22,22,130,s:40~l:54~t:130,Michigan,Wolverines,00274c,ffcb05,82,4,20,5,0,0
401824221,2026,12/3/2025,130,s:40~l:54~t:130,Michigan,Wolverines,MICH,00274c,ffcb05,home,82,TRUE,12,5,35,41,29,70,NA,22,79,19,24,43,23,12,0,0,23,5,22,58,0,15,15,2117,s:40~l:54~t:2117,Central Michigan,Chippewas,4c0027,fbab18,40,4,40,29,0,98
401813912,2026,12/3/2025,120,s:40~l:54~t:120,Maryland,Terrapins,MD,ce1126,ffffff,home,92,TRUE,25,7,30,56,36,64,NA,8,64,14,22,48,16,11,0,0,33,6,18,46,0,17,17,116,s:40~l:54~t:116,Mount St. Mary's,Mountaineers,005596,ebebeb,44,18,50,31,5,95
401824192,2026,12/3/2025,197,s:40~l:54~t:197,Oklahoma State,Cowgirls,OKST,fe5c00,000000,away,73,TRUE,13,3,32,48,30,63,NA,19,88,7,8,19,14,7,1,0,26,6,23,46,0,15,15,249,s:40~l:54~t:249,North Texas,Mean Green,068f33,ffffff,55,6,44,8,0,98
401824192,2026,12/3/2025,249,s:40~l:54~t:249,North Texas,Mean Green,UNT,068f33,ffffff,home,55,FALSE,8,4,20,34,22,65,NA,12,71,10,14,0,13,5,0,0,7,1,15,33,0,8,8,197,s:40~l:54~t:197,Oklahoma State,Cowgirls,fe5c00,000000,73,2,30,10,0,0
401831074,2026,12/3/2025,2287,s:40~l:54~t:2287,Illinois State,Redbirds,ILST,CE1126,ffe716,away,54,FALSE,11,4,26,33,20,60,NA,15,67,8,12,0,11,7,0,0,35,6,17,37,0,16,16,2460,s:40~l:54~t:2460,Northern Iowa,Panthers,473282,ffffff,68,6,24,6,0,0
401831074,2026,12/3/2025,2460,s:40~l:54~t:2460,Northern Iowa,Panthers,UNI,473282,ffffff,home,68,TRUE,10,6,32,44,24,55,NA,14,79,11,14,20,5,11,0,0,33,9,27,37,0,14,14,2287,s:40~l:54~t:2287,Illinois State,Redbirds,CE1126,ffe716,54,13,28,8,0,98
401829021,2026,12/3/2025,2603,s:40~l:54~t:2603,Saint Joseph's,Hawks,JOES,9e1b32,6c6f70,home,52,FALSE,12,3,21,39,19,49,NA,16,73,11,15,0,9,7,0,0,21,3,14,30,0,18,18,227,s:40~l:54~t:227,Rhode Island,Rams,091f3f,5ab3e8,59,4,30,12,0,0
401829019,2026,12/3/2025,2244,s:40~l:54~t:2244,George Mason,Patriots,GMU,016600,ecb010,home,73,TRUE,10,3,25,43,24,56,NA,23,68,21,31,18,17,10,2,1,25,4,16,42,1,14,14,2230,s:40~l:54~t:2230,Fordham,Rams,830032,909090,55,5,22,16,5,77
401827776,2026,12/3/2025,282,s:40~l:54~t:282,Indiana State,Sycamores,INST,00669a,f0f0f0,home,69,TRUE,9,2,28,37,22,59,NA,23,74,20,27,18,11,8,0,0,21,5,24,39,0,14,14,2459,s:40~l:54~t:2459,Northern Illinois,Huskies,c8102e,000000,61,17,32,18,4,93
401825197,2026,12/3/2025,2506,s:40~l:54~t:2506,Presbyterian,Blue Hose,PRES,194896,990134,away,56,FALSE,10,3,23,39,23,59,NA,27,50,9,18,0,17,10,1,0,10,1,10,40,0,26,26,231,s:40~l:54~t:231,Furman,Paladins,582c83,ffffff,74,18,38,16,0,0
401825197,2026,12/3/2025,231,s:40~l:54~t:231,Furman,Paladins,FUR,582c83,ffffff,home,74,TRUE,16,5,23,48,25,52,NA,19,65,20,31,19,10,11,1,0,40,4,10,33,0,18,18,2506,s:40~l:54~t:2506,Presbyterian,Blue Hose,194896,990134,56,4,36,15,0,96
401823720,2026,12/3/2025,2349,s:40~l:54~t:2349,UMass Lowell,River Hawks,UML,000000,cf1f2f,away,56,FALSE,11,5,24,37,22,59,NA,17,58,7,12,2,16,4,0,0,29,5,17,40,0,18,18,314,s:40~l:54~t:314,Iona,Gaels,6f2c3e,f0ab00,67,1,32,8,3,3
401823720,2026,12/3/2025,314,s:40~l:54~t:314,Iona,Gaels,IONA,6f2c3e,f0ab00,home,67,TRUE,17,5,24,40,24,60,NA,13,76,13,17,13,14,10,2,0,33,6,18,38,0,13,13,2349,s:40~l:54~t:2349,UMass Lowell,River Hawks,000000,cf1f2f,56,4,28,19,3,90
401823110,2026,12/3/2025,107,s:40~l:54~t:107,Holy Cross,Crusaders,HC,582c83,ffffff,away,46,FALSE,13,3,27,40,17,42,NA,16,83,10,12,6,7,6,2,0,13,2,15,34,0,28,28,108,s:40~l:54~t:108,Harvard,Crimson,990000,dbdbdb,61,3,20,11,11,29
401823110,2026,12/3/2025,108,s:40~l:54~t:108,Harvard,Crimson,HARV,990000,dbdbdb,home,61,TRUE,15,2,19,34,21,61,NA,14,87,13,15,20,13,10,0,0,22,6,27,32,0,14,14,107,s:40~l:54~t:107,Holy Cross,Crusaders,582c83,ffffff,46,10,28,35,11,62
401822991,2026,12/3/2025,2724,s:40~l:54~t:2724,Wichita State,Shockers,WICH,ffcd00,27251f,away,43,FALSE,5,2,23,23,13,56,NA,19,65,13,20,1,8,7,1,0,20,4,20,31,0,16,16,2641,s:40~l:54~t:2641,Texas Tech,Lady Raiders,da291c,000000,83,3,16,18,4,2
401822991,2026,12/3/2025,2641,s:40~l:54~t:2641,Texas Tech,Lady Raiders,TTU,da291c,000000,home,83,TRUE,16,7,39,46,28,61,NA,14,77,17,22,40,14,9,0,0,42,10,24,53,0,14,14,2724,s:40~l:54~t:2724,Wichita State,Shockers,ffcd00,27251f,43,5,32,19,4,98
401822374,2026,12/3/2025,2097,s:40~l:54~t:2097,Campbell,Fighting Camels,CAM,000000,NA,home,71,TRUE,13,8,25,53,28,53,NA,16,57,8,14,27,12,5,1,0,64,7,11,37,0,20,20,2382,s:40~l:54~t:2382,Mercer,Bears,ff7f29,080808,49,11,42,24,0,95
401822163,2026,12/3/2025,56,s:40~l:54~t:56,Stetson,Hatters,STET,0a5640,56854e,away,70,TRUE,8,1,23,44,25,57,NA,13,65,13,20,5,9,4,1,0,35,7,20,32,0,9,9,2116,s:40~l:54~t:2116,UCF,Knights,000000,b4a169,67,10,32,15,8,29
401822163,2026,12/3/2025,2116,s:40~l:54~t:2116,UCF,Knights,UCF,000000,b4a169,home,67,FALSE,16,5,25,41,27,66,NA,16,73,8,11,11,17,5,1,0,36,5,14,42,0,12,12,56,s:40~l:54~t:56,Stetson,Hatters,0a5640,56854e,70,8,36,9,8,59
401818696,2026,12/3/2025,339,s:40~l:54~t:339,Evansville,Purple Aces,EVAN,663399,ef6f00,away,49,FALSE,11,1,16,29,17,58,NA,10,64,9,14,0,10,4,0,0,21,6,29,26,0,17,17,2509,s:40~l:54~t:2509,Purdue,Boilermakers,ceb888,000000,91,4,16,15,0,0
401818696,2026,12/3/2025,2509,s:40~l:54~t:2509,Purdue,Boilermakers,PUR,ceb888,000000,home,91,TRUE,23,2,34,58,38,66,NA,15,75,9,12,46,13,13,0,0,33,6,18,47,0,13,13,339,s:40~l:54~t:339,Evansville,Purple Aces,663399,ef6f00,49,18,62,25,0,98
401817692,2026,12/3/2025,2473,s:40~l:54~t:2473,Oakland,Golden Grizzlies,OAK,04091c,bc955c,away,57,FALSE,12,4,32,37,22,60,NA,11,71,5,7,8,6,6,0,0,36,8,22,38,0,14,14,2750,s:40~l:54~t:2750,Wright State,Raiders,cba052,cba052,61,5,24,8,13,75
401813829,2026,12/3/2025,2363,s:40~l:54~t:2363,Manhattan,Jaspers,MAN,4f8537,b5b7ba,home,38,FALSE,11,4,19,23,13,57,NA,24,85,11,13,0,11,14,3,0,9,1,11,30,0,30,30,171,s:40~l:54~t:171,Columbia,Lions,7ba4db,183863,84,6,18,9,0,0
401813200,2026,12/3/2025,2310,s:40~l:54~t:2310,Kentucky State,Thorobreds,KYSU,000000,NA,away,32,FALSE,3,1,23,25,13,52,NA,31,45,5,11,0,6,8,0,0,20,1,5,29,0,29,29,189,s:40~l:54~t:189,Bowling Green,Falcons,fd5000,4f2c1d,103,5,18,7,0,0
401813200,2026,12/3/2025,189,s:40~l:54~t:189,Bowling Green,Falcons,BGSU,fd5000,4f2c1d,home,103,TRUE,23,9,36,54,32,59,NA,15,62,28,45,74,14,19,1,0,42,11,26,50,0,15,15,2310,s:40~l:54~t:2310,Kentucky State,Thorobreds,000000,NA,32,28,42,32,0,99
401829023,2026,12/3/2025,2670,s:40~l:54~t:2670,VCU,Rams,VCU,ffaf00,000000,away,62,FALSE,16,2,25,37,22,60,NA,15,92,11,12,7,15,7,1,1,41,7,17,40,1,21,21,2325,s:40~l:54~t:2325,La Salle,Explorers,003356,ffce00,70,16,20,22,5,12
401829023,2026,12/3/2025,2325,s:40~l:54~t:2325,La Salle,Explorers,LAS,003356,ffce00,home,70,TRUE,21,6,22,42,27,65,NA,14,90,9,10,17,13,8,1,1,23,7,31,35,1,15,15,2670,s:40~l:54~t:2670,VCU,Rams,ffaf00,000000,62,9,34,22,5,80
401825076,2026,12/3/2025,2534,s:40~l:54~t:2534,Sam Houston,Bearkats,SHSU,f56423,ffffff,away,50,FALSE,9,1,26,36,21,59,NA,15,50,6,12,8,12,7,1,0,20,2,10,38,0,14,14,242,s:40~l:54~t:242,Rice,Owls,00205b,c1c6c8,66,4,24,17,7,28
401817691,2026,12/3/2025,2870,s:40~l:54~t:2870,Purdue Fort Wayne,Mastodons,PFW,cfb991,000000,away,74,TRUE,15,2,23,43,24,56,NA,26,68,21,31,15,9,9,0,0,29,5,17,32,0,14,14,85,s:40~l:54~t:85,IU Indianapolis,Jaguars,A81F30,d59f0f,68,15,34,23,12,65
401829020,2026,12/3/2025,2350,s:40~l:54~t:2350,Loyola Chicago,Ramblers,LUC,9d1244,NA,away,46,FALSE,12,3,19,35,18,51,NA,16,38,5,13,0,9,9,1,0,36,5,14,28,0,20,20,257,s:40~l:54~t:257,Richmond,Spiders,9e0712,b90b2e,69,2,24,10,0,0
401829020,2026,12/3/2025,257,s:40~l:54~t:257,Richmond,Spiders,RICH,9e0712,b90b2e,home,69,TRUE,19,6,27,45,27,60,NA,14,57,4,7,31,14,10,0,0,41,11,27,41,0,17,17,2350,s:40~l:54~t:2350,Loyola Chicago,Ramblers,9d1244,NA,46,6,32,25,0,95
401829017,2026,12/3/2025,2168,s:40~l:54~t:2168,Dayton,Flyers,DAY,004B8D,ffffff,away,42,FALSE,8,4,26,34,17,50,NA,20,45,5,11,4,6,6,2,0,20,3,15,32,0,18,18,45,s:40~l:54~t:45,George Washington,Revolutionaries,002843,e8d2a1,54,10,28,8,5,13
401829017,2026,12/3/2025,45,s:40~l:54~t:45,George Washington,Revolutionaries,GW,002843,e8d2a1,home,54,TRUE,8,5,29,36,21,58,NA,15,64,7,11,12,13,8,1,0,33,5,15,42,0,17,17,2168,s:40~l:54~t:2168,Dayton,Flyers,004B8D,ffffff,42,6,20,16,5,80
401827780,2026,12/3/2025,93,s:40~l:54~t:93,Murray State,Racers,MUR,002148,000e00,away,85,TRUE,11,2,30,43,31,72,NA,17,79,15,19,9,12,12,0,0,24,8,33,42,0,14,14,2413,s:40~l:54~t:2413,Morehead State,Eagles,094FA3,fed91a,78,13,40,32,11,38
401827442,2026,12/3/2025,2182,s:40~l:54~t:2182,Drexel,Dragons,DREX,020260,ffd65a,home,55,TRUE,11,2,30,32,20,62,NA,13,85,11,13,24,17,5,1,0,20,4,20,47,0,12,12,44,s:40~l:54~t:44,American University,Eagles,c41130,c8102e,48,13,24,13,0,98
401826664,2026,12/3/2025,84,s:40~l:54~t:84,Indiana,Hoosiers,IU,970310,ffffff,home,71,TRUE,9,1,25,43,28,65,NA,10,71,10,14,18,12,8,1,0,25,5,20,37,0,8,8,2711,s:40~l:54~t:2711,Western Michigan,Broncos,532e1f,f1c500,53,13,42,16,2,61
401825764,2026,12/3/2025,2561,s:40~l:54~t:2561,Siena,Saints,SIE,037961,eea60f,home,80,TRUE,16,3,25,45,25,55,NA,22,88,23,26,31,12,19,1,0,30,7,23,37,0,26,26,2441,s:40~l:54~t:2441,New Haven,Chargers,041e42,ffc425,54,21,32,30,1,95
401824169,2026,12/3/2025,256,s:40~l:54~t:256,James Madison,Dukes,JMU,450084,cbb677,away,83,TRUE,20,8,33,50,32,64,NA,20,56,10,18,21,15,5,0,0,41,9,22,48,0,18,18,151,s:40~l:54~t:151,East Carolina,Pirates,582c83,ffc72c,66,19,42,21,2,72
401824169,2026,12/3/2025,151,s:40~l:54~t:151,East Carolina,Pirates,ECU,582c83,ffc72c,home,66,FALSE,14,0,20,40,25,62,NA,17,76,13,17,8,6,6,1,0,23,3,13,26,0,11,11,256,s:40~l:54~t:256,James Madison,Dukes,450084,cbb677,83,11,36,25,2,25
401823242,2026,12/3/2025,172,s:40~l:54~t:172,Cornell,Big Red,COR,b31b1b,ffffff,away,52,FALSE,9,1,19,36,17,47,NA,17,87,13,15,0,8,6,1,0,33,5,15,27,0,17,17,2329,s:40~l:54~t:2329,Lehigh,Mountain Hawks,6c2b2a,b69e70,66,1,22,7,0,0
401823242,2026,12/3/2025,2329,s:40~l:54~t:2329,Lehigh,Mountain Hawks,LEH,6c2b2a,b69e70,home,66,TRUE,14,1,20,44,24,54,NA,13,67,10,15,14,10,7,2,0,28,8,29,30,0,11,11,172,s:40~l:54~t:172,Cornell,Big Red,b31b1b,ffffff,52,12,30,19,0,99
401822288,2026,12/3/2025,276,s:40~l:54~t:276,Marshall,Thundering Herd,MRSH,00b140,000000,away,75,TRUE,16,3,24,42,26,62,NA,18,92,11,12,23,12,11,1,0,36,12,33,36,0,17,17,2154,s:40~l:54~t:2154,Coppin State,Eagles,2e3192,ffd204,53,6,28,30,2,99
401813854,2026,12/3/2025,315,s:40~l:54~t:315,Niagara,Purple Eagles,NIA,69207E,f0f0f0,away,51,FALSE,11,1,14,30,16,53,NA,22,60,15,25,2,13,20,1,0,29,4,14,27,0,32,32,2084,s:40~l:54~t:2084,Buffalo,Bulls,005bbb,ffffff,77,5,18,23,1,2
401806386,2026,12/3/2025,258,s:40~l:54~t:258,Virginia,Cavaliers,UVA,f84c1e,232d4b,away,68,FALSE,14,3,22,47,27,58,NA,21,60,6,10,6,9,10,0,0,38,8,21,31,0,18,18,238,s:40~l:54~t:238,Vanderbilt,Commodores,000000,cfae70,81,21,34,19,6,16
401806380,2026,12/3/2025,2390,s:40~l:54~t:2390,Miami,Hurricanes,MIA,f47423,035131,home,48,FALSE,3,1,21,32,16,50,NA,18,82,14,17,2,11,5,0,0,11,2,18,32,0,15,15,96,s:40~l:54~t:96,Kentucky,Wildcats,0033a0,ffffff,64,0,20,11,3,13
401806384,2026,12/3/2025,183,s:40~l:54~t:183,Syracuse,Orange,SYR,000e54,ff431b,home,66,TRUE,8,7,27,35,22,63,NA,15,81,22,27,7,16,15,1,0,0,0,16,43,0,23,23,2,s:40~l:54~t:2,Auburn,Tigers,002b5c,f26522,60,12,38,27,5,55
401806383,2026,12/3/2025,61,s:40~l:54~t:61,Georgia,Lady Bulldogs,UGA,ba0c2f,2c2a29,away,80,TRUE,14,3,30,45,30,67,NA,14,75,12,16,23,10,10,0,0,33,8,24,40,0,9,9,52,s:40~l:54~t:52,Florida State,Seminoles,782f40,ceb888,60,12,26,20,5,91
401806383,2026,12/3/2025,52,s:40~l:54~t:52,Florida State,Seminoles,FSU,782f40,ceb888,home,60,FALSE,13,4,30,36,22,61,NA,14,88,7,8,3,8,3,1,0,31,9,29,38,0,18,18,61,s:40~l:54~t:61,Georgia,Lady Bulldogs,ba0c2f,2c2a29,80,0,14,10,5,6
401825831,2026,12/3/2025,113,s:40~l:54~t:113,Massachusetts,Minutewomen,MASS,881c1c,ffffff,away,71,TRUE,13,3,25,48,28,58,NA,13,64,9,14,26,15,12,1,0,35,6,17,40,0,20,20,111,s:40~l:54~t:111,Northeastern,Huskies,CC0001,c2c3c0,52,14,40,16,0,97
401822797,2026,12/3/2025,252,s:40~l:54~t:252,BYU,Cougars,BYU,0047ba,002e5d,home,56,TRUE,3,1,27,36,21,59,NA,14,85,11,13,10,15,5,0,0,21,3,14,42,0,18,18,265,s:40~l:54~t:265,Washington State,Cougars,a60f2d,4d4d4d,54,7,30,18,7,66
401823694,2026,12/3/2025,301,s:40~l:54~t:301,San Diego,Toreros,USD,2f99d4,2f99d4,home,55,FALSE,7,4,22,34,19,56,NA,18,88,15,17,3,15,11,2,0,13,2,16,37,0,22,22,2066,s:40~l:54~t:2066,Binghamton,Bearcats,00614A,f0f0f0,63,8,32,13,3,7
401808055,2026,12/3/2025,70,s:40~l:54~t:70,Idaho,Vandals,IDHO,000000,8c6e4a,home,89,FALSE,17,6,29,47,39,83,NA,19,89,8,9,14,19,6,0,0,15,3,20,48,0,14,14,198,s:40~l:54~t:198,Oral Roberts,Golden Eagles,002462,dac792,92,12,64,8,10,79
401826659,2026,12/3/2025,2181,s:40~l:54~t:2181,Drake,Bulldogs,DRKE,005596,bec0c2,home,52,FALSE,11,5,26,35,18,51,NA,18,77,10,13,0,8,3,1,0,26,6,23,34,0,19,19,2815,s:40~l:54~t:2815,Lindenwood,Lions,000000,NA,68,0,20,5,0,0
401825840,2026,12/3/2025,2464,s:40~l:54~t:2464,Northern Arizona,Lumberjacks,NAU,003976,1b3069,away,66,FALSE,15,1,24,38,24,64,NA,24,87,13,15,13,13,13,1,1,33,5,15,37,1,13,13,2900,s:40~l:54~t:2900,St. Thomas-Minnesota,Tommies,000000,NA,74,13,28,14,1,76
401825840,2026,12/3/2025,2900,s:40~l:54~t:2900,St. Thomas-Minnesota,Tommies,STMN,000000,NA,home,74,TRUE,14,9,28,43,23,54,NA,15,78,21,27,8,12,6,1,0,33,7,21,40,0,21,21,2464,s:40~l:54~t:2464,Northern Arizona,Lumberjacks,003976,1b3069,66,16,32,12,1,9
401825094,2026,12/3/2025,79,s:40~l:54~t:79,Southern Illinois,Salukis,SIU,85283D,c2c3c0,away,54,FALSE,8,2,22,34,20,59,NA,16,79,11,14,4,12,7,0,1,30,3,10,34,1,15,15,5,s:40~l:54~t:5,UAB,Blazers,1a5632,fdb913,81,0,24,8,1,4
401825094,2026,12/3/2025,5,s:40~l:54~t:5,UAB,Blazers,UAB,1a5632,fdb913,home,81,TRUE,21,2,27,53,30,57,NA,15,60,6,10,27,7,5,1,0,47,15,32,34,0,13,13,79,s:40~l:54~t:79,Southern Illinois,Salukis,85283D,c2c3c0,54,10,26,17,1,91
401829302,2026,12/3/2025,2132,s:40~l:54~t:2132,Cincinnati,Bearcats,CIN,000000,e00122,home,71,FALSE,11,7,29,37,28,76,NA,15,57,12,21,13,19,9,2,0,21,3,14,48,0,16,16,193,s:40~l:54~t:193,Miami (OH),RedHawks,c41230,ffffff,75,19,40,17,6,46
401822153,2026,12/3/2025,154,s:40~l:54~t:154,Wake Forest,Demon Deacons,WAKE,ceb888,2c2a29,home,64,FALSE,14,2,27,46,26,56,NA,17,75,3,4,6,4,7,1,0,38,9,24,31,0,17,17,2729,s:40~l:54~t:2729,William & Mary,Tribe,115740,f0b323,67,11,32,12,3,23
401825757,2026,12/3/2025,349,s:40~l:54~t:349,Army,Black Knights,ARMY,000000,d3bc8d,away,65,TRUE,15,1,22,39,23,59,NA,17,82,9,11,23,16,5,1,0,33,10,30,38,0,14,14,2612,s:40~l:54~t:2612,Saint Peter's,Peacocks,004CC2,NA,43,0,26,23,1,93
401825757,2026,12/3/2025,2612,s:40~l:54~t:2612,Saint Peter's,Peacocks,SPU,004CC2,NA,home,43,FALSE,4,1,21,35,15,43,NA,16,61,11,18,1,8,6,2,0,18,2,11,29,0,15,15,349,s:40~l:54~t:349,Army,Black Knights,000000,d3bc8d,65,1,18,17,1,1
401825215,2026,12/3/2025,2717,s:40~l:54~t:2717,Western Carolina,Catamounts,WCU,492F91,bf9e70,home,44,FALSE,7,6,24,18,9,49,NA,21,85,22,26,11,6,11,0,0,13,4,30,30,0,18,18,2908,s:40~l:54~t:2908,South Carolina Upstate,Spartans,008545,000000,55,17,10,13,1,44
401825175,2026,12/3/2025,2653,s:40~l:54~t:2653,Troy,Trojans,TROY,862633,b1b1b1,away,86,TRUE,18,4,27,42,36,85,NA,22,73,8,11,8,23,12,1,0,24,6,25,50,0,16,16,2344,s:40~l:54~t:2344,Longwood,Lancers,003273,9ea2a3,83,16,58,14,1,24
401824212,2026,12/3/2025,2385,s:40~l:54~t:2385,Mercyhurst,Lakers,MERC,000000,NA,home,71,FALSE,7,1,12,43,23,54,NA,19,86,18,21,5,4,8,1,0,33,7,21,16,0,9,9,2523,s:40~l:54~t:2523,Robert Morris,Colonials,00214D,a21d2b,73,11,26,23,2,15
401820865,2026,12/3/2025,2474,s:40~l:54~t:2474,Oakland City,Mighty Oaks,OCU,000000,NA,away,34,FALSE,6,1,19,20,11,54,NA,16,64,9,14,0,6,4,3,0,16,3,19,25,0,31,31,2050,s:40~l:54~t:2050,Ball State,Cardinals,ba0c2f,ffffff,119,1,12,7,0,0
401820855,2026,12/3/2025,191,s:40~l:54~t:191,Heidelberg,Student Princes,HDBG,000000,NA,away,34,FALSE,4,1,17,16,7,45,NA,20,94,17,18,0,8,7,2,0,15,3,20,25,0,35,35,2006,s:40~l:54~t:2006,Akron,Zips,041e42,c5b783,117,6,8,4,0,0
401820855,2026,12/3/2025,2006,s:40~l:54~t:2006,Akron,Zips,AKR,041e42,c5b783,home,117,TRUE,17,5,30,59,44,75,NA,19,73,16,22,83,17,14,0,0,43,13,30,47,0,14,14,191,s:40~l:54~t:191,Heidelberg,Student Princes,000000,NA,34,36,62,39,0,99
401813803,2026,12/3/2025,399,s:40~l:54~t:399,UAlbany,Great Danes,UALB,3D2777,ffffff,away,60,TRUE,15,7,23,41,19,46,NA,16,69,11,16,12,8,6,2,0,58,11,19,31,0,17,17,2529,s:40~l:54~t:2529,Sacred Heart,Pioneers,a40012,c29472,57,2,10,10,3,53
401825938,2026,12/2/2025,38,s:40~l:54~t:38,Colorado,Buffaloes,COLO,cfb87c,000000,home,66,TRUE,15,3,30,37,25,68,NA,15,90,9,10,19,18,8,0,0,26,7,27,48,0,15,15,232,s:40~l:54~t:232,Charleston,Cougars,7a2531,9e8959,47,9,32,19,NA,NA
401826133,2026,12/2/2025,2627,s:40~l:54~t:2627,Tarleton State,Texans,TAR,000000,NA,away,66,TRUE,11,3,30,38,23,61,NA,16,74,14,19,37,13,11,2,1,30,6,20,43,1,19,19,2400,s:40~l:54~t:2400,Mississippi Valley State,Devilettes,005328,cf2d34,50,12,28,19,NA,NA
401826133,2026,12/2/2025,2400,s:40~l:54~t:2400,Mississippi Valley State,Devilettes,MVSU,005328,cf2d34,home,50,FALSE,13,8,28,34,21,61,NA,18,33,3,9,2,13,8,0,1,23,5,22,41,1,20,20,2627,s:40~l:54~t:2627,Tarleton State,Texans,000000,NA,66,6,20,14,NA,NA
401807895,2026,12/2/2025,292,s:40~l:54~t:292,UT Rio Grande Valley,Vaqueros,RGV,dc6000,e1732d,away,59,FALSE,10,5,26,32,16,50,NA,20,68,23,34,5,10,11,0,0,22,4,18,36,0,19,19,2320,s:40~l:54~t:2320,Lamar,Cardinals,000000,ebebeb,67,21,24,15,NA,NA
401818625,2026,12/2/2025,356,s:40~l:54~t:356,Illinois,Fighting Illini,ILL,ff5f05,13294b,home,90,TRUE,25,4,37,43,36,83,NA,16,83,15,18,53,27,10,0,0,14,3,22,64,0,13,13,91,s:40~l:54~t:91,Bellarmine,Knights,000000,NA,41,21,62,29,NA,NA
401813226,2026,12/2/2025,2649,s:40~l:54~t:2649,Toledo,Rockets,TOL,0b2240,ffcd00,home,79,TRUE,17,3,28,50,30,60,NA,17,62,16,26,20,16,6,0,1,20,3,15,44,1,16,16,2415,s:40~l:54~t:2415,Morgan State,Lady Bears,014786,f47937,66,9,52,21,NA,NA
401822204,2026,12/2/2025,294,s:40~l:54~t:294,Jacksonville,Dolphins,JAX,00523e,NA,away,70,TRUE,5,2,18,42,21,50,NA,14,67,24,36,7,8,9,1,0,36,4,11,26,0,13,13,50,s:40~l:54~t:50,Florida A&M,Rattlers,F89728,00843d,63,19,30,18,1,23
401822204,2026,12/2/2025,50,s:40~l:54~t:50,Florida A&M,Rattlers,FAMU,F89728,00843d,home,63,FALSE,9,2,21,45,25,55,NA,22,69,9,13,11,8,7,0,0,33,4,12,29,0,20,20,294,s:40~l:54~t:294,Jacksonville,Dolphins,00523e,NA,70,7,30,11,1,67
401829774,2026,12/2/2025,2771,s:40~l:54~t:2771,Merrimack,Warriors,MRMK,2f4f93,e8c535,away,59,TRUE,12,3,29,39,26,66,NA,18,20,1,5,2,9,7,0,0,30,6,20,38,0,8,8,159,s:40~l:54~t:159,Dartmouth,Big Green,005730,000000,57,9,36,8,NA,NA
401829774,2026,12/2/2025,159,s:40~l:54~t:159,Dartmouth,Big Green,DART,005730,000000,home,57,FALSE,14,2,32,34,21,61,NA,11,53,10,19,7,16,1,0,0,22,5,23,48,0,11,11,2771,s:40~l:54~t:2771,Merrimack,Warriors,2f4f93,e8c535,59,5,22,0,NA,NA
401817387,2026,12/2/2025,41,s:40~l:54~t:41,UConn,Huskies,CONN,0c2340,a2aaad,away,85,TRUE,23,3,24,51,32,63,NA,14,67,12,18,38,10,7,0,0,39,9,23,34,0,8,8,58,s:40~l:54~t:58,South Florida,Bulls,006747,cfc493,51,7,44,26,NA,NA
401817387,2026,12/2/2025,58,s:40~l:54~t:58,South Florida,Bulls,USF,006747,cfc493,home,51,FALSE,10,1,24,37,19,52,NA,15,83,10,12,0,10,3,4,0,25,3,12,34,0,20,20,41,s:40~l:54~t:41,UConn,Huskies,0c2340,a2aaad,85,4,24,7,NA,NA
401829371,2026,12/2/2025,2520,s:40~l:54~t:2520,Rider,Broncs,RID,a80532,ebebeb,away,58,TRUE,19,1,34,36,23,64,NA,13,78,7,9,17,13,8,2,0,18,5,28,47,0,13,13,112358,s:40~l:54~t:112358,Long Island University,Sharks,50c9f7,ffbf00,43,2,22,8,NA,NA
401829371,2026,12/2/2025,112358,s:40~l:54~t:112358,Long Island University,Sharks,LIU,50c9f7,ffbf00,home,43,FALSE,10,1,25,27,14,52,NA,14,88,14,16,2,6,4,0,1,6,1,18,31,1,13,13,2520,s:40~l:54~t:2520,Rider,Broncs,a80532,ebebeb,58,0,16,8,NA,NA
401829510,2026,12/2/2025,2866,s:40~l:54~t:2866,Evergreen State,Geoducks,ESC,000000,NA,away,37,FALSE,4,3,17,23,14,61,NA,8,33,4,12,0,13,3,0,0,19,5,26,30,0,16,16,2547,s:40~l:54~t:2547,Seattle U,Redhawks,BF2E1A,c2c3c0,102,2,10,2,NA,NA
401829510,2026,12/2/2025,2547,s:40~l:54~t:2547,Seattle U,Redhawks,SEA,BF2E1A,c2c3c0,home,102,TRUE,25,6,36,57,42,74,NA,14,70,7,10,66,16,11,0,0,55,11,20,52,0,8,8,2866,s:40~l:54~t:2866,Evergreen State,Geoducks,000000,NA,37,16,62,21,NA,NA
401826625,2026,12/2/2025,309,s:40~l:54~t:309,Louisiana,Ragin' Cajuns,UL,ce181e,000000,home,47,FALSE,4,1,22,26,16,62,NA,18,83,15,18,0,13,8,0,0,0,0,9,35,0,12,12,2837,s:40~l:54~t:2837,East Texas A&M,Lions,000000,NA,72,6,18,15,NA,NA
401826156,2026,12/2/2025,241,s:40~l:54~t:241,McMurry,War Hawks,MCM,98002e,000000,away,60,FALSE,12,1,15,35,20,57,NA,15,73,16,22,1,7,9,0,0,20,4,20,22,0,16,16,2000,s:40~l:54~t:2000,Abilene Christian,Wildcats,592d82,b1b3b3,112,5,22,13,NA,NA
401829537,2026,12/2/2025,112102,s:40~l:54~t:112102,Columbia (SC),Koalas,CCSC,NA,NA,away,25,FALSE,5,3,22,16,10,61,NA,9,100,4,4,0,8,7,0,0,6,1,16,30,0,25,25,2430,s:40~l:54~t:2430,UNC Greensboro,Spartans,003559,ffd90a,96,4,16,4,NA,NA
401825988,2026,12/1/2025,135,s:40~l:54~t:135,Minnesota,Golden Gophers,MINN,5e0a2f,fab41c,home,77,TRUE,20,5,34,47,34,72,NA,14,70,7,10,42,19,8,0,0,11,2,18,53,0,10,10,2535,s:40~l:54~t:2535,Samford,Bulldogs,005485,bc0023,40,9,56,20,NA,NA
401825113,2026,12/1/2025,2110,s:40~l:54~t:2110,Central Arkansas,Sugar Bears,CARK,a7a9ac,8e959a,home,74,TRUE,16,5,22,35,28,79,NA,10,75,9,12,45,18,24,1,0,22,9,40,40,0,6,6,418,s:40~l:54~t:418,Hendrix College,Warriors,NA,NA,32,18,38,32,NA,NA
401823658,2026,12/1/2025,2572,s:40~l:54~t:2572,Southern Miss,Lady Eagles,USM,ffc72c,231f20,away,70,FALSE,11,2,20,44,26,59,NA,25,75,12,16,5,8,11,1,0,32,6,19,28,0,15,15,2567,s:40~l:54~t:2567,SMU,Mustangs,a80000,0033a1,83,11,36,16,NA,NA
401825729,2026,12/1/2025,277,s:40~l:54~t:277,West Virginia,Mountaineers,WVU,eaaa00,002855,home,59,FALSE,6,4,25,33,19,58,NA,15,64,18,28,0,15,4,0,0,30,3,10,40,0,16,16,222,s:40~l:54~t:222,Villanova,Wildcats,00205b,13b5ea,81,6,32,6,NA,NA
401830464,2026,12/1/2025,2016,s:40~l:54~t:2016,Alcorn State,Lady Braves,ALCN,4b0058,46166a,home,72,TRUE,18,7,40,41,25,61,NA,8,55,12,22,40,17,9,4,0,56,10,18,57,0,11,11,2892,s:40~l:54~t:2892,Rust College,Bearcats,000000,NA,32,18,30,18,NA,NA
401825848,2026,12/1/2025,2241,s:40~l:54~t:2241,Gardner-Webb,Runnin' Bulldogs,GWEB,c12535,909090,home,53,FALSE,12,2,20,35,19,54,NA,19,67,10,15,0,10,8,0,0,22,5,23,30,0,12,12,2026,s:40~l:54~t:2026,App State,Mountaineers,000000,ffcd00,63,2,22,21,NA,NA
401825135,2026,12/1/2025,2029,s:40~l:54~t:2029,Arkansas-Pine Bluff,Golden Lions,UAPB,e0aa0f,eaaa00,away,50,TRUE,6,0,26,36,19,53,NA,16,50,9,18,2,14,14,3,0,20,3,15,40,0,22,22,2453,s:40~l:54~t:2453,North Alabama,Lions,000000,NA,48,12,24,16,NA,NA
401825135,2026,12/1/2025,2453,s:40~l:54~t:2453,North Alabama,Lions,UNA,000000,NA,home,48,FALSE,9,2,24,35,19,55,NA,16,57,8,14,12,13,7,0,0,12,2,17,37,0,19,19,2029,s:40~l:54~t:2029,Arkansas-Pine Bluff,Golden Lions,e0aa0f,eaaa00,50,7,24,16,NA,NA
401825128,2026,12/1/2025,288,s:40~l:54~t:288,Lipscomb,Bisons,LIP,20366C,f6b734,away,55,FALSE,7,6,26,42,22,53,NA,13,88,7,8,3,6,6,1,0,22,4,18,32,0,19,19,2635,s:40~l:54~t:2635,Tennessee Tech,Golden Eagles,5A4099,ffde00,68,5,36,18,NA,NA
401824284,2026,12/1/2025,2011,s:40~l:54~t:2011,Alabama State,Lady Hornets,ALST,e9a900,0a0a0a,home,70,TRUE,17,6,26,43,27,63,NA,24,58,14,24,33,13,20,0,0,15,2,13,39,0,19,19,2040,s:40~l:54~t:2040,Auburn Montgomery,Senators,000000,NA,41,24,42,28,NA,NA
401820304,2026,12/1/2025,2820,s:40~l:54~t:2820,New Jersey City,NEW JERSEY CITY,NJCU,000000,NA,away,38,FALSE,2,6,18,30,14,46,NA,10,100,6,6,0,10,5,2,0,29,4,14,28,0,24,24,2619,s:40~l:54~t:2619,Stony Brook,Seawolves,990000,NA,85,2,10,10,NA,NA
401820304,2026,12/1/2025,2619,s:40~l:54~t:2619,Stony Brook,Seawolves,STBK,990000,NA,home,85,TRUE,22,2,22,51,37,73,NA,11,33,1,3,47,20,16,0,0,42,10,24,42,0,9,9,2820,s:40~l:54~t:2820,New Jersey City,NEW JERSEY CITY,000000,NA,38,16,50,28,NA,NA
401826610,2026,12/1/2025,295,s:40~l:54~t:295,Old Dominion,Monarchs,ODU,003768,a1d2f1,home,68,TRUE,12,7,30,47,27,58,NA,12,61,11,18,24,13,8,1,0,21,3,14,43,0,11,11,2169,s:40~l:54~t:2169,Delaware State,Hornets,009cdb,d51c28,45,6,36,14,NA,NA
401824199,2026,12/1/2025,2127,s:40~l:54~t:2127,Charleston Southern,Buccaneers,CHSO,2e3192,ded090,home,83,TRUE,18,1,37,49,27,55,NA,13,76,16,21,27,9,12,1,0,45,13,29,46,0,24,24,2019,s:40~l:54~t:2019,Allen,Yellow Jackets,000000,NA,62,6,22,15,NA,NA
401823156,2026,12/1/2025,399,s:40~l:54~t:399,UAlbany,Great Danes,UALB,3D2777,ffffff,away,65,TRUE,11,4,22,42,23,55,NA,15,65,13,20,3,14,7,0,0,33,6,18,36,0,16,16,2083,s:40~l:54~t:2083,Bucknell,Bison,000060,00316e,62,8,32,17,NA,NA
401822842,2026,12/1/2025,104,s:40~l:54~t:104,Boston University,Terriers,BU,cc0000,ffffff,away,45,FALSE,12,1,29,40,17,42,NA,10,63,5,8,1,5,7,1,0,33,6,18,34,0,21,21,311,s:40~l:54~t:311,Maine,Black Bears,127dbe,NA,54,0,22,11,NA,NA
401822842,2026,12/1/2025,311,s:40~l:54~t:311,Maine,Black Bears,ME,127dbe,NA,home,54,TRUE,14,0,20,33,19,57,NA,10,90,9,10,16,10,11,0,0,24,7,29,30,0,9,9,104,s:40~l:54~t:104,Boston University,Terriers,cc0000,ffffff,45,4,16,20,NA,NA
401819785,2026,12/1/2025,2115,s:40~l:54~t:2115,Central Connecticut,Blue Devils,CCSU,1B49A2,d1d5d8,away,43,FALSE,8,4,22,25,15,60,NA,12,70,7,10,0,17,8,4,0,32,6,19,39,0,20,20,221,s:40~l:54~t:221,Pittsburgh,Panthers,003594,ffb81c,68,7,16,6,NA,NA
401827286,2026,12/1/2025,2447,s:40~l:54~t:2447,Nicholls,Colonels,NICH,C41230,f0f0f0,home,101,TRUE,25,7,36,47,39,83,NA,20,79,19,24,49,20,20,0,0,16,4,25,56,0,13,13,2347,s:40~l:54~t:2347,Louisiana Christian,Wildcats,000000,NA,54,24,64,39,NA,NA
401813266,2026,12/1/2025,333,s:40~l:54~t:333,Alabama,Crimson Tide,ALA,9e1b32,ffffff,home,79,TRUE,16,8,30,46,26,56,NA,21,65,20,31,20,13,8,0,0,35,7,20,43,0,18,18,338,s:40~l:54~t:338,Kennesaw State,Owls,fdbb30,0b1315,65,8,36,11,NA,NA
401822809,2026,11/30/2025,62,s:40~l:54~t:62,Hawai'i,Rainbow Wahine,HAW,005737,000000,home,57,FALSE,11,6,35,38,21,55,NA,12,82,9,11,2,9,4,2,0,46,6,13,44,0,24,24,2541,s:40~l:54~t:2541,Santa Clara,Broncos,690b0b,101010,76,6,26,2,NA,NA
401830923,2026,11/30/2025,201,s:40~l:54~t:201,Oklahoma,Sooners,OU,990000,ffffff,away,109,TRUE,19,6,36,44,32,73,NA,22,80,32,40,21,15,6,0,0,41,13,32,51,0,12,12,52,s:40~l:54~t:52,Florida State,Seminoles,782f40,ceb888,91,34,32,11,NA,NA
401830923,2026,11/30/2025,52,s:40~l:54~t:52,Florida State,Seminoles,FSU,782f40,ceb888,home,91,FALSE,17,2,30,39,27,70,NA,28,72,18,25,9,8,4,1,1,46,19,41,38,1,14,14,201,s:40~l:54~t:201,Oklahoma,Sooners,990000,ffffff,109,9,12,16,NA,NA
401824463,2026,11/30/2025,127,s:40~l:54~t:127,Michigan State,Spartans,MSU,173f35,ffffff,away,72,TRUE,14,6,23,59,26,44,NA,13,67,14,21,16,3,7,1,0,67,6,9,26,0,16,16,228,s:40~l:54~t:228,Clemson,Tigers,f56600,ffffff,64,9,40,19,NA,NA
401824463,2026,11/30/2025,228,s:40~l:54~t:228,Clemson,Tigers,CLEM,f56600,ffffff,home,64,FALSE,14,1,20,39,22,56,NA,18,80,12,15,0,11,6,4,0,30,8,27,31,0,15,15,127,s:40~l:54~t:127,Michigan State,Spartans,173f35,ffffff,72,10,28,14,NA,NA
401808022,2026,11/30/2025,2501,s:40~l:54~t:2501,Portland,Pilots,PORT,330072,a8b3ba,home,73,TRUE,20,7,28,46,30,65,NA,18,44,4,9,17,9,12,1,0,41,9,22,37,0,13,13,331,s:40~l:54~t:331,Eastern Washington,Eagles,a10022,abb4bc,58,11,42,17,NA,NA
401822819,2026,11/30/2025,2863,s:40~l:54~t:2863,Cal State Monterey Bay,Otters,CSMB,000000,NA,away,52,FALSE,9,1,13,29,17,58,NA,15,79,11,14,2,10,11,4,0,35,7,20,23,0,18,18,2539,s:40~l:54~t:2539,San Francisco,Dons,005a36,ffffff,92,8,18,17,NA,NA
401822819,2026,11/30/2025,2539,s:40~l:54~t:2539,San Francisco,Dons,SF,005a36,ffffff,home,92,TRUE,21,3,31,60,34,57,NA,10,84,16,19,52,12,12,0,0,47,8,17,43,0,18,18,2863,s:40~l:54~t:2863,Cal State Monterey Bay,Otters,000000,NA,52,30,50,30,NA,NA
401808082,2026,11/30/2025,28,s:40~l:54~t:28,UC San Diego,Tritons,UCSD,000000,ffcd00,away,94,TRUE,24,3,33,50,36,72,NA,27,85,11,13,31,9,7,0,0,46,11,24,42,0,8,8,2502,s:40~l:54~t:2502,Portland State,Vikings,00311e,ebebeb,64,6,48,23,NA,NA
401818593,2026,11/30/2025,2633,s:40~l:54~t:2633,Tennessee,Lady Volunteers,TENN,ff8200,ffffff,away,77,FALSE,18,3,20,41,29,71,NA,18,89,8,9,2,17,5,1,0,37,11,30,37,0,20,20,26,s:40~l:54~t:26,UCLA,Bruins,2774ae,f2a900,99,5,32,13,NA,NA
401818593,2026,11/30/2025,26,s:40~l:54~t:26,UCLA,Bruins,UCLA,2774ae,f2a900,home,99,TRUE,25,5,21,58,38,65,NA,12,65,13,20,25,12,13,0,0,59,10,17,33,0,12,12,2633,s:40~l:54~t:2633,Tennessee,Lady Volunteers,ff8200,ffffff,77,18,50,29,NA,NA
401829561,2026,11/30/2025,339,s:40~l:54~t:339,Evansville,Purple Aces,EVAN,663399,ef6f00,home,65,TRUE,17,6,31,43,24,56,NA,19,71,12,17,19,11,7,0,0,22,5,23,42,0,12,12,2459,s:40~l:54~t:2459,Northern Illinois,Huskies,c8102e,000000,52,12,34,17,NA,NA
401824462,2026,11/30/2025,2717,s:40~l:54~t:2717,Western Carolina,Catamounts,WCU,492F91,bf9e70,home,64,FALSE,15,3,14,43,23,54,NA,18,53,9,17,0,5,4,0,0,30,7,23,19,0,12,12,218,s:40~l:54~t:218,Temple,Owls,a41e35,ffffff,84,2,30,7,NA,NA
401824712,2026,11/30/2025,2335,s:40~l:54~t:2335,Liberty,Flames,LIB,0a254e,b72025,away,68,TRUE,13,6,32,47,20,43,NA,15,74,20,27,24,13,2,1,0,42,8,19,45,0,30,30,2363,s:40~l:54~t:2363,Manhattan,Jaspers,4f8537,b5b7ba,56,2,22,13,NA,NA
401824712,2026,11/30/2025,2363,s:40~l:54~t:2363,Manhattan,Jaspers,MAN,4f8537,b5b7ba,home,56,FALSE,12,4,14,31,20,65,NA,23,65,11,17,5,17,13,3,0,28,5,18,31,0,14,14,2335,s:40~l:54~t:2335,Liberty,Flames,0a254e,b72025,68,10,22,31,NA,NA
401824184,2026,11/30/2025,239,s:40~l:54~t:239,Baylor,Bears,BAY,154734,ffb81c,home,76,TRUE,21,10,34,51,29,57,NA,7,91,10,11,41,13,3,0,0,35,8,23,47,0,14,14,2755,s:40~l:54~t:2755,Grambling,Lady Tigers,ee8601,ffd10a,35,7,34,10,NA,NA
401828748,2026,11/30/2025,98,s:40~l:54~t:98,Western Kentucky,Lady Toppers,WKU,e13a3e,ffffff,away,60,TRUE,15,9,30,48,24,50,NA,11,60,3,5,11,6,11,1,0,41,9,22,36,0,19,19,79,s:40~l:54~t:79,Southern Illinois,Salukis,85283D,c2c3c0,52,9,24,13,NA,NA
401828748,2026,11/30/2025,79,s:40~l:54~t:79,Southern Illinois,Salukis,SIU,85283D,c2c3c0,home,52,FALSE,16,3,20,31,21,67,NA,10,57,4,7,3,18,13,1,0,25,6,24,38,0,14,14,98,s:40~l:54~t:98,Western Kentucky,Lady Toppers,e13a3e,ffffff,60,2,24,17,NA,NA
401826963,2026,11/30/2025,2900,s:40~l:54~t:2900,St. Thomas-Minnesota,Tommies,STMN,000000,NA,home,77,TRUE,22,5,29,42,27,65,NA,18,70,14,20,37,20,12,1,0,33,9,27,49,0,17,17,2744,s:40~l:54~t:2744,Wisconsin Stout,Blue Devils,000000,NA,40,12,36,17,NA,NA
401825937,2026,11/30/2025,38,s:40~l:54~t:38,Colorado,Buffaloes,COLO,cfb87c,000000,home,70,FALSE,14,5,24,49,24,49,NA,20,78,18,23,13,11,10,1,0,29,4,14,35,0,23,23,147,s:40~l:54~t:147,Montana State,Bobcats,00205c,bc955c,71,6,38,25,NA,NA
401824331,2026,11/30/2025,2504,s:40~l:54~t:2504,Prairie View A&M,Lady Panthers,PV,582c83,eaaa00,away,52,FALSE,7,1,14,34,17,50,NA,19,58,14,24,0,6,11,0,0,27,4,15,20,0,18,18,326,s:40~l:54~t:326,Texas State,Bobcats,501214,6a5638,93,4,20,15,NA,NA
401822277,2026,11/30/2025,2433,s:40~l:54~t:2433,UL Monroe,Warhawks,ULM,840029,fdb913,away,54,FALSE,12,2,19,42,22,52,NA,19,100,2,2,1,11,7,2,0,44,8,18,30,0,26,26,344,s:40~l:54~t:344,Mississippi State,Bulldogs,5d1725,c1c6c8,66,2,24,13,NA,NA
401819537,2026,11/30/2025,3083,s:40~l:54~t:3083,Oakwood,Ambassadors,OAKWO,NA,NA,away,53,FALSE,9,4,26,33,18,55,NA,18,64,14,22,1,10,16,1,0,23,3,13,36,0,29,29,2630,s:40~l:54~t:2630,UT Martin,Skyhawks,FF6700,102a5c,78,19,20,13,NA,NA
401818682,2026,11/30/2025,2483,s:40~l:54~t:2483,Oregon,Ducks,ORE,00934b,fff41b,away,58,TRUE,9,5,33,42,24,57,NA,12,89,8,9,7,8,10,1,0,17,2,12,41,0,16,16,2,s:40~l:54~t:2,Auburn,Tigers,002b5c,f26522,53,21,38,14,NA,NA
401818622,2026,11/30/2025,356,s:40~l:54~t:356,Illinois,Fighting Illini,ILL,ff5f05,13294b,home,100,TRUE,20,5,27,57,37,65,NA,12,88,22,25,72,11,22,0,0,24,4,17,38,0,8,8,2330,s:40~l:54~t:2330,Le Moyne,Dolphins,000000,NA,28,30,58,42,NA,NA
401813744,2026,11/30/2025,2612,s:40~l:54~t:2612,Saint Peter's,Peacocks,SPU,004CC2,NA,away,39,FALSE,9,4,17,27,12,45,NA,15,69,11,16,0,10,8,2,0,20,4,20,27,0,15,15,164,s:40~l:54~t:164,Rutgers,Scarlet Knights,ce0e2d,ffffff,57,0,12,6,NA,NA
401813744,2026,11/30/2025,164,s:40~l:54~t:164,Rutgers,Scarlet Knights,RUTG,ce0e2d,ffffff,home,57,TRUE,12,3,26,45,23,51,NA,13,47,7,15,18,15,9,0,0,27,4,15,41,0,14,14,2612,s:40~l:54~t:2612,Saint Peter's,Peacocks,004CC2,NA,39,6,32,3,NA,NA
401825597,2026,11/30/2025,41,s:40~l:54~t:41,UConn,Huskies,CONN,0c2340,a2aaad,away,104,TRUE,26,3,28,49,35,72,NA,16,73,16,22,65,17,20,0,0,50,18,36,45,0,10,10,2752,s:40~l:54~t:2752,Xavier,Musketeers,21304e,a5a7a8,39,35,32,42,NA,NA
401825597,2026,11/30/2025,2752,s:40~l:54~t:2752,Xavier,Musketeers,XAV,21304e,a5a7a8,home,39,FALSE,8,4,19,22,10,46,NA,19,78,14,18,0,11,4,3,0,25,5,20,30,0,31,31,41,s:40~l:54~t:41,UConn,Huskies,0c2340,a2aaad,104,8,10,8,NA,NA
401818601,2026,11/30/2025,219,s:40~l:54~t:219,Pennsylvania,Quakers,PENN,082A74,a6163d,away,63,FALSE,9,2,19,38,18,48,NA,19,95,20,21,6,6,4,0,0,29,7,24,25,0,17,17,251,s:40~l:54~t:251,Texas,Longhorns,af5c37,ffffff,81,12,12,11,NA,NA
401818601,2026,11/30/2025,251,s:40~l:54~t:251,Texas,Longhorns,TEX,af5c37,ffffff,home,81,TRUE,12,4,25,44,28,64,NA,15,91,20,22,24,19,9,0,0,42,5,12,44,0,11,11,219,s:40~l:54~t:219,Pennsylvania,Quakers,082A74,a6163d,63,9,36,23,NA,NA
401817568,2026,11/30/2025,97,s:40~l:54~t:97,Louisville,Cardinals,LOU,c9001f,ffffff,home,100,TRUE,26,4,40,51,38,74,NA,11,73,11,15,65,18,9,0,0,38,13,34,58,0,12,12,91,s:40~l:54~t:91,Bellarmine,Knights,000000,NA,37,12,48,21,NA,NA
401826617,2026,11/30/2025,276,s:40~l:54~t:276,Marshall,Thundering Herd,MRSH,00b140,000000,away,56,FALSE,7,6,24,33,20,61,NA,17,62,8,13,4,15,7,0,0,29,8,28,39,0,17,17,2413,s:40~l:54~t:2413,Morehead State,Eagles,094FA3,fed91a,66,3,22,13,NA,NA
401824980,2026,11/30/2025,112358,s:40~l:54~t:112358,Long Island University,Sharks,LIU,50c9f7,ffbf00,away,51,FALSE,6,5,20,29,15,51,NA,21,75,15,20,5,9,8,0,0,40,6,15,29,0,24,24,2230,s:40~l:54~t:2230,Fordham,Rams,830032,909090,72,7,14,11,NA,NA
401823673,2026,11/30/2025,2379,s:40~l:54~t:2379,Maryland Eastern Shore,Hawks,UMES,5c2301,b5b7ba,away,59,FALSE,9,2,18,31,18,58,NA,17,67,18,27,4,14,5,0,0,38,5,13,32,0,10,10,258,s:40~l:54~t:258,Virginia,Cavaliers,f84c1e,232d4b,92,0,20,2,NA,NA
401823673,2026,11/30/2025,258,s:40~l:54~t:258,Virginia,Cavaliers,UVA,f84c1e,232d4b,home,92,TRUE,19,13,30,55,35,64,NA,20,64,14,22,33,15,7,0,0,42,8,19,45,0,9,9,2379,s:40~l:54~t:2379,Maryland Eastern Shore,Hawks,5c2301,b5b7ba,59,14,44,19,NA,NA
401823664,2026,11/30/2025,47,s:40~l:54~t:47,Howard,Bison,HOW,003a63,e51937,away,62,FALSE,12,5,18,38,23,61,NA,15,78,14,18,2,15,8,1,0,22,2,9,33,0,15,15,183,s:40~l:54~t:183,Syracuse,Orange,000e54,ff431b,78,4,34,18,NA,NA
401823664,2026,11/30/2025,183,s:40~l:54~t:183,Syracuse,Orange,SYR,000e54,ff431b,home,78,TRUE,23,10,24,51,31,61,NA,14,63,12,19,18,15,11,1,0,29,4,14,39,0,16,16,47,s:40~l:54~t:47,Howard,Bison,003a63,e51937,62,17,48,22,NA,NA
401823241,2026,11/30/2025,172,s:40~l:54~t:172,Cornell,Big Red,COR,b31b1b,ffffff,away,54,FALSE,10,1,16,42,20,48,NA,17,62,13,21,2,10,10,1,0,7,1,15,26,0,14,14,2681,s:40~l:54~t:2681,Wagner,Seahawks,00483A,ffffff,67,4,26,18,NA,NA
401823241,2026,11/30/2025,2681,s:40~l:54~t:2681,Wagner,Seahawks,WAG,00483A,ffffff,home,67,TRUE,19,4,22,50,25,50,NA,22,67,12,18,14,12,5,2,0,42,5,12,34,0,18,18,172,s:40~l:54~t:172,Cornell,Big Red,b31b1b,ffffff,54,8,34,13,NA,NA
401823132,2026,11/30/2025,2329,s:40~l:54~t:2329,Lehigh,Mountain Hawks,LEH,6c2b2a,b69e70,home,58,TRUE,13,2,27,35,19,54,NA,12,72,13,18,9,7,8,1,0,21,7,34,34,0,14,14,225,s:40~l:54~t:225,Brown,Bears,411e09,949300,54,5,24,14,NA,NA
401822266,2026,11/30/2025,48,s:40~l:54~t:48,Delaware,Blue Hens,DEL,00539f,ffd200,home,91,TRUE,10,1,26,46,31,67,NA,14,79,22,28,13,18,6,0,0,70,7,10,44,0,16,16,119,s:40~l:54~t:119,Towson,Tigers,FFC229,NA,80,13,34,14,NA,NA
401822151,2026,11/30/2025,107,s:40~l:54~t:107,Holy Cross,Crusaders,HC,582c83,ffffff,home,64,TRUE,20,5,35,43,27,63,NA,9,67,6,9,32,9,9,1,0,27,4,15,44,0,15,15,160,s:40~l:54~t:160,New Hampshire,Wildcats,004990,c3c4c6,45,5,36,18,NA,NA
401820058,2026,11/30/2025,50,s:40~l:54~t:50,Florida A&M,Rattlers,FAMU,F89728,00843d,away,54,FALSE,9,5,26,31,18,58,NA,27,75,18,24,3,11,7,1,1,0,0,12,37,1,18,18,6,s:40~l:54~t:6,South Alabama,Jaguars,00205b,bf0d3e,75,11,20,13,NA,NA
401813199,2026,11/30/2025,2870,s:40~l:54~t:2870,Purdue Fort Wayne,Mastodons,PFW,cfb991,000000,away,53,FALSE,7,2,26,35,18,51,NA,14,71,12,17,4,11,4,0,0,29,5,17,37,0,19,19,189,s:40~l:54~t:189,Bowling Green,Falcons,fd5000,4f2c1d,56,4,26,6,NA,NA
401813199,2026,11/30/2025,189,s:40~l:54~t:189,Bowling Green,Falcons,BGSU,fd5000,4f2c1d,home,56,TRUE,13,7,24,35,21,60,NA,17,100,8,8,8,13,12,2,0,21,6,29,37,0,15,15,2870,s:40~l:54~t:2870,Purdue Fort Wayne,Mastodons,cfb991,000000,53,7,28,10,NA,NA
401807946,2026,11/30/2025,2443,s:40~l:54~t:2443,New Orleans,Privateers,UNO,005da6,a2a9ae,away,58,FALSE,10,3,18,30,20,66,NA,22,61,11,18,2,10,4,0,0,26,7,27,28,0,12,12,58,s:40~l:54~t:58,South Florida,Bulls,006747,cfc493,90,2,26,15,NA,NA
401807946,2026,11/30/2025,58,s:40~l:54~t:58,South Florida,Bulls,USF,006747,cfc493,home,90,TRUE,24,5,38,51,32,63,NA,21,80,20,25,39,17,3,0,0,30,6,20,55,0,16,16,2443,s:40~l:54~t:2443,New Orleans,Privateers,005da6,a2a9ae,58,12,44,13,NA,NA
401824461,2026,11/30/2025,2032,s:40~l:54~t:2032,Arkansas State,Red Wolves,ARST,cc092f,000000,away,74,TRUE,16,3,19,42,26,62,NA,20,80,8,10,23,12,9,0,0,39,14,36,31,0,15,15,2309,s:40~l:54~t:2309,Kent State,Golden Flashes,002664,eaab00,54,7,22,23,NA,NA
401824461,2026,11/30/2025,2309,s:40~l:54~t:2309,Kent State,Golden Flashes,KENT,002664,eaab00,home,54,FALSE,13,0,24,39,21,54,NA,10,77,10,13,0,14,7,4,0,15,2,13,38,0,25,25,2032,s:40~l:54~t:2032,Arkansas State,Red Wolves,cc092f,000000,74,8,36,16,NA,NA
401830922,2026,11/30/2025,84,s:40~l:54~t:84,Indiana,Hoosiers,IU,970310,ffffff,away,95,FALSE,12,1,21,51,32,63,NA,25,92,23,25,3,7,4,0,0,32,8,25,28,0,8,8,66,s:40~l:54~t:66,Iowa State,Cyclones,ae192d,ffc72a,106,8,34,14,NA,NA
401830922,2026,11/30/2025,66,s:40~l:54~t:66,Iowa State,Cyclones,ISU,ae192d,ffc72a,home,106,TRUE,22,3,23,64,39,61,NA,20,79,22,28,19,6,3,0,0,43,6,14,29,0,9,9,84,s:40~l:54~t:84,Indiana,Hoosiers,970310,ffffff,95,2,62,10,NA,NA
401831270,2026,11/30/2025,2547,s:40~l:54~t:2547,Seattle U,Redhawks,SEA,BF2E1A,c2c3c0,away,59,FALSE,15,2,34,38,21,55,NA,16,86,12,14,3,9,6,3,0,20,5,25,43,0,22,22,2229,s:40~l:54~t:2229,Florida International,Panthers,091f3f,c3993f,64,12,30,10,12,14
401824078,2026,11/30/2025,108,s:40~l:54~t:108,Harvard,Crimson,HARV,990000,dbdbdb,away,69,TRUE,16,3,23,38,23,61,NA,15,65,11,17,24,19,11,2,0,40,12,30,42,0,20,20,8,s:40~l:54~t:8,Arkansas,Razorbacks,a32136,ffffff,51,6,20,17,NA,NA
401824078,2026,11/30/2025,8,s:40~l:54~t:8,Arkansas,Razorbacks,ARK,a32136,ffffff,home,51,FALSE,7,5,20,38,17,45,NA,18,60,12,20,1,7,11,1,0,26,5,19,27,0,21,21,108,s:40~l:54~t:108,Harvard,Crimson,990000,dbdbdb,69,10,22,12,NA,NA
401818633,2026,11/30/2025,2217,s:40~l:54~t:2217,Fairfield,Stags,FAIR,000000,ebebeb,away,72,FALSE,17,1,18,40,26,65,NA,26,40,2,5,11,8,4,3,0,46,18,39,26,0,16,16,2294,s:40~l:54~t:2294,Iowa,Hawkeyes,231f20,fcd116,86,5,14,13,2,25
401818633,2026,11/30/2025,2294,s:40~l:54~t:2294,Iowa,Hawkeyes,IOWA,231f20,fcd116,home,86,TRUE,21,7,32,51,29,57,NA,15,69,18,26,17,12,8,1,1,48,10,21,44,1,16,16,2217,s:40~l:54~t:2217,Fairfield,Stags,000000,ebebeb,72,9,30,14,2,72
401828552,2026,11/30/2025,88,s:40~l:54~t:88,Southern Indiana,Screaming Eagles,USI,000000,NA,away,71,FALSE,13,7,36,40,28,70,NA,20,67,10,15,7,11,12,1,0,36,5,14,47,0,16,16,94,s:40~l:54~t:94,Northern Kentucky,Norse,ffc82e,000000,77,9,40,16,NA,NA
401828552,2026,11/30/2025,94,s:40~l:54~t:94,Northern Kentucky,Norse,NKU,ffc82e,000000,home,77,TRUE,11,3,31,36,24,67,NA,15,73,16,22,6,10,7,0,0,38,13,34,41,0,15,15,88,s:40~l:54~t:88,Southern Indiana,Screaming Eagles,000000,NA,71,4,18,14,NA,NA
401827730,2026,11/30/2025,2241,s:40~l:54~t:2241,Gardner-Webb,Runnin' Bulldogs,GWEB,c12535,909090,away,57,FALSE,8,0,18,36,21,59,NA,21,78,7,9,0,12,9,3,0,24,8,33,30,0,27,27,324,s:40~l:54~t:324,Coastal Carolina,Chanticleers,006f71,a27752,108,0,18,13,NA,NA
401827730,2026,11/30/2025,324,s:40~l:54~t:324,Coastal Carolina,Chanticleers,CCU,006f71,a27752,home,108,TRUE,26,6,27,58,39,67,NA,13,55,16,29,55,17,17,0,0,52,14,27,44,0,17,17,2241,s:40~l:54~t:2241,Gardner-Webb,Runnin' Bulldogs,c12535,909090,57,17,48,42,NA,NA
401827437,2026,11/30/2025,195,s:40~l:54~t:195,Ohio,Bobcats,OHIO,154734,ffffff,away,59,FALSE,7,1,20,38,18,48,NA,19,68,13,19,4,6,10,0,0,42,10,24,26,0,18,18,2166,s:40~l:54~t:2166,Davidson,Wildcats,000000,e51837,64,6,16,15,NA,NA
401826064,2026,11/30/2025,301,s:40~l:54~t:301,San Diego,Toreros,USD,2f99d4,2f99d4,home,65,TRUE,15,4,29,36,23,64,NA,15,75,15,20,11,21,6,0,0,21,4,19,50,0,16,16,2546,s:40~l:54~t:2546,Southeast Missouri State,Redhawks,c8102e,000000,55,24,34,19,NA,NA
401823719,2026,11/30/2025,2349,s:40~l:54~t:2349,UMass Lowell,River Hawks,UML,000000,cf1f2f,home,82,TRUE,16,6,34,44,32,73,NA,11,53,10,19,47,23,13,1,0,38,8,21,57,0,16,16,110398,s:40~l:54~t:110398,Maine-Fort Kent,Bengals,NA,NA,36,15,44,19,NA,NA
401823710,2026,11/30/2025,322,s:40~l:54~t:322,Lafayette,Leopards,LAF,790000,a59474,away,60,FALSE,6,4,19,35,20,57,NA,7,85,17,20,0,12,8,0,0,21,3,14,31,0,13,13,2885,s:40~l:54~t:2885,NJIT,Highlanders,EE3024,df3e2e,71,9,22,16,NA,NA
401823701,2026,11/30/2025,2507,s:40~l:54~t:2507,Providence,Friars,PROV,000000,a3a19e,home,62,TRUE,11,3,27,37,23,62,NA,10,69,11,16,17,16,7,0,0,42,5,12,43,0,13,13,2803,s:40~l:54~t:2803,Bryant,Bulldogs,000000,9f8343,53,11,32,15,NA,NA
401823062,2026,11/30/2025,2426,s:40~l:54~t:2426,Navy,Midshipmen,NAVY,00225b,b5a67c,home,67,FALSE,18,4,32,32,25,77,NA,21,58,7,12,14,20,12,0,0,34,10,29,52,0,18,18,2184,s:40~l:54~t:2184,Duquesne,Dukes,002D62,b90b2e,69,11,24,20,NA,NA
401822231,2026,11/30/2025,305,s:40~l:54~t:305,DePaul,Blue Demons,DEP,2d649c,ce1125,away,41,FALSE,10,3,21,23,15,65,NA,14,70,7,10,0,16,10,2,0,20,4,20,37,0,19,19,163,s:40~l:54~t:163,Princeton,Tigers,000000,ff6000,71,6,22,11,NA,NA
401818695,2026,11/30/2025,2509,s:40~l:54~t:2509,Purdue,Boilermakers,PUR,ceb888,000000,away,55,FALSE,11,0,16,40,22,55,NA,19,80,8,10,16,8,10,0,0,27,3,11,24,0,15,15,2117,s:40~l:54~t:2117,Central Michigan,Chippewas,4c0027,fbab18,57,7,34,23,NA,NA
401818695,2026,11/30/2025,2117,s:40~l:54~t:2117,Central Michigan,Chippewas,CMU,4c0027,fbab18,home,57,TRUE,12,6,24,44,20,45,NA,14,88,14,16,2,8,5,1,0,25,3,12,32,0,21,21,2509,s:40~l:54~t:2509,Purdue,Boilermakers,ceb888,000000,55,6,28,13,NA,NA
401813878,2026,11/30/2025,2385,s:40~l:54~t:2385,Mercyhurst,Lakers,MERC,000000,NA,away,67,FALSE,13,1,13,31,21,68,NA,22,75,15,20,14,17,15,0,0,26,10,38,30,0,11,11,2099,s:40~l:54~t:2099,Canisius,Golden Griffins,004a81,dda50f,75,15,22,28,NA,NA
401813878,2026,11/30/2025,2099,s:40~l:54~t:2099,Canisius,Golden Griffins,CAN,004a81,dda50f,home,75,TRUE,17,2,32,55,28,51,NA,17,70,14,20,13,12,5,1,0,36,5,14,44,0,23,23,2385,s:40~l:54~t:2385,Mercyhurst,Lakers,000000,NA,67,9,44,7,NA,NA
401813853,2026,11/30/2025,315,s:40~l:54~t:315,Niagara,Purple Eagles,NIA,69207E,f0f0f0,away,32,FALSE,6,1,17,16,10,63,NA,24,83,10,12,1,20,6,1,0,12,2,17,37,0,43,43,194,s:40~l:54~t:194,Ohio State,Buckeyes,ba0c2f,a8adb4,130,2,12,6,NA,NA
401813853,2026,11/30/2025,194,s:40~l:54~t:194,Ohio State,Buckeyes,OSU,ba0c2f,a8adb4,home,130,TRUE,37,11,34,61,52,85,NA,15,67,16,24,103,20,23,1,0,42,10,24,54,0,18,18,315,s:40~l:54~t:315,Niagara,Purple Eagles,69207E,f0f0f0,32,55,84,58,NA,NA
401820854,2026,11/30/2025,2754,s:40~l:54~t:2754,Youngstown State,Penguins,YSU,E51937,690717,away,90,TRUE,19,6,32,56,33,59,NA,16,95,20,21,32,10,7,1,0,27,4,15,42,0,11,11,2006,s:40~l:54~t:2006,Akron,Zips,041e42,c5b783,63,14,50,11,NA,NA
401820854,2026,11/30/2025,2006,s:40~l:54~t:2006,Akron,Zips,AKR,041e42,c5b783,home,63,FALSE,12,1,16,36,21,59,NA,20,59,13,22,0,10,4,0,0,40,8,20,26,0,13,13,2754,s:40~l:54~t:2754,Youngstown State,Penguins,E51937,690717,90,9,26,10,NA,NA
401817308,2026,11/30/2025,2193,s:40~l:54~t:2193,East Tennessee State,Bucs,ETSU,002d61,ffc423,away,60,TRUE,7,2,30,40,22,55,NA,9,92,11,12,9,9,3,1,0,29,5,17,39,0,17,17,2197,s:40~l:54~t:2197,Eastern Illinois,Panthers,000000,bebab9,54,2,24,12,NA,NA
401831269,2026,11/30/2025,2506,s:40~l:54~t:2506,Presbyterian,Blue Hose,PRES,194896,990134,away,48,FALSE,8,5,19,28,16,58,NA,18,74,14,19,0,13,7,0,0,17,2,12,32,0,16,16,2378,s:40~l:54~t:2378,UMBC,Retrievers,000000,ad860a,68,7,24,11,NA,NA
401830921,2026,11/30/2025,269,s:40~l:54~t:269,Marquette,Golden Eagles,MARQ,003366,ffcc00,home,61,FALSE,13,3,23,42,24,57,NA,13,58,7,12,8,4,8,0,0,35,6,17,27,0,14,14,2250,s:40~l:54~t:2250,Gonzaga,Bulldogs,041e42,c8102e,65,13,32,14,NA,NA
401824460,2026,11/30/2025,202,s:40~l:54~t:202,Tulsa,Golden Hurricane,TLSA,003595,d0b787,away,61,FALSE,14,5,20,42,22,53,NA,20,88,15,17,7,12,5,2,0,10,2,20,32,0,23,23,248,s:40~l:54~t:248,Houston,Cougars,c8102e,ffffff,66,9,40,11,NA,NA
401825120,2026,11/29/2025,2653,s:40~l:54~t:2653,Troy,Trojans,TROY,862633,b1b1b1,away,74,TRUE,11,3,30,42,29,69,NA,18,52,13,25,12,17,6,0,0,17,3,18,47,0,9,9,526,s:40~l:54~t:526,Florida Gulf Coast,Eagles,00885a,076c3b,70,3,44,8,NA,NA
401825120,2026,11/29/2025,526,s:40~l:54~t:526,Florida Gulf Coast,Eagles,FGCU,00885a,076c3b,home,70,FALSE,16,2,30,46,26,57,NA,19,56,10,18,6,4,3,0,0,31,8,26,34,0,10,10,2653,s:40~l:54~t:2653,Troy,Trojans,862633,b1b1b1,74,9,32,11,NA,NA
401825871,2026,11/29/2025,9,s:40~l:54~t:9,Arizona State,Sun Devils,ASU,ffc627,8c1d40,home,85,TRUE,21,4,28,47,37,79,NA,13,62,8,13,30,18,13,0,0,17,3,18,46,0,10,10,2546,s:40~l:54~t:2546,Southeast Missouri State,Redhawks,c8102e,000000,56,21,60,27,NA,NA
401826106,2026,11/29/2025,2239,s:40~l:54~t:2239,Cal State Fullerton,Titans,CSUF,003767,ff8300,home,62,FALSE,12,1,22,44,25,57,NA,20,60,9,15,5,8,8,2,0,38,3,8,30,0,19,19,2351,s:40~l:54~t:2351,Loyola Marymount,Lions,880029,00345b,73,7,40,17,NA,NA
401822258,2026,11/29/2025,2934,s:40~l:54~t:2934,Cal State Bakersfield,Roadrunners,CSUB,003BAB,NA,away,63,FALSE,14,3,26,34,22,65,NA,21,67,10,15,2,11,9,1,0,30,9,30,37,0,17,17,12,s:40~l:54~t:12,Arizona,Wildcats,cc0033,003366,78,2,16,20,NA,NA
401822258,2026,11/29/2025,12,s:40~l:54~t:12,Arizona,Wildcats,ARIZ,cc0033,003366,home,78,TRUE,18,5,28,50,30,60,NA,16,68,15,22,16,6,12,0,0,27,3,11,34,0,13,13,2934,s:40~l:54~t:2934,Cal State Bakersfield,Roadrunners,003BAB,NA,63,18,50,20,NA,NA
401819611,2026,11/29/2025,24,s:40~l:54~t:24,Stanford,Cardinal,STAN,8c1515,ffffff,home,62,TRUE,8,4,22,45,23,51,NA,16,75,12,16,5,9,6,1,0,31,4,13,31,0,11,11,36,s:40~l:54~t:36,Colorado State,Rams,004c23,c8c372,60,2,34,9,NA,NA
401829313,2026,11/29/2025,62,s:40~l:54~t:62,Hawai'i,Rainbow Wahine,HAW,005737,000000,home,59,FALSE,13,7,20,37,20,54,NA,16,62,13,21,3,17,5,0,0,33,6,18,37,0,21,21,2815,s:40~l:54~t:2815,Lindenwood,Lions,000000,NA,68,6,24,11,NA,NA
401827570,2026,11/29/2025,300,s:40~l:54~t:300,UC Irvine,Anteaters,UCI,002B5C,fec52e,home,82,TRUE,24,0,26,50,31,62,NA,14,82,9,11,34,10,14,0,0,41,11,27,36,0,6,6,2142,s:40~l:54~t:2142,Colgate,Raiders,821019,ffffff,48,11,34,29,NA,NA
401820138,2026,11/29/2025,2305,s:40~l:54~t:2305,Kansas,Jayhawks,KU,0051ba,e8000d,away,58,FALSE,12,8,19,40,23,58,NA,18,100,6,6,4,4,11,0,0,26,6,23,23,0,10,10,2168,s:40~l:54~t:2168,Dayton,Flyers,004B8D,ffffff,59,9,26,27,NA,NA
401820138,2026,11/29/2025,2168,s:40~l:54~t:2168,Dayton,Flyers,DAY,004B8D,ffffff,home,59,TRUE,9,3,31,37,19,51,NA,17,78,14,18,11,15,4,1,0,35,7,20,46,0,24,24,2305,s:40~l:54~t:2305,Kansas,Jayhawks,0051ba,e8000d,58,8,22,12,NA,NA
401804841,2026,11/29/2025,2599,s:40~l:54~t:2599,St. John's,Red Storm,SJU,d10000,101010,home,84,TRUE,23,4,30,60,32,53,NA,16,65,13,20,17,8,3,2,1,44,7,16,38,1,21,21,235,s:40~l:54~t:235,Memphis,Tigers,004991,8e908f,73,6,44,14,NA,NA
401827573,2026,11/29/2025,2094,s:40~l:54~t:2094,Cal Lutheran,Kingsmen,CLU,3b2361,fec223,away,47,FALSE,11,4,26,31,17,54,NA,23,73,8,11,3,15,4,0,0,28,5,18,41,0,24,24,27,s:40~l:54~t:27,UC Riverside,Highlanders,14234F,NA,64,0,14,8,NA,NA
401827573,2026,11/29/2025,27,s:40~l:54~t:27,UC Riverside,Highlanders,UCR,14234F,NA,home,64,TRUE,9,0,23,37,22,59,NA,13,64,18,28,17,14,17,3,0,9,2,23,37,0,10,10,2094,s:40~l:54~t:2094,Cal Lutheran,Kingsmen,3b2361,fec223,47,11,32,26,NA,NA
401826081,2026,11/29/2025,2440,s:40~l:54~t:2440,Nevada,Wolf Pack,NEV,041e42,8a8d8f,away,52,FALSE,9,0,25,37,19,52,NA,22,54,13,24,3,11,11,0,0,17,1,6,36,0,19,19,2501,s:40~l:54~t:2501,Portland,Pilots,330072,a8b3ba,65,8,36,15,NA,NA
401826081,2026,11/29/2025,2501,s:40~l:54~t:2501,Portland,Pilots,PORT,330072,a8b3ba,home,65,TRUE,15,6,27,38,23,60,NA,21,67,12,18,15,13,9,1,0,33,7,21,40,0,16,16,2440,s:40~l:54~t:2440,Nevada,Wolf Pack,041e42,8a8d8f,52,19,28,28,NA,NA
401826063,2026,11/29/2025,301,s:40~l:54~t:301,San Diego,Toreros,USD,2f99d4,2f99d4,away,37,FALSE,4,5,29,24,14,58,NA,15,63,5,8,2,17,4,0,0,22,4,18,46,0,19,19,2031,s:40~l:54~t:2031,Little Rock,Trojans,AD0000,898d8f,51,2,16,4,NA,NA
401831301,2026,11/29/2025,236,s:40~l:54~t:236,Chattanooga,Mocs,UTC,00386b,dca71d,away,64,FALSE,9,1,23,38,24,63,NA,17,83,10,12,2,17,7,0,0,25,6,24,40,0,11,11,2540,s:40~l:54~t:2540,UC Santa Barbara,Gauchos,1e1840,febc11,66,2,36,10,NA,NA
401831301,2026,11/29/2025,2540,s:40~l:54~t:2540,UC Santa Barbara,Gauchos,UCSB,1e1840,febc11,home,66,TRUE,5,2,23,45,22,49,NA,16,79,15,19,10,6,6,0,0,35,7,20,29,0,12,12,236,s:40~l:54~t:236,Chattanooga,Mocs,00386b,dca71d,64,4,30,12,NA,NA
401830951,2026,11/29/2025,2368,s:40~l:54~t:2368,Marist,Red Foxes,MRST,e53730,f0f0f0,home,37,FALSE,7,2,25,21,10,47,NA,11,100,12,12,6,5,7,2,0,23,5,22,30,0,18,18,193,s:40~l:54~t:193,Miami (OH),RedHawks,c41230,ffffff,63,6,6,11,NA,NA
401818574,2026,11/29/2025,61,s:40~l:54~t:61,Georgia,Lady Bulldogs,UGA,ba0c2f,2c2a29,home,80,TRUE,15,2,28,54,32,59,NA,18,85,11,13,29,3,5,0,0,50,5,10,31,0,8,8,2086,s:40~l:54~t:2086,Butler,Bulldogs,0d1361,00a3e0,54,16,42,15,NA,NA
401808053,2026,11/29/2025,2724,s:40~l:54~t:2724,Wichita State,Shockers,WICH,ffcd00,27251f,away,61,FALSE,13,4,27,32,22,68,NA,12,57,13,23,2,17,3,1,0,22,4,18,44,0,13,13,70,s:40~l:54~t:70,Idaho,Vandals,000000,8c6e4a,83,0,16,7,NA,NA
401808053,2026,11/29/2025,70,s:40~l:54~t:70,Idaho,Vandals,IDHO,000000,8c6e4a,home,83,TRUE,16,7,35,47,34,72,NA,21,33,6,18,26,18,7,0,0,30,9,30,53,0,11,11,2724,s:40~l:54~t:2724,Wichita State,Shockers,ffcd00,27251f,61,11,46,11,NA,NA
401804840,2026,11/29/2025,59,s:40~l:54~t:59,Georgia Tech,Yellow Jackets,GT,b3a369,ffffff,away,56,FALSE,9,5,24,35,24,69,NA,18,62,8,13,5,22,5,0,0,0,0,11,46,0,18,18,57,s:40~l:54~t:57,Florida,Gators,0021a5,fa4616,65,6,34,12,NA,NA
401804840,2026,11/29/2025,57,s:40~l:54~t:57,Florida,Gators,FLA,0021a5,fa4616,home,65,TRUE,11,8,27,40,23,57,NA,12,79,15,19,14,10,9,3,0,24,4,17,37,0,16,16,59,s:40~l:54~t:59,Georgia Tech,Yellow Jackets,b3a369,ffffff,56,2,28,13,NA,NA
401824919,2026,11/29/2025,145,s:40~l:54~t:145,Ole Miss,Rebels,MISS,13294b,cf142b,away,81,TRUE,13,5,25,55,29,53,NA,27,63,19,30,22,9,7,0,1,25,4,16,34,1,13,13,2244,s:40~l:54~t:2244,George Mason,Patriots,016600,ecb010,67,6,46,19,NA,NA
401824919,2026,11/29/2025,2244,s:40~l:54~t:2244,George Mason,Patriots,GMU,016600,ecb010,home,67,FALSE,11,4,20,40,22,55,NA,25,68,19,28,0,11,3,0,1,31,4,13,31,1,16,16,145,s:40~l:54~t:145,Ole Miss,Rebels,13294b,cf142b,81,4,22,16,NA,NA
401832875,2026,11/29/2025,253,s:40~l:54~t:253,Southern Utah,Thunderbirds,SUU,c72026,000000,home,111,TRUE,31,5,34,56,41,73,NA,5,65,13,20,72,17,8,0,0,44,16,36,51,0,8,8,131817,s:40~l:54~t:131817,Nelson American Indiana College,Warriors,NA,NA,41,19,44,24,NA,NA
401830775,2026,11/29/2025,325,s:40~l:54~t:325,Cleveland State,Vikings,CLE,006633,231f20,home,62,TRUE,11,1,30,34,21,61,NA,13,68,15,22,6,11,7,4,0,23,5,22,41,0,16,16,2515,s:40~l:54~t:2515,Radford,Highlanders,BC1515,c2c3c0,59,5,32,11,NA,NA
401827252,2026,11/29/2025,2172,s:40~l:54~t:2172,Denver,Pioneers,DEN,98002e,a8996e,away,52,FALSE,7,3,26,33,18,55,NA,10,91,10,11,0,9,9,1,0,27,6,22,35,0,21,21,2638,s:40~l:54~t:2638,UTEP,Miners,ff8200,041e42,69,7,20,13,NA,NA
401827252,2026,11/29/2025,2638,s:40~l:54~t:2638,UTEP,Miners,UTEP,ff8200,041e42,home,69,TRUE,14,1,27,40,25,62,NA,12,85,11,13,20,12,13,0,0,44,8,18,39,0,14,14,2172,s:40~l:54~t:2172,Denver,Pioneers,98002e,a8996e,52,24,26,20,NA,NA
401822223,2026,11/29/2025,254,s:40~l:54~t:254,Utah,Utes,UTAH,be0000,ffffff,away,78,TRUE,15,2,44,45,31,69,NA,13,75,3,4,40,9,9,0,0,37,13,35,53,0,8,8,149,s:40~l:54~t:149,Montana,Lady Griz,751D4A,666666,38,16,34,18,NA,NA
401822223,2026,11/29/2025,149,s:40~l:54~t:149,Montana,Lady Griz,MONT,751D4A,666666,home,38,FALSE,6,4,29,17,10,58,NA,9,92,12,13,0,3,6,1,0,16,6,37,32,0,10,10,254,s:40~l:54~t:254,Utah,Utes,be0000,ffffff,78,2,8,8,NA,NA
401817307,2026,11/29/2025,97,s:40~l:54~t:97,Louisville,Cardinals,LOU,c9001f,ffffff,away,88,TRUE,19,3,30,48,30,62,NA,16,72,18,25,42,18,8,0,0,48,10,21,48,0,12,12,2193,s:40~l:54~t:2193,East Tennessee State,Bucs,002d61,ffc423,50,10,34,34,NA,NA
401817307,2026,11/29/2025,2193,s:40~l:54~t:2193,East Tennessee State,Bucs,ETSU,002d61,ffc423,home,50,FALSE,6,2,16,33,17,52,NA,19,65,13,20,2,9,6,0,0,13,3,24,25,0,17,17,97,s:40~l:54~t:97,Louisville,Cardinals,c9001f,ffffff,88,2,22,17,NA,NA
401827903,2026,11/29/2025,2132,s:40~l:54~t:2132,Cincinnati,Bearcats,CIN,000000,e00122,away,63,TRUE,12,2,23,38,24,63,NA,17,75,12,16,11,18,5,1,0,19,3,16,41,0,16,16,167,s:40~l:54~t:167,New Mexico,Lobos,ba0c2f,a7a8aa,60,6,26,22,NA,NA
401827903,2026,11/29/2025,167,s:40~l:54~t:167,New Mexico,Lobos,UNM,ba0c2f,a7a8aa,home,60,FALSE,11,1,21,31,21,67,NA,15,71,10,14,1,19,7,2,0,36,8,22,40,0,17,17,2132,s:40~l:54~t:2132,Cincinnati,Bearcats,000000,e00122,63,3,26,14,NA,NA
401826624,2026,11/29/2025,309,s:40~l:54~t:309,Louisiana,Ragin' Cajuns,UL,ce181e,000000,away,48,FALSE,11,1,24,33,16,48,NA,14,70,14,20,3,10,12,1,0,18,2,11,34,0,20,20,278,s:40~l:54~t:278,Fresno State,Bulldogs,b1102b,13284c,61,9,20,13,NA,NA
401824711,2026,11/29/2025,2335,s:40~l:54~t:2335,Liberty,Flames,LIB,0a254e,b72025,home,67,TRUE,18,3,29,38,25,65,NA,17,47,7,15,21,18,6,1,0,34,10,29,47,0,14,14,2184,s:40~l:54~t:2184,Duquesne,Dukes,002D62,b90b2e,60,5,24,6,NA,NA
401831300,2026,11/29/2025,16,s:40~l:54~t:16,Sacramento State,Hornets,SAC,00573C,cdb97d,away,49,FALSE,6,5,28,27,18,67,NA,10,56,10,18,0,16,4,4,0,13,3,23,44,0,18,18,2856,s:40~l:54~t:2856,California Baptist,Lancers,000000,NA,92,1,24,7,NA,NA
401827245,2026,11/29/2025,2046,s:40~l:54~t:2046,Austin Peay,Governors,APSU,8e0b0b,NA,away,66,TRUE,12,3,31,49,26,53,NA,25,83,10,12,20,8,6,0,0,25,4,16,39,0,20,20,140,s:40~l:54~t:140,Kansas City,Roos,004b87,ffc72c,46,13,34,21,NA,NA
401827245,2026,11/29/2025,140,s:40~l:54~t:140,Kansas City,Roos,KC,004b87,ffc72c,home,46,FALSE,9,2,19,30,16,54,NA,17,42,10,24,0,11,10,2,1,31,4,13,30,1,16,16,2046,s:40~l:54~t:2046,Austin Peay,Governors,8e0b0b,NA,66,2,24,8,NA,NA
401826988,2026,11/29/2025,233,s:40~l:54~t:233,South Dakota,Coyotes,SDAK,CD1241,f0f0f0,away,59,FALSE,5,2,19,38,24,63,NA,13,79,11,14,3,14,6,0,0,0,0,11,33,0,11,11,2751,s:40~l:54~t:2751,Wyoming,Cowgirls,492f24,ffc425,66,2,44,18,NA,NA
401831268,2026,11/29/2025,314,s:40~l:54~t:314,Iona,Gaels,IONA,6f2c3e,f0ab00,home,52,TRUE,12,5,24,29,20,69,NA,18,50,6,12,6,23,7,0,0,26,6,23,47,0,12,12,82,s:40~l:54~t:82,UIC,Flames,001e62,d50032,50,4,24,17,NA,NA
401830949,2026,11/29/2025,259,s:40~l:54~t:259,Virginia Tech,Hokies,VT,6a2c3e,cf4520,away,78,TRUE,21,4,26,48,29,60,NA,18,88,14,16,20,10,5,0,0,32,6,19,36,0,14,14,204,s:40~l:54~t:204,Oregon State,Beavers,dc4405,000000,67,19,28,16,NA,NA
401830949,2026,11/29/2025,204,s:40~l:54~t:204,Oregon State,Beavers,ORST,dc4405,000000,home,67,FALSE,7,4,21,36,24,66,NA,15,82,14,17,0,14,10,0,0,38,5,13,35,0,14,14,259,s:40~l:54~t:259,Virginia Tech,Hokies,6a2c3e,cf4520,78,6,32,14,NA,NA
401826121,2026,11/29/2025,224,s:40~l:54~t:224,Westminster (UT),Griffins,WUUT,000000,NA,away,70,FALSE,11,1,26,37,23,63,NA,23,62,16,26,3,10,13,0,0,36,8,22,36,0,18,18,3101,s:40~l:54~t:3101,Utah Tech,Trailblazers,000000,NA,81,15,14,21,NA,NA
401825013,2026,11/29/2025,2182,s:40~l:54~t:2182,Drexel,Dragons,DREX,020260,ffd65a,away,55,FALSE,11,3,21,38,20,53,NA,11,90,9,10,12,9,6,1,0,50,6,12,30,0,11,11,2603,s:40~l:54~t:2603,Saint Joseph's,Hawks,9e1b32,6c6f70,57,17,26,8,NA,NA
401825013,2026,11/29/2025,2603,s:40~l:54~t:2603,Saint Joseph's,Hawks,JOES,9e1b32,6c6f70,home,57,TRUE,13,2,24,38,21,55,NA,10,82,9,11,6,13,6,0,0,35,6,17,37,0,12,12,2182,s:40~l:54~t:2182,Drexel,Dragons,020260,ffd65a,55,0,28,6,NA,NA
401820519,2026,11/29/2025,231,s:40~l:54~t:231,Furman,Paladins,FUR,582c83,ffffff,home,74,TRUE,15,1,24,40,26,65,NA,20,81,17,21,16,18,12,0,0,33,5,15,42,0,18,18,2427,s:40~l:54~t:2427,UNC Asheville,Bulldogs,003da5,ffffff,67,13,36,28,NA,NA
401817834,2026,11/29/2025,153,s:40~l:54~t:153,North Carolina,Tar Heels,UNC,7bafd4,13294b,away,80,TRUE,18,0,19,58,34,59,NA,15,44,7,16,19,9,14,1,0,42,5,12,28,0,11,11,171,s:40~l:54~t:171,Columbia,Lions,7ba4db,183863,63,8,50,20,NA,NA
401826630,2026,11/29/2025,256,s:40~l:54~t:256,James Madison,Dukes,JMU,450084,cbb677,away,69,TRUE,14,3,31,39,26,66,NA,10,67,10,15,23,16,5,0,0,27,7,26,47,0,11,11,275,s:40~l:54~t:275,Wisconsin,Badgers,a00000,ffffff,50,4,30,14,NA,NA
401826630,2026,11/29/2025,275,s:40~l:54~t:275,Wisconsin,Badgers,WIS,a00000,ffffff,home,50,FALSE,11,5,25,29,18,62,NA,19,63,5,8,4,13,7,1,0,28,9,32,38,0,14,14,256,s:40~l:54~t:256,James Madison,Dukes,450084,cbb677,69,0,10,4,NA,NA
401822373,2026,11/29/2025,2097,s:40~l:54~t:2097,Campbell,Fighting Camels,CAM,000000,NA,away,53,FALSE,6,8,14,33,18,55,NA,19,75,15,20,7,10,9,0,0,10,2,21,24,0,11,11,2454,s:40~l:54~t:2454,North Florida,Ospreys,004B8D,babcbe,56,14,32,23,NA,NA
401822373,2026,11/29/2025,2454,s:40~l:54~t:2454,North Florida,Ospreys,UNF,004B8D,babcbe,home,56,TRUE,10,2,26,35,16,46,NA,20,79,15,19,9,14,4,4,0,43,9,21,40,0,24,24,2097,s:40~l:54~t:2097,Campbell,Fighting Camels,000000,NA,53,5,12,9,NA,NA
401804839,2026,11/29/2025,45,s:40~l:54~t:45,George Washington,Revolutionaries,GW,002843,e8d2a1,away,81,TRUE,20,7,26,54,27,50,NA,11,80,20,25,14,11,7,2,0,39,7,18,37,0,15,15,2429,s:40~l:54~t:2429,Charlotte,49ers,005035,a49665,67,0,32,11,NA,NA
401804839,2026,11/29/2025,2429,s:40~l:54~t:2429,Charlotte,49ers,CLT,005035,a49665,home,67,FALSE,15,2,15,37,27,73,NA,19,75,6,8,0,20,7,0,0,27,7,26,35,0,10,10,45,s:40~l:54~t:45,George Washington,Revolutionaries,002843,e8d2a1,81,11,28,8,NA,NA
401827792,2026,11/29/2025,2674,s:40~l:54~t:2674,Valparaiso,Beacons,VAL,794500,NA,away,55,FALSE,10,0,28,36,23,64,NA,13,67,4,6,5,8,5,0,0,19,5,26,36,0,18,18,179,s:40~l:54~t:179,St. Bonaventure,Bonnies,70261D,NA,87,7,34,14,NA,NA
401827792,2026,11/29/2025,179,s:40~l:54~t:179,St. Bonaventure,Bonnies,SBU,70261D,NA,home,87,TRUE,25,3,34,53,36,68,NA,12,58,7,12,32,7,10,0,0,40,8,20,41,0,9,9,2674,s:40~l:54~t:2674,Valparaiso,Beacons,794500,NA,55,16,44,20,NA,NA
401823061,2026,11/29/2025,2363,s:40~l:54~t:2363,Manhattan,Jaspers,MAN,4f8537,b5b7ba,away,52,FALSE,6,4,24,37,20,54,NA,14,90,9,10,2,14,10,2,0,19,3,16,38,0,23,23,2426,s:40~l:54~t:2426,Navy,Midshipmen,00225b,b5a67c,59,2,26,18,NA,NA
401823061,2026,11/29/2025,2426,s:40~l:54~t:2426,Navy,Midshipmen,NAVY,00225b,b5a67c,home,59,TRUE,18,2,20,40,24,60,NA,14,40,2,5,12,14,13,0,0,41,9,22,34,0,17,17,2363,s:40~l:54~t:2363,Manhattan,Jaspers,4f8537,b5b7ba,52,5,22,28,NA,NA
401830950,2026,11/29/2025,252,s:40~l:54~t:252,BYU,Cougars,BYU,0047ba,002e5d,away,71,FALSE,14,2,25,45,25,56,NA,16,64,9,14,16,14,4,3,0,44,12,27,39,0,19,19,238,s:40~l:54~t:238,Vanderbilt,Commodores,000000,cfae70,84,13,22,4,NA,NA
401831267,2026,11/29/2025,2598,s:40~l:54~t:2598,Saint Francis,Red Flash,SFPA,a20012,000000,away,46,FALSE,12,6,24,32,19,59,NA,13,86,6,7,3,12,3,1,0,15,2,13,36,0,18,18,311,s:40~l:54~t:311,Maine,Black Bears,127dbe,NA,69,8,32,10,NA,NA
401831267,2026,11/29/2025,311,s:40~l:54~t:311,Maine,Black Bears,ME,127dbe,NA,home,69,TRUE,24,10,26,50,28,56,NA,12,73,8,11,27,6,9,1,0,31,5,16,32,0,12,12,2598,s:40~l:54~t:2598,Saint Francis,Red Flash,a20012,000000,46,11,44,18,NA,NA
401827814,2026,11/29/2025,349,s:40~l:54~t:349,Army,Black Knights,ARMY,000000,d3bc8d,away,64,FALSE,10,4,19,35,17,49,NA,18,88,22,25,3,6,7,1,0,42,8,19,25,0,16,16,2198,s:40~l:54~t:2198,Eastern Kentucky,Colonels,660819,f0f0f0,74,8,14,19,NA,NA
401824412,2026,11/29/2025,2296,s:40~l:54~t:2296,Jackson State,Lady Tigers,JKST,123297,b5b7ba,away,76,TRUE,20,2,32,50,27,54,NA,16,76,13,17,29,13,7,1,0,38,9,24,45,0,20,20,2241,s:40~l:54~t:2241,Gardner-Webb,Runnin' Bulldogs,c12535,909090,55,11,34,23,NA,NA
401824412,2026,11/29/2025,2241,s:40~l:54~t:2241,Gardner-Webb,Runnin' Bulldogs,GWEB,c12535,909090,home,55,FALSE,8,0,17,36,20,56,NA,13,60,9,15,9,7,15,0,0,29,6,21,24,0,15,15,2296,s:40~l:54~t:2296,Jackson State,Lady Tigers,123297,b5b7ba,76,4,26,16,NA,NA
401807990,2026,11/29/2025,2617,s:40~l:54~t:2617,Stephen F. Austin,Ladyjacks,SFA,393996,bec0c2,away,60,FALSE,16,1,26,31,22,72,NA,16,85,11,13,3,12,15,1,0,15,5,34,38,0,21,21,2344,s:40~l:54~t:2344,Longwood,Lancers,003273,9ea2a3,68,14,34,14,NA,NA
401804838,2026,11/29/2025,197,s:40~l:54~t:197,Oklahoma State,Cowgirls,OKST,fe5c00,000000,away,87,TRUE,19,2,21,61,33,54,NA,16,65,13,20,8,6,4,0,0,50,8,16,27,0,12,12,2390,s:40~l:54~t:2390,Miami,Hurricanes,f47423,035131,84,9,42,13,NA,NA
401804838,2026,11/29/2025,2390,s:40~l:54~t:2390,Miami,Hurricanes,MIA,f47423,035131,home,84,FALSE,12,3,19,52,30,58,NA,19,83,15,18,14,7,2,1,0,39,9,23,26,0,12,12,197,s:40~l:54~t:197,Oklahoma State,Cowgirls,fe5c00,000000,87,9,26,17,NA,NA
401827779,2026,11/29/2025,93,s:40~l:54~t:93,Murray State,Racers,MUR,002148,000e00,away,82,TRUE,17,3,31,41,24,59,NA,17,89,24,27,6,7,6,0,0,36,10,28,38,0,15,15,103,s:40~l:54~t:103,Boston College,Eagles,8c2232,dbcca6,77,7,26,10,NA,NA
401824226,2026,11/29/2025,71,s:40~l:54~t:71,Bradley,Braves,BRAD,b70002,c0c0c0,home,80,TRUE,20,1,17,55,29,53,NA,20,87,13,15,7,8,6,1,0,39,9,23,25,0,16,16,2000,s:40~l:54~t:2000,Abilene Christian,Wildcats,592d82,b1b3b3,74,10,36,23,NA,NA
401817835,2026,11/29/2025,2571,s:40~l:54~t:2571,South Dakota State,Jackrabbits,SDST,0033a0,ffd100,away,82,TRUE,16,3,29,52,26,50,NA,7,87,20,23,17,9,3,2,0,50,10,20,38,0,16,16,2306,s:40~l:54~t:2306,Kansas State,Wildcats,330a57,e2e3e4,70,5,28,9,NA,NA
401828647,2026,11/29/2025,2261,s:40~l:54~t:2261,Hampton,Lady Pirates,HAMP,0067AC,NA,away,58,TRUE,13,1,21,33,22,67,NA,21,64,7,11,7,11,12,0,0,26,7,27,32,0,16,16,2084,s:40~l:54~t:2084,Buffalo,Bulls,005bbb,ffffff,56,2,18,18,NA,NA
401826679,2026,11/28/2025,28,s:40~l:54~t:28,UC San Diego,Tritons,UCSD,000000,ffcd00,away,50,FALSE,8,4,22,38,20,52,NA,13,25,3,12,11,5,9,1,0,30,7,23,27,0,19,19,264,s:40~l:54~t:264,Washington,Huskies,33006f,e8d3a2,67,7,20,14,NA,NA
401817833,2026,11/28/2025,257,s:40~l:54~t:257,Richmond,Spiders,RICH,9e0712,b90b2e,home,76,TRUE,15,3,28,53,28,53,NA,18,100,6,6,27,6,7,0,0,44,14,32,34,0,18,18,2739,s:40~l:54~t:2739,Green Bay,Phoenix,006633,ffffff,59,2,26,17,NA,NA
401813896,2026,11/28/2025,2368,s:40~l:54~t:2368,Marist,Red Foxes,MRST,e53730,f0f0f0,away,53,FALSE,10,0,18,27,16,60,NA,15,64,9,14,0,12,5,0,0,32,12,38,30,0,28,28,99,s:40~l:54~t:99,LSU,Tigers,461d76,fdd023,113,7,4,6,0,0
401819610,2026,11/28/2025,24,s:40~l:54~t:24,Stanford,Cardinal,STAN,8c1515,ffffff,away,62,FALSE,10,2,27,36,21,59,NA,19,89,16,18,5,16,9,0,0,19,4,21,43,0,18,18,526,s:40~l:54~t:526,Florida Gulf Coast,Eagles,00885a,076c3b,66,6,26,19,NA,NA
401819610,2026,11/28/2025,526,s:40~l:54~t:526,Florida Gulf Coast,Eagles,FGCU,00885a,076c3b,home,66,TRUE,9,3,24,48,27,56,NA,15,58,7,12,13,4,9,3,0,25,5,20,28,0,16,16,24,s:40~l:54~t:24,Stanford,Cardinal,8c1515,ffffff,62,4,36,17,NA,NA
401808021,2026,11/28/2025,2440,s:40~l:54~t:2440,Nevada,Wolf Pack,NEV,041e42,8a8d8f,away,57,FALSE,9,5,35,40,25,63,NA,15,54,7,13,7,12,8,0,0,0,0,7,47,0,17,17,331,s:40~l:54~t:331,Eastern Washington,Eagles,a10022,abb4bc,58,5,40,15,6,24
401825039,2026,11/28/2025,62,s:40~l:54~t:62,Hawai'i,Rainbow Wahine,HAW,005737,000000,home,67,FALSE,10,4,22,40,21,53,NA,16,88,21,24,1,12,2,0,0,19,4,21,34,0,14,14,261,s:40~l:54~t:261,Vermont,Catamounts,154734,ffc72c,73,4,34,10,NA,NA
401818573,2026,11/28/2025,61,s:40~l:54~t:61,Georgia,Lady Bulldogs,UGA,ba0c2f,2c2a29,away,68,TRUE,11,8,29,39,22,57,NA,27,61,17,28,13,11,8,0,1,33,7,21,40,1,14,14,2305,s:40~l:54~t:2305,Kansas,Jayhawks,0051ba,e8000d,62,13,26,15,NA,NA
401818573,2026,11/28/2025,2305,s:40~l:54~t:2305,Kansas,Jayhawks,KU,0051ba,e8000d,home,62,FALSE,5,2,28,37,20,54,NA,25,65,17,26,14,10,7,1,1,24,5,21,38,1,16,16,61,s:40~l:54~t:61,Georgia,Lady Bulldogs,ba0c2f,2c2a29,68,13,20,6,NA,NA
401808054,2026,11/28/2025,70,s:40~l:54~t:70,Idaho,Vandals,IDHO,000000,8c6e4a,away,82,TRUE,15,6,34,45,32,71,NA,24,76,13,17,32,16,10,1,0,19,5,27,50,0,15,15,2142,s:40~l:54~t:2142,Colgate,Raiders,821019,ffffff,53,13,46,17,NA,NA
401804837,2026,11/28/2025,57,s:40~l:54~t:57,Florida,Gators,FLA,0021a5,fa4616,away,74,TRUE,15,4,33,42,28,67,NA,17,77,17,22,19,18,5,1,0,7,1,14,51,0,16,16,235,s:40~l:54~t:235,Memphis,Tigers,004991,8e908f,60,6,44,13,NA,NA
401817567,2026,11/28/2025,97,s:40~l:54~t:97,Louisville,Cardinals,LOU,c9001f,ffffff,home,91,TRUE,20,3,26,46,33,72,NA,12,68,17,25,53,20,17,0,0,35,8,23,46,0,15,15,2197,s:40~l:54~t:2197,Eastern Illinois,Panthers,000000,bebab9,38,6,38,39,NA,NA
401813743,2026,11/28/2025,164,s:40~l:54~t:164,Rutgers,Scarlet Knights,RUTG,ce0e2d,ffffff,home,79,TRUE,17,4,23,44,26,59,NA,10,77,20,26,26,20,13,2,0,35,7,20,43,0,15,15,111,s:40~l:54~t:111,Northeastern,Huskies,CC0001,c2c3c0,56,18,36,22,NA,NA
401817832,2026,11/28/2025,5,s:40~l:54~t:5,UAB,Blazers,UAB,1a5632,fdb913,away,61,FALSE,14,2,18,35,23,65,NA,15,88,7,8,0,9,8,1,0,35,8,23,27,0,11,11,2628,s:40~l:54~t:2628,TCU,Horned Frogs,4d1979,ffffff,82,2,24,13,NA,NA
401817832,2026,11/28/2025,2628,s:40~l:54~t:2628,TCU,Horned Frogs,TCU,4d1979,ffffff,home,82,TRUE,12,5,31,49,33,68,NA,14,91,10,11,26,14,5,0,0,26,6,23,45,0,12,12,5,s:40~l:54~t:5,UAB,Blazers,1a5632,fdb913,61,8,52,14,NA,NA
401822287,2026,11/28/2025,201,s:40~l:54~t:201,Oklahoma,Sooners,OU,990000,ffffff,home,100,TRUE,22,8,34,50,39,78,NA,18,79,15,19,57,17,22,0,0,29,7,24,51,0,14,14,2154,s:40~l:54~t:2154,Coppin State,Eagles,2e3192,ffd204,46,22,52,36,NA,NA
401824459,2026,11/28/2025,127,s:40~l:54~t:127,Michigan State,Spartans,MSU,173f35,ffffff,away,85,TRUE,20,6,28,48,30,63,NA,18,71,12,17,37,10,8,0,0,46,13,28,38,0,12,12,218,s:40~l:54~t:218,Temple,Owls,a41e35,ffffff,50,2,32,22,NA,NA
401827783,2026,11/28/2025,2460,s:40~l:54~t:2460,Northern Iowa,Panthers,UNI,473282,ffffff,away,56,FALSE,11,1,32,40,22,55,NA,16,63,5,8,0,5,3,1,0,29,7,24,37,0,18,18,2439,s:40~l:54~t:2439,UNLV,Lady Rebels,cf0a2c,cac8c8,62,1,24,10,NA,NA
401827783,2026,11/28/2025,2439,s:40~l:54~t:2439,UNLV,Lady Rebels,UNLV,cf0a2c,cac8c8,home,62,TRUE,11,1,29,34,22,64,NA,13,92,11,12,12,10,6,1,0,28,7,25,39,0,12,12,2460,s:40~l:54~t:2460,Northern Iowa,Panthers,473282,ffffff,56,0,22,12,NA,NA
401812780,2026,11/28/2025,236,s:40~l:54~t:236,Chattanooga,Mocs,UTC,00386b,dca71d,away,59,TRUE,6,0,28,37,20,54,NA,16,71,17,24,8,10,7,1,0,14,2,14,38,0,15,15,16,s:40~l:54~t:16,Sacramento State,Hornets,00573C,cdb97d,57,12,26,17,NA,NA
401812780,2026,11/28/2025,16,s:40~l:54~t:16,Sacramento State,Hornets,SAC,00573C,cdb97d,home,57,FALSE,8,6,24,37,20,54,NA,20,79,11,14,13,9,5,3,0,29,6,21,33,0,19,19,236,s:40~l:54~t:236,Chattanooga,Mocs,00386b,dca71d,59,4,28,11,NA,NA
401825930,2026,11/28/2025,2492,s:40~l:54~t:2492,Pepperdine,Waves,PEPP,003A72,dc762f,away,52,FALSE,13,3,24,34,18,53,NA,15,88,15,17,0,11,2,2,0,8,1,13,35,0,18,18,30,s:40~l:54~t:30,USC,Trojans,9d2235,ffc72c,82,4,32,9,NA,NA
401827569,2026,11/28/2025,2724,s:40~l:54~t:2724,Wichita State,Shockers,WICH,ffcd00,27251f,away,52,FALSE,13,4,26,39,22,56,NA,19,40,2,5,3,10,8,1,0,29,6,21,36,0,20,20,300,s:40~l:54~t:300,UC Irvine,Anteaters,002B5C,fec52e,58,5,28,10,NA,NA
401827569,2026,11/28/2025,300,s:40~l:54~t:300,UC Irvine,Anteaters,UCI,002B5C,fec52e,home,58,TRUE,10,3,25,28,16,57,NA,9,82,18,22,20,14,10,2,0,25,8,32,39,0,15,15,2724,s:40~l:54~t:2724,Wichita State,Shockers,ffcd00,27251f,52,0,16,8,NA,NA
401820137,2026,11/28/2025,2168,s:40~l:54~t:2168,Dayton,Flyers,DAY,004B8D,ffffff,home,66,FALSE,8,1,13,44,27,62,NA,16,78,7,9,2,13,8,0,0,38,5,13,26,0,15,15,2086,s:40~l:54~t:2086,Butler,Bulldogs,0d1361,00a3e0,92,2,42,16,NA,NA
401804836,2026,11/28/2025,2599,s:40~l:54~t:2599,St. John's,Red Storm,SJU,d10000,101010,away,77,TRUE,23,7,30,53,25,47,NA,15,82,18,22,13,5,2,0,0,38,9,24,35,0,22,22,59,s:40~l:54~t:59,Georgia Tech,Yellow Jackets,b3a369,ffffff,75,8,24,7,NA,NA
401804836,2026,11/28/2025,59,s:40~l:54~t:59,Georgia Tech,Yellow Jackets,GT,b3a369,ffffff,home,75,FALSE,15,1,19,43,26,61,NA,18,72,18,25,7,8,16,0,0,31,5,16,27,0,8,8,2599,s:40~l:54~t:2599,St. John's,Red Storm,d10000,101010,77,16,34,23,NA,NA
401817306,2026,11/28/2025,2193,s:40~l:54~t:2193,East Tennessee State,Bucs,ETSU,002d61,ffc423,home,55,TRUE,11,5,27,28,19,67,NA,16,92,12,13,6,17,4,0,0,17,5,30,44,0,9,9,91,s:40~l:54~t:91,Bellarmine,Knights,000000,NA,49,2,24,16,NA,NA
401827924,2026,11/28/2025,275,s:40~l:54~t:275,Wisconsin,Badgers,WIS,a00000,ffffff,away,56,FALSE,10,5,26,48,22,46,NA,21,63,5,8,2,6,5,1,0,41,7,17,32,0,24,24,145,s:40~l:54~t:145,Ole Miss,Rebels,13294b,cf142b,65,5,26,10,NA,NA
401827924,2026,11/28/2025,145,s:40~l:54~t:145,Ole Miss,Rebels,MISS,13294b,cf142b,home,65,TRUE,12,3,19,37,22,59,NA,11,65,17,26,18,12,9,0,0,21,4,19,31,0,9,9,275,s:40~l:54~t:275,Wisconsin,Badgers,a00000,ffffff,56,5,26,30,NA,NA
401817831,2026,11/28/2025,152,s:40~l:54~t:152,NC State,Wolfpack,NCSU,cc0000,ffffff,away,110,TRUE,25,2,39,56,43,77,NA,11,75,15,20,60,13,13,0,0,47,9,19,52,0,7,7,2572,s:40~l:54~t:2572,Southern Miss,Lady Eagles,ffc72c,231f20,56,27,58,22,NA,NA
401817831,2026,11/28/2025,2572,s:40~l:54~t:2572,Southern Miss,Lady Eagles,USM,ffc72c,231f20,home,56,FALSE,6,3,25,32,23,73,NA,17,75,3,4,0,9,3,1,0,25,7,28,34,0,16,16,152,s:40~l:54~t:152,NC State,Wolfpack,cc0000,ffffff,110,7,22,0,NA,NA
401830776,2026,11/28/2025,179,s:40~l:54~t:179,St. Bonaventure,Bonnies,SBU,70261D,NA,away,55,TRUE,9,3,30,37,21,57,NA,14,78,7,9,15,11,6,1,0,30,6,20,41,0,13,13,2515,s:40~l:54~t:2515,Radford,Highlanders,BC1515,c2c3c0,45,7,20,12,NA,NA
401824458,2026,11/28/2025,2717,s:40~l:54~t:2717,Western Carolina,Catamounts,WCU,492F91,bf9e70,away,44,FALSE,13,2,27,30,14,46,NA,24,74,14,19,3,3,2,1,0,14,2,14,30,0,22,22,228,s:40~l:54~t:228,Clemson,Tigers,f56600,ffffff,77,2,22,9,NA,NA
401824458,2026,11/28/2025,228,s:40~l:54~t:228,Clemson,Tigers,CLEM,f56600,ffffff,home,77,TRUE,15,4,28,38,25,65,NA,22,59,17,29,36,14,11,0,0,36,10,28,42,0,9,9,2717,s:40~l:54~t:2717,Western Carolina,Catamounts,492F91,bf9e70,44,12,30,15,NA,NA
401819749,2026,11/28/2025,52,s:40~l:54~t:52,Florida State,Seminoles,FSU,782f40,ceb888,home,85,TRUE,13,4,33,43,28,65,NA,18,81,21,26,16,8,6,0,0,36,8,22,41,0,15,15,2623,s:40~l:54~t:2623,Missouri State,Lady Bears,5e0009,ffffff,75,12,32,12,NA,NA
401829301,2026,11/28/2025,2132,s:40~l:54~t:2132,Cincinnati,Bearcats,CIN,000000,e00122,home,72,TRUE,10,9,33,47,23,49,NA,20,81,22,27,24,10,11,2,0,22,4,18,43,0,24,24,2010,s:40~l:54~t:2010,Alabama A&M,Bulldogs,790000,ffffff,49,12,24,20,NA,NA
401830960,2026,11/28/2025,2655,s:40~l:54~t:2655,Tulane,Green Wave,TULN,006747,418fde,away,76,FALSE,18,2,26,35,27,78,NA,21,92,12,13,5,22,8,0,0,29,10,34,48,0,16,16,68,s:40~l:54~t:68,Boise State,Broncos,0033a0,d64309,81,16,32,15,NA,NA
401830960,2026,11/28/2025,68,s:40~l:54~t:68,Boise State,Broncos,BOIS,0033a0,d64309,home,81,TRUE,19,3,28,41,26,63,NA,17,78,21,27,19,11,7,1,0,33,8,24,39,0,15,15,2655,s:40~l:54~t:2655,Tulane,Green Wave,006747,418fde,76,12,30,17,NA,NA
401826148,2026,11/28/2025,2540,s:40~l:54~t:2540,UC Santa Barbara,Gauchos,UCSB,1e1840,febc11,away,74,TRUE,19,2,32,44,27,62,NA,15,67,4,6,27,9,6,2,0,48,16,33,41,0,12,12,2856,s:40~l:54~t:2856,California Baptist,Lancers,000000,NA,49,5,16,17,NA,NA
401825717,2026,11/28/2025,156,s:40~l:54~t:156,Creighton,Bluejays,CREI,005ca9,6cadde,away,86,TRUE,22,4,31,47,31,66,NA,17,91,10,11,27,14,10,0,0,39,14,36,45,0,18,18,2464,s:40~l:54~t:2464,Northern Arizona,Lumberjacks,003976,1b3069,62,10,30,10,NA,NA
401825717,2026,11/28/2025,2464,s:40~l:54~t:2464,Northern Arizona,Lumberjacks,NAU,003976,1b3069,home,62,FALSE,12,0,21,37,23,63,NA,15,75,12,16,0,11,11,0,0,21,4,19,32,0,15,15,156,s:40~l:54~t:156,Creighton,Bluejays,005ca9,6cadde,86,5,32,14,NA,NA
401825075,2026,11/28/2025,2116,s:40~l:54~t:2116,UCF,Knights,UCF,000000,b4a169,away,57,TRUE,8,0,30,42,19,45,NA,16,84,16,19,9,7,6,2,0,38,3,8,37,0,21,21,242,s:40~l:54~t:242,Rice,Owls,00205b,c1c6c8,56,9,26,12,NA,NA
401827788,2026,11/28/2025,311,s:40~l:54~t:311,Maine,Black Bears,ME,127dbe,NA,home,54,FALSE,10,2,19,35,19,55,NA,20,76,13,17,0,14,10,0,0,14,3,22,33,0,15,15,82,s:40~l:54~t:82,UIC,Flames,001e62,d50032,64,11,32,17,NA,NA
401826639,2026,11/28/2025,2296,s:40~l:54~t:2296,Jackson State,Lady Tigers,JKST,123297,b5b7ba,away,61,FALSE,13,0,26,33,22,66,NA,24,52,11,21,3,16,5,0,0,24,6,25,42,0,19,19,324,s:40~l:54~t:324,Coastal Carolina,Chanticleers,006f71,a27752,103,7,30,4,NA,NA
401826639,2026,11/28/2025,324,s:40~l:54~t:324,Coastal Carolina,Chanticleers,CCU,006f71,a27752,home,103,TRUE,19,3,34,55,36,65,NA,21,66,19,29,42,9,13,0,0,44,12,27,43,0,9,9,2296,s:40~l:54~t:2296,Jackson State,Lady Tigers,123297,b5b7ba,61,13,36,24,NA,NA
401825807,2026,11/28/2025,219,s:40~l:54~t:219,Pennsylvania,Quakers,PENN,082A74,a6163d,away,78,TRUE,22,4,26,42,28,66,NA,19,80,8,10,34,12,11,0,0,42,14,33,38,0,15,15,3195,s:40~l:54~t:3195,St. Thomas (TX),Celts,NA,NA,44,10,22,18,NA,NA
401825807,2026,11/28/2025,3195,s:40~l:54~t:3195,St. Thomas (TX),Celts,STTX,NA,NA,home,44,FALSE,10,3,24,33,13,39,NA,12,62,13,21,2,2,9,1,1,33,5,15,26,1,23,23,219,s:40~l:54~t:219,Pennsylvania,Quakers,082A74,a6163d,78,6,12,8,NA,NA
401817334,2026,11/28/2025,2127,s:40~l:54~t:2127,Charleston Southern,Buccaneers,CHSO,2e3192,ded090,home,45,FALSE,4,2,19,24,15,63,NA,15,58,7,12,0,17,5,1,0,23,8,35,36,0,15,15,2382,s:40~l:54~t:2382,Mercer,Bears,ff7f29,080808,71,4,12,10,NA,NA
401829509,2026,11/28/2025,2547,s:40~l:54~t:2547,Seattle U,Redhawks,SEA,BF2E1A,c2c3c0,away,72,TRUE,15,6,25,42,21,50,NA,21,77,20,26,15,9,3,1,1,48,10,21,34,1,18,18,2506,s:40~l:54~t:2506,Presbyterian,Blue Hose,194896,990134,61,3,18,13,NA,NA
401829509,2026,11/28/2025,2506,s:40~l:54~t:2506,Presbyterian,Blue Hose,PRES,194896,990134,home,61,FALSE,5,3,21,36,21,59,NA,26,67,18,27,8,11,10,1,0,13,1,8,32,0,15,15,2547,s:40~l:54~t:2547,Seattle U,Redhawks,BF2E1A,c2c3c0,72,10,36,22,NA,NA
401826114,2026,11/28/2025,84,s:40~l:54~t:84,Indiana,Hoosiers,IU,970310,ffffff,away,76,TRUE,14,2,24,48,28,58,NA,16,79,15,19,11,9,2,1,0,25,5,20,33,0,11,11,2250,s:40~l:54~t:2250,Gonzaga,Bulldogs,041e42,c8102e,72,4,40,13,NA,NA
401825138,2026,11/28/2025,2454,s:40~l:54~t:2454,North Florida,Ospreys,UNF,004B8D,babcbe,home,61,TRUE,15,3,20,43,23,54,NA,18,73,8,11,14,13,11,2,0,27,7,26,33,0,20,20,2065,s:40~l:54~t:2065,Bethune-Cookman,Wildcats,7b1831,e9aa12,57,8,32,15,NA,NA
401824918,2026,11/28/2025,93,s:40~l:54~t:93,Murray State,Racers,MUR,002148,000e00,away,88,TRUE,15,4,34,46,27,59,NA,17,88,29,33,13,9,5,1,0,22,5,23,43,0,22,22,2244,s:40~l:54~t:2244,George Mason,Patriots,016600,ecb010,83,4,40,12,NA,NA
401824918,2026,11/28/2025,2244,s:40~l:54~t:2244,George Mason,Patriots,GMU,016600,ecb010,home,83,FALSE,17,1,22,45,32,71,NA,24,79,15,19,5,7,8,0,0,24,4,17,29,0,12,12,93,s:40~l:54~t:93,Murray State,Racers,002148,000e00,88,2,40,24,NA,NA
401824355,2026,11/28/2025,2032,s:40~l:54~t:2032,Arkansas State,Red Wolves,ARST,cc092f,000000,home,83,TRUE,18,0,17,38,30,79,NA,24,71,12,17,26,20,21,1,0,30,11,37,37,0,23,23,248,s:40~l:54~t:248,Houston,Cougars,c8102e,ffffff,66,17,38,31,NA,NA
401817829,2026,11/28/2025,2571,s:40~l:54~t:2571,South Dakota State,Jackrabbits,SDST,0033a0,ffd100,away,67,FALSE,10,3,25,42,22,53,NA,19,67,20,30,5,11,8,0,0,30,3,10,36,0,12,12,171,s:40~l:54~t:171,Columbia,Lions,7ba4db,183863,80,3,34,10,NA,NA
401817412,2026,11/28/2025,71,s:40~l:54~t:71,Bradley,Braves,BRAD,b70002,c0c0c0,home,66,FALSE,13,2,19,35,23,66,NA,15,80,8,10,5,11,12,0,0,40,12,30,30,0,11,11,142,s:40~l:54~t:142,Missouri,Tigers,f1b82d,000000,73,10,22,18,NA,NA
401804835,2026,11/28/2025,2390,s:40~l:54~t:2390,Miami,Hurricanes,MIA,f47423,035131,away,83,TRUE,7,4,27,43,27,63,NA,17,68,27,40,9,16,11,1,0,13,2,15,43,0,15,15,45,s:40~l:54~t:45,George Washington,Revolutionaries,002843,e8d2a1,77,6,38,23,NA,NA
401804835,2026,11/28/2025,45,s:40~l:54~t:45,George Washington,Revolutionaries,GW,002843,e8d2a1,home,77,FALSE,19,5,24,47,30,64,NA,29,64,9,14,15,11,4,0,0,53,8,15,35,0,18,18,2390,s:40~l:54~t:2390,Miami,Hurricanes,f47423,035131,83,0,32,9,NA,NA
401827793,2026,11/28/2025,2674,s:40~l:54~t:2674,Valparaiso,Beacons,VAL,794500,NA,away,41,FALSE,9,4,26,31,16,52,NA,21,63,5,8,2,15,6,0,0,17,4,23,41,0,33,33,325,s:40~l:54~t:325,Cleveland State,Vikings,006633,231f20,80,6,18,12,NA,NA
401827793,2026,11/28/2025,325,s:40~l:54~t:325,Cleveland State,Vikings,CLE,006633,231f20,home,80,TRUE,16,2,24,48,29,61,NA,12,63,15,24,42,13,24,1,0,35,7,20,37,0,15,15,2674,s:40~l:54~t:2674,Valparaiso,Beacons,794500,NA,41,16,44,45,NA,NA
401826623,2026,11/28/2025,309,s:40~l:54~t:309,Louisiana,Ragin' Cajuns,UL,ce181e,000000,home,62,FALSE,12,2,24,36,24,67,NA,15,92,11,12,0,12,10,1,0,25,3,12,36,0,14,14,2272,s:40~l:54~t:2272,High Point,Panthers,330072,ffffff,77,9,20,20,NA,NA
401830959,2026,11/28/2025,2210,s:40~l:54~t:2210,Elon,Phoenix,ELON,020303,b59a57,away,65,TRUE,12,2,21,38,25,66,NA,24,63,10,16,12,13,6,0,0,31,5,16,34,0,13,13,155,s:40~l:54~t:155,North Dakota,Fighting Hawks,00A26B,c2c3c0,57,5,28,23,NA,NA
401830959,2026,11/28/2025,155,s:40~l:54~t:155,North Dakota,Fighting Hawks,UND,00A26B,c2c3c0,home,57,FALSE,11,2,30,46,17,37,NA,15,67,16,24,8,4,6,3,0,39,7,18,34,0,27,27,2210,s:40~l:54~t:2210,Elon,Phoenix,020303,b59a57,65,5,18,11,NA,NA
401825870,2026,11/28/2025,9,s:40~l:54~t:9,Arizona State,Sun Devils,ASU,ffc627,8c1d40,home,59,TRUE,14,3,26,47,25,53,NA,14,44,7,16,23,9,13,0,0,20,2,10,35,0,16,16,2031,s:40~l:54~t:2031,Little Rock,Trojans,AD0000,898d8f,41,14,34,21,NA,NA
401824168,2026,11/28/2025,2275,s:40~l:54~t:2275,Hofstra,Pride,HOF,003594,ffc72c,away,53,FALSE,8,2,25,30,18,60,NA,21,86,12,14,0,14,10,3,0,26,5,19,39,0,22,22,151,s:40~l:54~t:151,East Carolina,Pirates,582c83,ffc72c,72,6,24,11,NA,NA
401824168,2026,11/28/2025,151,s:40~l:54~t:151,East Carolina,Pirates,ECU,582c83,ffc72c,home,72,TRUE,14,3,28,40,25,62,NA,21,64,16,25,22,16,15,0,0,25,6,24,44,0,15,15,2275,s:40~l:54~t:2275,Hofstra,Pride,003594,ffc72c,53,21,32,25,NA,NA
401812471,2026,11/28/2025,2598,s:40~l:54~t:2598,Saint Francis,Red Flash,SFPA,a20012,000000,away,31,FALSE,7,5,30,24,11,46,NA,13,38,5,13,0,10,6,3,0,25,4,16,40,0,23,23,314,s:40~l:54~t:314,Iona,Gaels,6f2c3e,f0ab00,50,5,10,9,NA,NA
401812471,2026,11/28/2025,314,s:40~l:54~t:314,Iona,Gaels,IONA,6f2c3e,f0ab00,home,50,TRUE,15,1,28,33,22,67,NA,8,67,2,3,21,14,11,0,0,15,4,27,42,0,11,11,2598,s:40~l:54~t:2598,Saint Francis,Red Flash,a20012,000000,31,7,30,12,NA,NA
401819929,2026,11/28/2025,269,s:40~l:54~t:269,Marquette,Golden Eagles,MARQ,003366,ffcc00,away,73,FALSE,15,4,16,41,26,64,NA,20,86,12,14,0,12,8,2,0,39,9,23,28,0,13,13,66,s:40~l:54~t:66,Iowa State,Cyclones,ae192d,ffc72a,84,7,28,13,NA,NA
401819929,2026,11/28/2025,66,s:40~l:54~t:66,Iowa State,Cyclones,ISU,ae192d,ffc72a,home,84,TRUE,15,3,27,47,28,60,NA,18,83,20,24,21,17,4,0,0,32,8,25,44,0,16,16,269,s:40~l:54~t:269,Marquette,Golden Eagles,003366,ffcc00,73,2,36,14,NA,NA
401817830,2026,11/28/2025,153,s:40~l:54~t:153,North Carolina,Tar Heels,UNC,7bafd4,13294b,home,85,TRUE,21,1,19,55,30,55,NA,22,65,11,17,21,7,10,1,0,54,14,26,26,0,13,13,2306,s:40~l:54~t:2306,Kansas State,Wildcats,330a57,e2e3e4,73,10,26,17,NA,NA
401804834,2026,11/28/2025,197,s:40~l:54~t:197,Oklahoma State,Cowgirls,OKST,fe5c00,000000,away,74,TRUE,18,4,29,48,29,61,NA,13,75,9,12,18,18,2,0,0,27,7,26,47,0,13,13,2429,s:40~l:54~t:2429,Charlotte,49ers,005035,a49665,65,9,42,11,NA,NA
401804834,2026,11/28/2025,2429,s:40~l:54~t:2429,Charlotte,49ers,CLT,005035,a49665,home,65,FALSE,13,4,14,38,23,61,NA,16,70,7,10,0,11,9,0,0,40,12,30,25,0,10,10,197,s:40~l:54~t:197,Oklahoma State,Cowgirls,fe5c00,000000,74,4,18,12,NA,NA
401827902,2026,11/28/2025,167,s:40~l:54~t:167,New Mexico,Lobos,UNM,ba0c2f,a7a8aa,away,80,TRUE,12,1,31,41,30,73,NA,17,50,9,18,32,16,19,0,0,31,11,36,47,0,20,20,2130,s:40~l:54~t:2130,Chicago State,Cougars,006700,NA,53,19,36,26,NA,NA
401826629,2026,11/28/2025,256,s:40~l:54~t:256,James Madison,Dukes,JMU,450084,cbb677,home,73,TRUE,20,3,32,49,31,63,NA,14,60,3,5,23,9,9,0,0,42,8,19,41,0,12,12,103,s:40~l:54~t:103,Boston College,Eagles,8c2232,dbcca6,53,4,44,15,NA,NA
401824457,2026,11/28/2025,202,s:40~l:54~t:202,Tulsa,Golden Hurricane,TLSA,003595,d0b787,away,69,FALSE,14,4,26,31,18,58,NA,26,82,23,28,3,17,5,1,0,34,10,29,43,0,21,21,2309,s:40~l:54~t:2309,Kent State,Golden Flashes,002664,eaab00,75,9,16,10,NA,NA
401824457,2026,11/28/2025,2309,s:40~l:54~t:2309,Kent State,Golden Flashes,KENT,002664,eaab00,home,75,TRUE,9,4,24,41,23,56,NA,23,93,26,28,12,8,8,1,0,20,3,15,32,0,14,14,202,s:40~l:54~t:202,Tulsa,Golden Hurricane,003595,d0b787,69,6,38,21,NA,NA
401822192,2026,11/28/2025,2097,s:40~l:54~t:2097,Campbell,Fighting Camels,CAM,000000,NA,home,49,FALSE,5,1,19,35,19,54,NA,14,65,11,17,3,8,4,0,0,0,0,7,27,0,12,12,2449,s:40~l:54~t:2449,North Dakota State,Bison,01402A,ffffff,71,6,34,12,NA,NA
401823687,2026,11/28/2025,154,s:40~l:54~t:154,Wake Forest,Demon Deacons,WAKE,ceb888,2c2a29,away,57,TRUE,13,3,30,51,23,45,NA,17,67,4,6,16,5,11,1,0,33,7,21,35,0,19,19,2287,s:40~l:54~t:2287,Illinois State,Redbirds,CE1126,ffe716,44,14,28,14,NA,NA
401823687,2026,11/28/2025,2287,s:40~l:54~t:2287,Illinois State,Redbirds,ILST,CE1126,ffe716,home,44,FALSE,9,0,18,27,16,60,NA,8,100,8,8,1,14,8,2,0,14,4,29,32,0,14,14,154,s:40~l:54~t:154,Wake Forest,Demon Deacons,ceb888,2c2a29,57,4,18,11,NA,NA
401831264,2026,11/27/2025,26,s:40~l:54~t:26,UCLA,Bruins,UCLA,2774ae,f2a900,home,89,TRUE,18,1,35,53,31,59,NA,16,88,14,16,33,8,6,1,0,59,13,22,43,0,12,12,150,s:40~l:54~t:150,Duke,Blue Devils,00539b,ffffff,59,10,30,20,NA,NA
401826597,2026,11/27/2025,2653,s:40~l:54~t:2653,Troy,Trojans,TROY,862633,b1b1b1,away,103,TRUE,12,7,28,45,36,80,NA,27,75,21,28,42,20,21,0,0,42,10,24,48,0,12,12,2640,s:40~l:54~t:2640,Texas Southern,Tigers,860038,ffffff,74,17,44,39,NA,NA
401817828,2026,11/27/2025,257,s:40~l:54~t:257,Richmond,Spiders,RICH,9e0712,b90b2e,away,52,FALSE,11,1,22,37,19,52,NA,9,80,8,10,0,8,3,1,0,27,6,22,30,0,15,15,2628,s:40~l:54~t:2628,TCU,Horned Frogs,4d1979,ffffff,68,3,22,5,NA,NA
401817828,2026,11/27/2025,2628,s:40~l:54~t:2628,TCU,Horned Frogs,TCU,4d1979,ffffff,home,68,TRUE,12,3,24,43,26,60,NA,11,100,7,7,29,11,6,0,0,33,9,27,35,0,11,11,257,s:40~l:54~t:257,Richmond,Spiders,9e0712,b90b2e,52,4,30,14,NA,NA
401831263,2026,11/27/2025,251,s:40~l:54~t:251,Texas,Longhorns,TEX,af5c37,ffffff,away,66,TRUE,15,5,23,42,25,60,NA,18,75,15,20,8,16,8,2,0,17,1,6,39,0,15,15,2579,s:40~l:54~t:2579,South Carolina,Gamecocks,73000a,000000,64,8,28,18,NA,NA
401831263,2026,11/27/2025,2579,s:40~l:54~t:2579,South Carolina,Gamecocks,SC,73000a,000000,home,64,FALSE,17,5,21,43,25,58,NA,13,75,12,16,8,11,7,0,0,29,2,7,32,0,13,13,251,s:40~l:54~t:251,Texas,Longhorns,af5c37,ffffff,66,7,38,18,NA,NA
401818611,2026,11/27/2025,204,s:40~l:54~t:204,Oregon State,Beavers,ORST,dc4405,000000,away,66,FALSE,12,2,27,43,26,61,NA,12,78,7,9,1,15,3,1,0,32,7,22,42,0,21,21,238,s:40~l:54~t:238,Vanderbilt,Commodores,000000,cfae70,88,2,36,12,NA,NA
401817827,2026,11/27/2025,2572,s:40~l:54~t:2572,Southern Miss,Lady Eagles,USM,ffc72c,231f20,away,72,FALSE,11,2,31,40,28,70,NA,14,82,9,11,6,15,7,0,0,26,7,27,46,0,15,15,5,s:40~l:54~t:5,UAB,Blazers,1a5632,fdb913,77,8,38,12,NA,NA
401817827,2026,11/27/2025,5,s:40~l:54~t:5,UAB,Blazers,UAB,1a5632,fdb913,home,77,TRUE,21,0,28,44,29,66,NA,12,67,8,12,20,8,3,0,0,33,11,33,36,0,12,12,2572,s:40~l:54~t:2572,Southern Miss,Lady Eagles,ffc72c,231f20,72,4,30,22,NA,NA
401823677,2026,11/27/2025,252,s:40~l:54~t:252,BYU,Cougars,BYU,0047ba,002e5d,away,64,TRUE,12,2,31,40,22,55,NA,16,65,15,23,8,8,9,1,0,42,5,12,39,0,20,20,259,s:40~l:54~t:259,Virginia Tech,Hokies,6a2c3e,cf4520,60,5,32,10,NA,NA
401823677,2026,11/27/2025,259,s:40~l:54~t:259,Virginia Tech,Hokies,VT,6a2c3e,cf4520,home,60,FALSE,11,6,27,35,23,66,NA,22,69,9,13,6,12,10,0,0,24,5,21,39,0,18,18,252,s:40~l:54~t:252,BYU,Cougars,0047ba,002e5d,64,11,18,16,NA,NA
401817826,2026,11/27/2025,152,s:40~l:54~t:152,NC State,Wolfpack,NCSU,cc0000,ffffff,away,79,TRUE,13,5,33,48,32,67,NA,18,50,8,16,13,16,3,0,0,39,7,18,49,0,13,13,2739,s:40~l:54~t:2739,Green Bay,Phoenix,006633,ffffff,67,6,40,13,NA,NA
401818643,2026,11/27/2025,120,s:40~l:54~t:120,Maryland,Terrapins,MD,ce1126,ffffff,away,95,TRUE,22,3,25,58,32,55,NA,8,69,22,32,57,15,14,2,0,45,9,20,40,0,10,10,2275,s:40~l:54~t:2275,Hofstra,Pride,003594,ffc72c,38,25,42,41,NA,NA
401818643,2026,11/27/2025,2275,s:40~l:54~t:2275,Hofstra,Pride,HOF,003594,ffc72c,home,38,FALSE,7,0,12,33,14,43,NA,20,75,6,8,0,5,6,2,0,24,4,17,17,0,24,24,120,s:40~l:54~t:120,Maryland,Terrapins,ce1126,ffffff,95,2,18,6,NA,NA
401827228,2026,11/27/2025,155,s:40~l:54~t:155,North Dakota,Fighting Hawks,UND,00A26B,c2c3c0,away,45,FALSE,5,2,28,33,15,46,NA,18,75,15,20,1,6,4,1,0,0,0,20,34,0,24,24,68,s:40~l:54~t:68,Boise State,Broncos,0033a0,d64309,65,11,28,9,NA,NA
401827228,2026,11/27/2025,68,s:40~l:54~t:68,Boise State,Broncos,BOIS,0033a0,d64309,home,65,TRUE,14,3,28,42,27,64,NA,18,64,7,11,20,9,11,0,0,36,4,11,37,0,13,13,155,s:40~l:54~t:155,North Dakota,Fighting Hawks,00A26B,c2c3c0,45,2,30,17,NA,NA
401822990,2026,11/27/2025,2641,s:40~l:54~t:2641,Texas Tech,Lady Raiders,TTU,da291c,000000,away,67,TRUE,16,3,24,45,23,51,NA,23,75,12,16,20,8,14,0,1,39,9,23,32,1,20,20,249,s:40~l:54~t:249,North Texas,Mean Green,068f33,ffffff,47,4,24,15,NA,NA
401822990,2026,11/27/2025,249,s:40~l:54~t:249,North Texas,Mean Green,UNT,068f33,ffffff,home,47,FALSE,8,1,22,32,16,50,NA,24,69,11,16,0,11,7,1,0,33,4,12,33,0,27,27,2641,s:40~l:54~t:2641,Texas Tech,Lady Raiders,da291c,000000,67,0,18,12,NA,NA
401825084,2026,11/27/2025,2210,s:40~l:54~t:2210,Elon,Phoenix,ELON,020303,b59a57,away,61,FALSE,14,1,22,35,22,63,NA,21,60,6,10,9,15,8,2,0,35,11,31,37,0,18,18,2655,s:40~l:54~t:2655,Tulane,Green Wave,006747,418fde,64,6,14,15,NA,NA
401825084,2026,11/27/2025,2655,s:40~l:54~t:2655,Tulane,Green Wave,TULN,006747,418fde,home,64,TRUE,14,5,24,42,24,57,NA,16,74,14,19,12,14,10,1,0,11,2,19,38,0,17,17,2210,s:40~l:54~t:2210,Elon,Phoenix,020303,b59a57,61,23,38,26,NA,NA
401823686,2026,11/27/2025,154,s:40~l:54~t:154,Wake Forest,Demon Deacons,WAKE,ceb888,2c2a29,away,65,TRUE,20,3,30,46,27,59,NA,16,71,5,7,7,8,10,2,0,33,6,18,38,0,17,17,2116,s:40~l:54~t:2116,UCF,Knights,000000,b4a169,60,5,38,17,NA,NA
401823686,2026,11/27/2025,2116,s:40~l:54~t:2116,UCF,Knights,UCF,000000,b4a169,home,60,FALSE,14,5,24,32,23,71,NA,11,82,9,11,5,20,6,0,0,22,5,23,44,0,14,14,154,s:40~l:54~t:154,Wake Forest,Demon Deacons,ceb888,2c2a29,65,0,32,10,NA,NA
401818681,2026,11/27/2025,2483,s:40~l:54~t:2483,Oregon,Ducks,ORE,00934b,fff41b,away,84,TRUE,20,6,30,49,31,63,NA,12,80,16,20,38,17,10,0,0,32,6,19,47,0,19,19,295,s:40~l:54~t:295,Old Dominion,Monarchs,003768,a1d2f1,46,14,42,25,NA,NA
401818681,2026,11/27/2025,295,s:40~l:54~t:295,Old Dominion,Monarchs,ODU,003768,a1d2f1,home,46,FALSE,13,6,18,27,17,62,NA,19,62,8,13,4,16,6,0,0,21,4,19,34,0,22,22,2483,s:40~l:54~t:2483,Oregon,Ducks,00934b,fff41b,84,6,20,4,NA,NA
401807989,2026,11/27/2025,2617,s:40~l:54~t:2617,Stephen F. Austin,Ladyjacks,SFA,393996,bec0c2,away,67,TRUE,17,2,27,42,26,62,NA,18,63,12,19,19,17,9,0,0,13,3,23,44,0,21,21,2261,s:40~l:54~t:2261,Hampton,Lady Pirates,0067AC,NA,61,14,42,13,NA,NA
401807989,2026,11/27/2025,2261,s:40~l:54~t:2261,Hampton,Lady Pirates,HAMP,0067AC,NA,home,61,FALSE,17,3,18,34,24,71,NA,17,57,8,14,4,16,12,2,0,22,5,23,34,0,16,16,2617,s:40~l:54~t:2617,Stephen F. Austin,Ladyjacks,393996,bec0c2,67,16,28,16,NA,NA
401817825,2026,11/27/2025,153,s:40~l:54~t:153,North Carolina,Tar Heels,UNC,7bafd4,13294b,away,83,TRUE,21,3,32,45,33,73,NA,17,47,7,15,38,12,15,0,0,32,10,31,44,0,9,9,2571,s:40~l:54~t:2571,South Dakota State,Jackrabbits,0033a0,ffd100,48,15,44,31,0,99
401817825,2026,11/27/2025,2571,s:40~l:54~t:2571,South Dakota State,Jackrabbits,SDST,0033a0,ffd100,home,48,FALSE,9,1,31,33,18,54,NA,10,63,10,16,0,6,6,1,0,11,2,19,37,0,21,21,153,s:40~l:54~t:153,North Carolina,Tar Heels,7bafd4,13294b,83,0,28,2,0,0
401824167,2026,11/27/2025,151,s:40~l:54~t:151,East Carolina,Pirates,ECU,582c83,ffc72c,away,73,TRUE,14,1,21,45,26,58,NA,19,70,16,23,7,9,15,0,0,33,5,15,30,0,12,12,2287,s:40~l:54~t:2287,Illinois State,Redbirds,CE1126,ffe716,66,13,30,17,NA,NA
401824167,2026,11/27/2025,2287,s:40~l:54~t:2287,Illinois State,Redbirds,ILST,CE1126,ffe716,home,66,FALSE,16,1,27,38,21,55,NA,16,81,17,21,11,16,4,0,0,27,7,26,43,0,22,22,151,s:40~l:54~t:151,East Carolina,Pirates,582c83,ffc72c,73,4,22,7,NA,NA
401822222,2026,11/26/2025,254,s:40~l:54~t:254,Utah,Utes,UTAH,be0000,ffffff,home,65,TRUE,16,4,31,38,24,64,NA,9,77,10,13,20,9,8,0,0,26,7,27,40,0,11,11,2692,s:40~l:54~t:2692,Weber State,Wildcats,18005a,ebebeb,52,4,30,15,NA,NA
401817552,2026,11/26/2025,25,s:40~l:54~t:25,California,Golden Bears,CAL,041e42,ffc72c,away,50,FALSE,13,4,26,34,17,50,NA,15,73,8,11,2,13,2,2,0,29,8,28,39,0,19,19,2,s:40~l:54~t:2,Auburn,Tigers,002b5c,f26522,58,4,18,13,NA,NA
401818632,2026,11/26/2025,2710,s:40~l:54~t:2710,Western Illinois,Leathernecks,WIU,4e1e8a,ffc90a,away,69,FALSE,13,1,15,37,24,65,NA,19,78,14,18,0,10,14,0,0,26,7,27,25,0,14,14,2294,s:40~l:54~t:2294,Iowa,Hawkeyes,231f20,fcd116,86,7,22,22,NA,NA
401818632,2026,11/26/2025,2294,s:40~l:54~t:2294,Iowa,Hawkeyes,IOWA,231f20,fcd116,home,86,TRUE,22,0,34,60,32,53,NA,20,76,13,17,23,7,11,0,0,45,9,20,41,0,21,21,2710,s:40~l:54~t:2710,Western Illinois,Leathernecks,4e1e8a,ffc90a,69,7,44,19,NA,NA
401829545,2026,11/26/2025,79,s:40~l:54~t:79,Southern Illinois,Salukis,SIU,85283D,c2c3c0,away,63,FALSE,14,1,27,40,23,57,NA,20,73,11,15,12,5,6,1,0,32,6,19,32,0,16,16,8,s:40~l:54~t:8,Arkansas,Razorbacks,a32136,ffffff,73,5,24,8,NA,NA
401829545,2026,11/26/2025,8,s:40~l:54~t:8,Arkansas,Razorbacks,ARK,a32136,ffffff,home,73,TRUE,15,4,30,38,21,55,NA,15,79,19,24,17,7,4,0,0,32,12,37,37,0,13,13,79,s:40~l:54~t:79,Southern Illinois,Salukis,85283D,c2c3c0,63,2,16,16,NA,NA
401818621,2026,11/26/2025,98,s:40~l:54~t:98,Western Kentucky,Lady Toppers,WKU,e13a3e,ffffff,away,41,FALSE,6,3,20,36,16,45,NA,18,64,7,11,4,8,6,5,0,13,2,16,28,0,25,25,356,s:40~l:54~t:356,Illinois,Fighting Illini,ff5f05,13294b,70,2,22,13,NA,NA
401818621,2026,11/26/2025,356,s:40~l:54~t:356,Illinois,Fighting Illini,ILL,ff5f05,13294b,home,70,TRUE,15,0,20,43,23,54,NA,16,85,17,20,31,11,13,0,0,30,7,23,31,0,15,15,98,s:40~l:54~t:98,Western Kentucky,Lady Toppers,e13a3e,ffffff,41,11,28,25,NA,NA
401823635,2026,11/26/2025,108,s:40~l:54~t:108,Harvard,Crimson,HARV,990000,dbdbdb,away,54,FALSE,10,2,26,32,20,63,NA,19,73,8,11,7,15,3,1,0,21,6,28,41,0,12,12,58,s:40~l:54~t:58,South Florida,Bulls,006747,cfc493,56,2,20,5,NA,NA
401823635,2026,11/26/2025,58,s:40~l:54~t:58,South Florida,Bulls,USF,006747,cfc493,home,56,TRUE,7,3,27,33,17,51,NA,15,82,18,22,5,9,4,0,0,33,4,12,36,0,11,11,108,s:40~l:54~t:108,Harvard,Crimson,990000,dbdbdb,54,8,20,9,NA,NA
401828791,2026,11/26/2025,179,s:40~l:54~t:179,St. Bonaventure,Bonnies,SBU,70261D,NA,away,71,FALSE,11,2,18,44,26,59,NA,26,72,13,18,7,10,13,1,0,33,6,18,28,0,18,18,325,s:40~l:54~t:325,Cleveland State,Vikings,006633,231f20,75,7,34,20,NA,NA
401828791,2026,11/26/2025,325,s:40~l:54~t:325,Cleveland State,Vikings,CLE,006633,231f20,home,75,TRUE,10,4,25,53,25,47,NA,17,72,21,29,6,6,11,2,0,24,4,17,31,0,22,22,179,s:40~l:54~t:179,St. Bonaventure,Bonnies,70261D,NA,71,18,40,18,NA,NA
401818582,2026,11/26/2025,120,s:40~l:54~t:120,Maryland,Terrapins,MD,ce1126,ffffff,home,74,TRUE,13,1,23,35,22,62,NA,11,91,21,23,20,13,11,0,0,38,9,24,36,0,13,13,96,s:40~l:54~t:96,Kentucky,Wildcats,0033a0,ffffff,66,21,20,20,NA,NA
401825839,2026,11/26/2025,2460,s:40~l:54~t:2460,Northern Iowa,Panthers,UNI,473282,ffffff,away,79,TRUE,20,7,34,45,28,62,NA,14,91,10,11,30,7,10,1,0,39,13,33,41,0,20,20,2464,s:40~l:54~t:2464,Northern Arizona,Lumberjacks,003976,1b3069,60,6,26,17,NA,NA
401825839,2026,11/26/2025,2464,s:40~l:54~t:2464,Northern Arizona,Lumberjacks,NAU,003976,1b3069,home,60,FALSE,17,3,28,35,23,66,NA,13,57,8,14,3,10,6,1,0,26,6,23,38,0,16,16,2460,s:40~l:54~t:2460,Northern Iowa,Panthers,473282,ffffff,79,6,22,16,NA,NA
401824763,2026,11/26/2025,130,s:40~l:54~t:130,Michigan,Wolverines,MICH,00274c,ffcb05,away,102,TRUE,19,5,30,49,39,79,NA,25,73,16,22,50,25,16,0,0,33,8,24,55,0,16,16,2174,s:40~l:54~t:2174,Detroit Mercy,Titans,165b9e,d31733,53,29,60,27,NA,NA
401829273,2026,11/26/2025,2253,s:40~l:54~t:2253,Grand Canyon,Lopes,GCU,522398,ffffff,home,64,FALSE,16,5,17,42,25,60,NA,17,80,4,5,10,10,9,1,0,33,10,30,27,0,13,13,2636,s:40~l:54~t:2636,UTSA,Roadrunners,0c2340,f15a22,65,15,30,17,NA,NA
401826688,2026,11/26/2025,111994,s:40~l:54~t:111994,Life Pacific,Warriors,LPU,NA,NA,away,43,FALSE,5,0,21,28,16,57,NA,12,58,7,12,0,5,4,1,0,17,4,23,26,0,17,17,2463,s:40~l:54~t:2463,Cal State Northridge,Matadors,b50000,NA,106,0,12,8,NA,NA
401826688,2026,11/26/2025,2463,s:40~l:54~t:2463,Cal State Northridge,Matadors,CSUN,b50000,NA,home,106,TRUE,20,5,37,50,42,84,NA,15,67,6,9,65,23,8,0,0,33,16,49,60,0,9,9,111994,s:40~l:54~t:111994,Life Pacific,Warriors,NA,NA,43,19,44,23,NA,NA
401811129,2026,11/26/2025,2579,s:40~l:54~t:2579,South Carolina,Gamecocks,SC,73000a,000000,away,83,TRUE,18,3,28,47,35,74,NA,13,75,12,16,20,15,9,0,0,10,1,10,43,0,7,7,150,s:40~l:54~t:150,Duke,Blue Devils,00539b,ffffff,66,24,58,18,NA,NA
401823634,2026,11/26/2025,333,s:40~l:54~t:333,Alabama,Crimson Tide,ALA,9e1b32,ffffff,away,63,TRUE,16,5,31,39,22,57,NA,12,89,8,9,13,11,4,3,0,42,11,26,42,0,16,16,135,s:40~l:54~t:135,Minnesota,Golden Gophers,5e0a2f,fab41c,58,3,20,12,NA,NA
401823634,2026,11/26/2025,135,s:40~l:54~t:135,Minnesota,Golden Gophers,MINN,5e0a2f,fab41c,home,58,FALSE,9,3,21,34,23,67,NA,12,67,6,9,1,13,3,1,0,35,6,17,34,0,8,8,333,s:40~l:54~t:333,Alabama,Crimson Tide,9e1b32,ffffff,63,8,32,8,NA,NA
401824183,2026,11/26/2025,2348,s:40~l:54~t:2348,Louisiana Tech,Lady Techsters,LT,003087,cb333b,away,46,FALSE,10,3,21,29,18,62,NA,20,47,7,15,0,15,5,0,0,14,3,21,36,0,20,20,239,s:40~l:54~t:239,Baylor,Bears,154734,ffb81c,75,1,28,4,NA,NA
401824183,2026,11/26/2025,239,s:40~l:54~t:239,Baylor,Bears,BAY,154734,ffb81c,home,75,TRUE,12,6,31,46,27,59,NA,18,67,14,21,31,13,13,1,0,30,7,23,44,0,20,20,2348,s:40~l:54~t:2348,Louisiana Tech,Lady Techsters,003087,cb333b,46,18,34,16,NA,NA
401827791,2026,11/26/2025,2674,s:40~l:54~t:2674,Valparaiso,Beacons,VAL,794500,NA,away,61,FALSE,13,3,37,36,20,55,NA,20,88,14,16,4,9,3,1,1,26,7,27,46,1,25,25,2515,s:40~l:54~t:2515,Radford,Highlanders,BC1515,c2c3c0,68,11,24,13,NA,NA
401825716,2026,11/26/2025,156,s:40~l:54~t:156,Creighton,Bluejays,CREI,005ca9,6cadde,away,67,FALSE,18,3,23,37,25,67,NA,17,100,4,4,7,8,2,0,0,43,13,30,31,0,9,9,2439,s:40~l:54~t:2439,UNLV,Lady Rebels,cf0a2c,cac8c8,76,2,20,5,NA,NA
401825716,2026,11/26/2025,2439,s:40~l:54~t:2439,UNLV,Lady Rebels,UNLV,cf0a2c,cac8c8,home,76,TRUE,18,2,34,49,26,53,NA,9,77,17,22,10,7,5,0,0,37,7,19,41,0,13,13,156,s:40~l:54~t:156,Creighton,Bluejays,005ca9,6cadde,67,7,34,9,NA,NA
401823685,2026,11/26/2025,154,s:40~l:54~t:154,Wake Forest,Demon Deacons,WAKE,ceb888,2c2a29,home,93,TRUE,25,5,40,57,31,54,NA,15,73,24,33,58,10,10,0,0,41,7,17,50,0,13,13,2415,s:40~l:54~t:2415,Morgan State,Lady Bears,014786,f47937,35,18,44,20,NA,NA
401825068,2026,11/26/2025,249,s:40~l:54~t:249,North Texas,Mean Green,UNT,068f33,ffffff,home,67,TRUE,15,3,23,36,24,66,NA,17,78,14,18,5,16,13,0,0,26,5,19,39,0,19,19,2608,s:40~l:54~t:2608,Saint Mary's,Gaels,d80024,003057,65,10,30,15,NA,NA
401823240,2026,11/26/2025,2561,s:40~l:54~t:2561,Siena,Saints,SIE,037961,eea60f,away,47,FALSE,8,4,18,34,18,53,NA,22,71,5,7,3,11,8,1,0,27,6,22,29,0,17,17,172,s:40~l:54~t:172,Cornell,Big Red,b31b1b,ffffff,49,0,16,19,NA,NA
401823240,2026,11/26/2025,172,s:40~l:54~t:172,Cornell,Big Red,COR,b31b1b,ffffff,home,49,TRUE,13,0,23,35,18,52,NA,13,53,9,17,10,18,7,0,0,29,4,14,41,0,19,19,2561,s:40~l:54~t:2561,Siena,Saints,037961,eea60f,47,4,20,11,NA,NA
401820303,2026,11/26/2025,2619,s:40~l:54~t:2619,Stony Brook,Seawolves,STBK,990000,NA,away,48,FALSE,10,2,22,33,16,49,NA,12,92,11,12,0,10,5,1,0,31,5,16,32,0,16,16,2535,s:40~l:54~t:2535,Samford,Bulldogs,005485,bc0023,58,2,22,13,NA,NA
401825993,2026,11/26/2025,94,s:40~l:54~t:94,Northern Kentucky,Norse,NKU,ffc82e,000000,away,90,TRUE,13,3,21,49,31,63,NA,16,85,17,20,29,8,6,0,0,35,11,31,29,0,11,11,2181,s:40~l:54~t:2181,Drake,Bulldogs,005596,bec0c2,69,12,34,25,NA,NA
401825993,2026,11/26/2025,2181,s:40~l:54~t:2181,Drake,Bulldogs,DRKE,005596,bec0c2,home,69,FALSE,20,2,24,48,25,52,NA,20,69,11,16,2,7,3,0,0,38,8,21,31,0,21,21,94,s:40~l:54~t:94,Northern Kentucky,Norse,ffc82e,000000,90,5,32,8,NA,NA
401818600,2026,11/26/2025,26,s:40~l:54~t:26,UCLA,Bruins,UCLA,2774ae,f2a900,away,65,FALSE,12,2,23,47,24,51,NA,20,93,13,14,2,9,6,2,0,31,4,13,32,0,20,20,251,s:40~l:54~t:251,Texas,Longhorns,af5c37,ffffff,76,11,34,13,NA,NA
401818600,2026,11/26/2025,251,s:40~l:54~t:251,Texas,Longhorns,TEX,af5c37,ffffff,home,76,TRUE,16,5,18,44,27,62,NA,20,94,16,17,23,12,9,1,0,40,6,15,30,0,10,10,26,s:40~l:54~t:26,UCLA,Bruins,2774ae,f2a900,65,12,24,18,NA,NA
401829272,2026,11/26/2025,2528,s:40~l:54~t:2528,Rensselaer,Engineers,RPI,000000,NA,away,43,FALSE,13,3,10,33,16,49,NA,12,83,5,6,0,6,3,1,0,30,6,20,16,0,16,16,399,s:40~l:54~t:399,UAlbany,Great Danes,3D2777,ffffff,96,4,12,6,NA,NA
401829272,2026,11/26/2025,399,s:40~l:54~t:399,UAlbany,Great Danes,UALB,3D2777,ffffff,home,96,TRUE,23,0,28,63,42,67,NA,4,70,7,10,53,14,11,0,0,26,5,19,42,0,6,6,2528,s:40~l:54~t:2528,Rensselaer,Engineers,000000,NA,43,17,68,25,NA,NA
401826962,2026,11/26/2025,2473,s:40~l:54~t:2473,Oakland,Golden Grizzlies,OAK,04091c,bc955c,away,68,TRUE,14,1,31,47,19,40,NA,18,76,26,34,17,8,4,0,0,29,4,14,39,0,19,19,2900,s:40~l:54~t:2900,St. Thomas-Minnesota,Tommies,000000,NA,52,14,30,16,NA,NA
401826962,2026,11/26/2025,2900,s:40~l:54~t:2900,St. Thomas-Minnesota,Tommies,STMN,000000,NA,home,52,FALSE,15,2,17,36,20,55,NA,26,50,5,10,0,7,8,0,0,29,7,24,24,0,16,16,2473,s:40~l:54~t:2473,Oakland,Golden Grizzlies,04091c,bc955c,68,0,26,15,NA,NA
401825720,2026,11/26/2025,46,s:40~l:54~t:46,Georgetown,Hoyas,GTWN,110E42,001c58,home,94,TRUE,24,3,20,54,36,67,NA,21,57,8,14,29,14,12,0,0,58,14,24,34,0,9,9,119,s:40~l:54~t:119,Towson,Tigers,FFC229,NA,67,11,40,20,NA,NA
401824710,2026,11/26/2025,2335,s:40~l:54~t:2335,Liberty,Flames,LIB,0a254e,b72025,home,80,TRUE,21,7,40,43,32,75,NA,15,90,9,10,45,21,13,1,0,23,7,30,61,0,13,13,2842,s:40~l:54~t:2842,UVA Wise,Cavaliers,e30000,000000,35,11,50,23,NA,NA
401820512,2026,11/26/2025,357,s:40~l:54~t:357,Texas A&M-Corpus Christi,Islanders,AMCC,0067c5,007f3e,away,74,FALSE,14,2,21,45,28,62,NA,20,58,11,19,6,15,8,1,0,30,7,23,36,0,18,18,198,s:40~l:54~t:198,Oral Roberts,Golden Eagles,002462,dac792,89,2,36,19,NA,NA
401807945,2026,11/26/2025,2443,s:40~l:54~t:2443,New Orleans,Privateers,UNO,005da6,a2a9ae,home,66,FALSE,16,0,21,40,25,63,NA,19,79,11,14,4,11,13,0,0,31,5,16,32,0,20,20,2277,s:40~l:54~t:2277,Houston Christian,Huskies,00539c,NA,79,20,34,22,NA,NA
401823632,2026,11/26/2025,277,s:40~l:54~t:277,West Virginia,Mountaineers,WVU,eaaa00,002855,away,81,FALSE,15,2,24,48,27,56,NA,16,70,23,33,11,14,7,1,0,24,4,17,38,0,25,25,194,s:40~l:54~t:194,Ohio State,Buckeyes,ba0c2f,a8adb4,83,15,46,17,NA,NA
401823632,2026,11/26/2025,194,s:40~l:54~t:194,Ohio State,Buckeyes,OSU,ba0c2f,a8adb4,home,83,TRUE,22,6,17,48,29,61,NA,28,75,15,20,6,11,14,1,0,45,10,22,28,0,17,17,277,s:40~l:54~t:277,West Virginia,Mountaineers,eaaa00,002855,81,16,20,21,NA,NA
401828901,2026,11/26/2025,2023,s:40~l:54~t:2023,Anderson (IN),Ravens,ANIN,000000,NA,away,58,FALSE,12,2,26,34,20,58,NA,15,74,14,19,2,13,4,2,0,25,4,16,39,0,31,31,85,s:40~l:54~t:85,IU Indianapolis,Jaguars,A81F30,d59f0f,94,2,30,8,NA,NA
401822265,2026,11/26/2025,48,s:40~l:54~t:48,Delaware,Blue Hens,DEL,00539f,ffd200,away,67,TRUE,10,3,29,47,20,43,NA,18,88,21,24,15,3,5,0,0,27,6,22,32,0,19,19,2352,s:40~l:54~t:2352,Loyola Maryland,Greyhounds,76a7a0,c9cbca,55,5,24,20,NA,NA
401822265,2026,11/26/2025,2352,s:40~l:54~t:2352,Loyola Maryland,Greyhounds,L-MD,76a7a0,c9cbca,home,55,FALSE,13,1,20,40,22,55,NA,20,54,7,13,1,6,8,0,0,27,4,15,26,0,17,17,48,s:40~l:54~t:48,Delaware,Blue Hens,00539f,ffd200,67,0,34,18,NA,NA
401813911,2026,11/26/2025,2379,s:40~l:54~t:2379,Maryland Eastern Shore,Hawks,UMES,5c2301,b5b7ba,away,67,TRUE,14,1,29,40,23,58,NA,22,61,14,23,14,12,7,1,0,41,7,17,41,0,14,14,116,s:40~l:54~t:116,Mount St. Mary's,Mountaineers,005596,ebebeb,59,20,28,19,NA,NA
401813852,2026,11/26/2025,315,s:40~l:54~t:315,Niagara,Purple Eagles,NIA,69207E,f0f0f0,home,47,FALSE,3,1,23,25,13,52,NA,22,70,19,27,0,14,8,3,0,14,2,14,37,0,23,23,2230,s:40~l:54~t:2230,Fordham,Rams,830032,909090,70,11,20,15,NA,NA
401825073,2026,11/26/2025,2287,s:40~l:54~t:2287,Illinois State,Redbirds,ILST,CE1126,ffe716,away,72,FALSE,8,2,28,38,26,68,NA,22,80,16,20,8,13,2,1,0,31,4,13,41,0,14,14,242,s:40~l:54~t:242,Rice,Owls,00205b,c1c6c8,75,6,40,10,NA,NA
401825112,2026,11/26/2025,2110,s:40~l:54~t:2110,Central Arkansas,Sugar Bears,CARK,a7a9ac,8e959a,away,70,TRUE,18,8,37,41,27,66,NA,9,63,5,8,28,17,4,1,0,37,11,30,54,0,17,17,2247,s:40~l:54~t:2247,Georgia State,Panthers,0039a6,ffffff,51,9,30,4,NA,NA
401823700,2026,11/26/2025,104,s:40~l:54~t:104,Boston University,Terriers,BU,cc0000,ffffff,home,56,FALSE,6,4,14,40,21,52,NA,10,58,11,19,0,12,5,1,0,33,3,9,26,0,16,16,2803,s:40~l:54~t:2803,Bryant,Bulldogs,000000,9f8343,83,0,36,14,NA,NA
401822230,2026,11/26/2025,2350,s:40~l:54~t:2350,Loyola Chicago,Ramblers,LUC,9d1244,NA,away,61,TRUE,16,2,26,46,22,48,NA,15,63,15,24,12,12,8,0,0,22,2,9,38,0,16,16,305,s:40~l:54~t:305,DePaul,Blue Demons,2d649c,ce1125,49,8,40,20,NA,NA
401822230,2026,11/26/2025,305,s:40~l:54~t:305,DePaul,Blue Demons,DEP,2d649c,ce1125,home,49,FALSE,18,1,17,35,20,57,NA,21,63,5,8,3,12,6,0,0,27,4,15,29,0,15,15,2350,s:40~l:54~t:2350,Loyola Chicago,Ramblers,9d1244,NA,61,0,26,9,NA,NA
401822162,2026,11/26/2025,56,s:40~l:54~t:56,Stetson,Hatters,STET,0a5640,56854e,away,77,TRUE,16,5,30,49,25,51,NA,20,75,15,20,23,5,3,0,0,43,12,28,35,0,18,18,139,s:40~l:54~t:139,Saint Louis,Billikens,00539C,ebebeb,67,13,22,8,NA,NA
401822162,2026,11/26/2025,139,s:40~l:54~t:139,Saint Louis,Billikens,SLU,00539C,ebebeb,home,67,FALSE,9,1,22,37,23,62,NA,20,75,15,20,1,11,10,0,0,22,6,27,33,0,14,14,56,s:40~l:54~t:56,Stetson,Hatters,0a5640,56854e,77,12,28,21,NA,NA
401818694,2026,11/26/2025,47,s:40~l:54~t:47,Howard,Bison,HOW,003a63,e51937,away,62,FALSE,7,3,13,34,20,58,NA,14,81,22,27,5,7,7,0,0,0,0,10,20,0,6,6,2509,s:40~l:54~t:2509,Purdue,Boilermakers,ceb888,000000,92,4,20,15,NA,NA
401818694,2026,11/26/2025,2509,s:40~l:54~t:2509,Purdue,Boilermakers,PUR,ceb888,000000,home,92,TRUE,21,2,33,56,34,61,NA,21,72,13,18,30,17,3,1,0,41,11,27,50,0,14,14,47,s:40~l:54~t:47,Howard,Bison,003a63,e51937,62,22,42,8,NA,NA
401824166,2026,11/26/2025,2116,s:40~l:54~t:2116,UCF,Knights,UCF,000000,b4a169,away,75,TRUE,19,7,29,48,30,62,NA,17,72,13,18,20,18,9,0,0,17,2,12,47,0,22,22,151,s:40~l:54~t:151,East Carolina,Pirates,582c83,ffc72c,61,22,52,20,NA,NA
401824166,2026,11/26/2025,151,s:40~l:54~t:151,East Carolina,Pirates,ECU,582c83,ffc72c,home,61,FALSE,8,5,15,31,21,67,NA,21,79,15,19,3,20,11,0,1,16,4,25,35,1,17,17,2116,s:40~l:54~t:2116,UCF,Knights,000000,b4a169,75,7,28,13,NA,NA
401822141,2026,11/25/2025,2670,s:40~l:54~t:2670,VCU,Rams,VCU,ffaf00,000000,away,39,FALSE,11,1,16,25,15,61,NA,16,56,5,9,4,16,13,2,0,17,4,23,32,0,19,19,250,s:40~l:54~t:250,UT Arlington,Mavericks,004b7c,f58024,61,4,14,7,NA,NA
401826678,2026,11/25/2025,2582,s:40~l:54~t:2582,Southern,Jaguars,SOU,004B97,ffc82d,away,40,FALSE,2,2,12,26,15,58,NA,23,75,9,12,2,14,9,3,0,8,1,12,26,0,18,18,264,s:40~l:54~t:264,Washington,Huskies,33006f,e8d3a2,66,2,20,16,NA,NA
401822818,2026,11/25/2025,2329,s:40~l:54~t:2329,Lehigh,Mountain Hawks,LEH,6c2b2a,b69e70,away,84,FALSE,20,1,19,40,29,72,NA,29,88,15,17,8,15,8,1,0,29,11,38,34,0,16,16,2539,s:40~l:54~t:2539,San Francisco,Dons,005a36,ffffff,89,18,34,20,NA,NA
401822818,2026,11/25/2025,2539,s:40~l:54~t:2539,San Francisco,Dons,SF,005a36,ffffff,home,89,TRUE,20,4,28,55,31,56,NA,23,59,19,32,21,11,6,1,0,38,8,21,39,0,20,20,2329,s:40~l:54~t:2329,Lehigh,Mountain Hawks,6c2b2a,b69e70,84,22,46,20,NA,NA
401830958,2026,11/25/2025,158,s:40~l:54~t:158,Nebraska,Cornhuskers,NEB,e31937,ffffff,away,91,TRUE,19,1,21,51,30,59,NA,24,74,23,31,19,16,8,2,0,42,8,19,37,0,15,15,258,s:40~l:54~t:258,Virginia,Cavaliers,f84c1e,232d4b,82,16,36,30,NA,NA
401830958,2026,11/25/2025,258,s:40~l:54~t:258,Virginia,Cavaliers,UVA,f84c1e,232d4b,home,82,FALSE,16,6,19,50,25,50,NA,25,67,22,33,5,10,10,0,0,48,10,21,29,0,15,15,158,s:40~l:54~t:158,Nebraska,Cornhuskers,e31937,ffffff,91,12,26,20,NA,NA
401827800,2026,11/25/2025,613,s:40~l:54~t:613,South Dakota Mines,Hardrockers,SDMT,000000,NA,away,43,FALSE,8,0,23,27,16,60,NA,12,100,2,2,0,11,2,3,0,31,9,29,34,0,14,14,36,s:40~l:54~t:36,Colorado State,Rams,004c23,c8c372,88,0,10,0,NA,NA
401825869,2026,11/25/2025,9,s:40~l:54~t:9,Arizona State,Sun Devils,ASU,ffc627,8c1d40,home,81,TRUE,12,4,39,41,33,80,NA,19,69,11,16,30,23,7,0,0,19,4,21,62,0,15,15,3101,s:40~l:54~t:3101,Utah Tech,Trailblazers,000000,NA,54,13,40,10,NA,NA
401827244,2026,11/25/2025,2638,s:40~l:54~t:2638,UTEP,Miners,UTEP,ff8200,041e42,away,75,TRUE,16,1,29,45,25,56,NA,17,68,17,25,13,16,7,0,0,53,8,15,45,0,17,17,140,s:40~l:54~t:140,Kansas City,Roos,004b87,ffc72c,64,9,26,13,NA,NA
401827244,2026,11/25/2025,140,s:40~l:54~t:140,Kansas City,Roos,KC,004b87,ffc72c,home,64,FALSE,13,4,20,41,24,59,NA,22,58,7,12,8,10,7,1,0,56,9,16,30,0,15,15,2638,s:40~l:54~t:2638,UTEP,Miners,ff8200,041e42,75,4,24,16,NA,NA
401826987,2026,11/25/2025,2029,s:40~l:54~t:2029,Arkansas-Pine Bluff,Golden Lions,UAPB,e0aa0f,eaaa00,away,41,FALSE,4,2,16,27,14,52,NA,24,44,7,16,4,9,8,0,0,33,6,18,25,0,18,18,233,s:40~l:54~t:233,South Dakota,Coyotes,CD1241,f0f0f0,73,8,14,12,NA,NA
401826987,2026,11/25/2025,233,s:40~l:54~t:233,South Dakota,Coyotes,SDAK,CD1241,f0f0f0,home,73,TRUE,15,2,31,51,25,49,NA,11,83,19,23,32,8,6,0,0,29,4,14,39,0,17,17,2029,s:40~l:54~t:2029,Arkansas-Pine Bluff,Golden Lions,e0aa0f,eaaa00,41,8,30,21,NA,NA
401826132,2026,11/25/2025,2627,s:40~l:54~t:2627,Tarleton State,Texans,TAR,000000,NA,away,56,TRUE,11,3,37,44,23,52,NA,15,60,6,10,11,7,6,1,0,24,4,17,44,0,21,21,326,s:40~l:54~t:326,Texas State,Bobcats,501214,6a5638,45,0,32,13,NA,NA
401825060,2026,11/25/2025,309,s:40~l:54~t:309,Louisiana,Ragin' Cajuns,UL,ce181e,000000,away,64,FALSE,13,2,26,39,28,71,NA,19,64,7,11,0,17,11,0,0,14,1,7,43,0,21,21,235,s:40~l:54~t:235,Memphis,Tigers,004991,8e908f,70,14,48,20,NA,NA
401822850,2026,11/25/2025,12,s:40~l:54~t:12,Arizona,Wildcats,ARIZ,cc0033,003366,home,84,TRUE,22,4,34,54,32,59,NA,25,58,15,26,26,11,7,0,1,56,5,9,45,1,14,14,2458,s:40~l:54~t:2458,Northern Colorado,Bears,13558D,ffc533,58,10,54,15,NA,NA
401827463,2026,11/25/2025,123310,s:40~l:54~t:123310,North American,Stallions,NAMU,NA,NA,away,43,FALSE,8,6,26,24,13,54,NA,22,62,16,26,0,16,9,0,0,13,1,8,42,0,29,29,2534,s:40~l:54~t:2534,Sam Houston,Bearkats,f56423,ffffff,92,8,16,8,NA,NA
401827463,2026,11/25/2025,2534,s:40~l:54~t:2534,Sam Houston,Bearkats,SHSU,f56423,ffffff,home,92,TRUE,22,4,30,49,36,73,NA,22,73,11,15,49,14,15,1,0,47,9,19,44,0,17,17,123310,s:40~l:54~t:123310,North American,Stallions,NA,NA,43,15,38,32,NA,NA
401825992,2026,11/25/2025,2181,s:40~l:54~t:2181,Drake,Bulldogs,DRKE,005596,bec0c2,away,72,FALSE,24,3,23,49,28,57,NA,18,73,8,11,0,10,5,1,0,30,8,27,33,0,22,22,8,s:40~l:54~t:8,Arkansas,Razorbacks,a32136,ffffff,79,10,40,18,NA,NA
401825992,2026,11/25/2025,8,s:40~l:54~t:8,Arkansas,Razorbacks,ARK,a32136,ffffff,home,79,TRUE,14,1,22,45,29,65,NA,15,73,16,22,18,17,13,0,0,26,5,19,39,0,14,14,2181,s:40~l:54~t:2181,Drake,Bulldogs,005596,bec0c2,72,24,36,26,NA,NA
401828551,2026,11/25/2025,88,s:40~l:54~t:88,Southern Indiana,Screaming Eagles,USI,000000,NA,home,95,TRUE,22,1,33,50,40,80,NA,12,64,7,11,77,22,19,0,0,42,8,19,55,0,8,8,2225,s:40~l:54~t:2225,Fisk,Bulldogs,000000,NA,18,17,58,37,NA,NA
401828536,2026,11/25/2025,339,s:40~l:54~t:339,Evansville,Purple Aces,EVAN,663399,ef6f00,away,69,FALSE,14,0,20,47,25,53,NA,15,30,3,10,2,7,5,0,0,53,16,30,27,0,18,18,2565,s:40~l:54~t:2565,SIU Edwardsville,Cougars,eb1c23,080808,75,3,14,18,NA,NA
401825936,2026,11/25/2025,38,s:40~l:54~t:38,Colorado,Buffaloes,COLO,cfb87c,000000,away,46,FALSE,11,2,25,34,18,53,NA,15,60,6,10,7,11,12,2,1,21,4,19,36,1,24,24,245,s:40~l:54~t:245,Texas A&M,Aggies,500000,ffffff,59,5,26,15,NA,NA
401824917,2026,11/25/2025,2520,s:40~l:54~t:2520,Rider,Broncs,RID,a80532,ebebeb,away,54,FALSE,15,0,32,38,21,55,NA,21,29,2,7,6,6,2,3,0,38,10,26,38,0,22,22,2244,s:40~l:54~t:2244,George Mason,Patriots,016600,ecb010,72,0,18,8,NA,NA
401824917,2026,11/25/2025,2244,s:40~l:54~t:2244,George Mason,Patriots,GMU,016600,ecb010,home,72,TRUE,13,3,30,38,25,66,NA,9,67,12,18,18,11,8,1,0,40,10,25,41,0,9,9,2520,s:40~l:54~t:2520,Rider,Broncs,a80532,ebebeb,54,21,28,22,NA,NA
401824330,2026,11/25/2025,2504,s:40~l:54~t:2504,Prairie View A&M,Lady Panthers,PV,582c83,eaaa00,home,67,TRUE,20,4,35,47,27,57,NA,17,45,9,20,14,10,7,1,1,24,4,17,45,1,18,18,2281,s:40~l:54~t:2281,Huston-Tillotson,Rams,000000,NA,58,12,30,16,NA,NA
401817333,2026,11/25/2025,50,s:40~l:54~t:50,Florida A&M,Rattlers,FAMU,F89728,00843d,away,59,FALSE,7,8,24,37,21,57,NA,19,76,16,21,3,16,3,0,0,10,1,10,40,0,24,24,2382,s:40~l:54~t:2382,Mercer,Bears,ff7f29,080808,75,11,32,6,NA,NA
401824993,2026,11/25/2025,2325,s:40~l:54~t:2325,La Salle,Explorers,LAS,003356,ffce00,home,54,FALSE,10,3,24,39,21,54,NA,21,59,10,17,2,12,8,0,0,14,2,14,36,0,23,23,222,s:40~l:54~t:222,Villanova,Wildcats,00205b,13b5ea,66,6,32,6,NA,NA
401822203,2026,11/25/2025,294,s:40~l:54~t:294,Jacksonville,Dolphins,JAX,00523e,NA,home,77,TRUE,13,4,31,35,24,69,NA,18,73,24,33,24,14,10,1,0,31,5,16,45,0,13,13,111203,s:40~l:54~t:111203,Georgia Southwestern,Hurricanes,NA,NA,56,13,32,20,NA,NA
401813225,2026,11/25/2025,2649,s:40~l:54~t:2649,Toledo,Rockets,TOL,0b2240,ffcd00,away,69,TRUE,19,3,23,43,26,61,NA,13,59,10,17,10,15,5,0,1,32,7,22,38,1,11,11,2754,s:40~l:54~t:2754,Youngstown State,Penguins,E51937,690717,65,1,34,20,NA,NA
401813225,2026,11/25/2025,2754,s:40~l:54~t:2754,Youngstown State,Penguins,YSU,E51937,690717,home,65,FALSE,16,4,22,47,26,55,NA,18,75,9,12,6,6,3,0,0,31,4,13,28,0,12,12,2649,s:40~l:54~t:2649,Toledo,Rockets,0b2240,ffcd00,69,6,44,7,NA,NA
401830957,2026,11/25/2025,2870,s:40~l:54~t:2870,Purdue Fort Wayne,Mastodons,PFW,cfb991,000000,away,77,TRUE,13,1,22,45,27,60,NA,19,50,13,26,16,9,11,0,0,40,10,25,31,0,11,11,2466,s:40~l:54~t:2466,Northwestern State,Lady Demons,492F91,ed6118,68,11,34,25,NA,NA
401830957,2026,11/25/2025,2466,s:40~l:54~t:2466,Northwestern State,Lady Demons,NWST,492F91,ed6118,home,68,FALSE,19,4,33,44,26,59,NA,19,75,12,16,0,15,6,2,0,27,4,15,48,0,22,22,2870,s:40~l:54~t:2870,Purdue Fort Wayne,Mastodons,cfb991,000000,77,10,40,12,NA,NA
401823718,2026,11/25/2025,2349,s:40~l:54~t:2349,UMass Lowell,River Hawks,UML,000000,cf1f2f,home,46,FALSE,10,4,21,37,19,52,NA,15,50,3,6,9,7,4,2,0,22,5,23,28,0,12,12,111,s:40~l:54~t:111,Northeastern,Huskies,CC0001,c2c3c0,51,4,22,16,NA,NA
401823109,2026,11/25/2025,113,s:40~l:54~t:113,Massachusetts,Minutewomen,MASS,881c1c,ffffff,away,63,TRUE,12,3,27,41,22,54,NA,15,73,16,22,25,14,18,0,0,19,3,16,41,0,21,21,107,s:40~l:54~t:107,Holy Cross,Crusaders,582c83,ffffff,40,15,36,28,NA,NA
401823109,2026,11/25/2025,107,s:40~l:54~t:107,Holy Cross,Crusaders,HC,582c83,ffffff,home,40,FALSE,9,1,22,29,14,49,NA,19,83,10,12,7,9,6,3,0,7,2,27,31,0,27,27,113,s:40~l:54~t:113,Massachusetts,Minutewomen,881c1c,ffffff,63,5,18,10,NA,NA
401819782,2026,11/25/2025,322,s:40~l:54~t:322,Lafayette,Leopards,LAF,790000,a59474,away,76,TRUE,18,5,24,49,29,59,NA,6,86,6,7,17,5,10,0,0,44,12,27,29,0,8,8,221,s:40~l:54~t:221,Pittsburgh,Panthers,003594,ffb81c,59,20,30,16,NA,NA
401822989,2026,11/25/2025,295,s:40~l:54~t:295,Old Dominion,Monarchs,ODU,003768,a1d2f1,away,42,FALSE,8,10,26,27,15,55,NA,22,64,9,14,0,11,12,1,0,15,3,20,37,0,24,24,2641,s:40~l:54~t:2641,Texas Tech,Lady Raiders,da291c,000000,67,10,18,8,NA,NA
401822989,2026,11/25/2025,2641,s:40~l:54~t:2641,Texas Tech,Lady Raiders,TTU,da291c,000000,home,67,TRUE,15,6,31,35,22,62,NA,16,71,17,24,30,17,13,1,0,27,6,22,48,0,22,22,295,s:40~l:54~t:295,Old Dominion,Monarchs,003768,a1d2f1,42,13,32,22,NA,NA
401824198,2026,11/25/2025,2127,s:40~l:54~t:2127,Charleston Southern,Buccaneers,CHSO,2e3192,ded090,home,57,FALSE,10,3,28,37,22,59,NA,15,60,3,5,1,12,6,4,0,33,10,30,40,0,18,18,290,s:40~l:54~t:290,Georgia Southern,Eagles,041e42,a3aaae,65,8,22,11,NA,NA
401830619,2026,11/25/2025,79,s:40~l:54~t:79,Southern Illinois,Salukis,SIU,85283D,c2c3c0,home,61,FALSE,10,1,19,42,22,53,NA,27,79,15,19,8,10,5,0,0,13,2,15,29,0,20,20,2737,s:40~l:54~t:2737,Winthrop,Eagles,9e0b0e,fdb41e,75,15,26,19,NA,NA
401825756,2026,11/25/2025,128307,s:40~l:54~t:128307,Lehman College,Lightning,LHMN,NA,NA,away,31,FALSE,3,3,25,25,13,53,NA,15,33,2,6,2,6,4,0,0,16,3,19,31,0,19,19,2612,s:40~l:54~t:2612,Saint Peter's,Peacocks,004CC2,NA,83,0,16,0,NA,NA
401825756,2026,11/25/2025,2612,s:40~l:54~t:2612,Saint Peter's,Peacocks,SPU,004CC2,NA,home,83,TRUE,20,2,35,43,30,70,NA,7,62,13,21,52,18,12,0,0,36,10,28,53,0,8,8,128307,s:40~l:54~t:128307,Lehman College,Lightning,NA,NA,31,15,38,26,NA,NA
401830956,2026,11/25/2025,2393,s:40~l:54~t:2393,Middle Tennessee,Blue Raiders,MTSU,036eb7,ffffff,away,47,FALSE,11,1,18,36,16,45,NA,16,67,10,15,2,6,9,4,0,29,5,17,24,0,19,19,344,s:40~l:54~t:344,Mississippi State,Bulldogs,5d1725,c1c6c8,69,4,18,8,NA,NA
401820302,2026,11/25/2025,2619,s:40~l:54~t:2619,Stony Brook,Seawolves,STBK,990000,NA,away,42,FALSE,10,4,23,29,14,49,NA,9,61,11,18,5,7,3,0,0,18,3,17,30,0,16,16,2110,s:40~l:54~t:2110,Central Arkansas,Sugar Bears,a7a9ac,8e959a,70,0,18,10,NA,NA
401820302,2026,11/25/2025,2110,s:40~l:54~t:2110,Central Arkansas,Sugar Bears,CARK,a7a9ac,8e959a,home,70,TRUE,20,4,29,47,28,59,NA,20,60,3,5,28,7,7,0,0,44,11,25,36,0,13,13,2619,s:40~l:54~t:2619,Stony Brook,Seawolves,990000,NA,42,10,32,12,NA,NA
401818680,2026,11/25/2025,2483,s:40~l:54~t:2483,Oregon,Ducks,ORE,00934b,fff41b,away,71,TRUE,18,3,19,49,23,47,NA,18,95,19,20,20,9,14,0,0,30,6,20,28,0,19,19,2608,s:40~l:54~t:2608,Saint Mary's,Gaels,d80024,003057,53,17,30,23,NA,NA
401823656,2026,11/25/2025,139,s:40~l:54~t:139,Saint Louis,Billikens,SLU,00539C,ebebeb,home,70,TRUE,11,8,27,38,21,55,NA,20,85,23,27,7,9,8,0,0,33,5,15,36,0,17,17,2567,s:40~l:54~t:2567,SMU,Mustangs,a80000,0033a1,67,8,32,18,NA,NA
401825151,2026,11/25/2025,2717,s:40~l:54~t:2717,Western Carolina,Catamounts,WCU,492F91,bf9e70,away,60,FALSE,10,4,27,32,18,56,NA,15,76,19,25,8,16,6,2,0,31,5,16,43,0,23,23,2698,s:40~l:54~t:2698,West Georgia,Wolves,0033a1,db1a21,69,5,24,12,NA,NA
401825119,2026,11/25/2025,84,s:40~l:54~t:84,Indiana,Hoosiers,IU,970310,ffffff,away,82,TRUE,17,1,22,55,31,56,NA,30,63,10,16,25,7,6,0,0,56,10,18,29,0,15,15,526,s:40~l:54~t:526,Florida Gulf Coast,Eagles,00885a,076c3b,64,13,40,22,NA,NA
401825119,2026,11/25/2025,526,s:40~l:54~t:526,Florida Gulf Coast,Eagles,FGCU,00885a,076c3b,home,64,FALSE,9,1,22,42,20,48,NA,20,74,20,27,5,10,7,3,0,25,4,16,32,0,20,20,84,s:40~l:54~t:84,Indiana,Hoosiers,970310,ffffff,82,11,28,23,NA,NA
401830955,2026,11/25/2025,2507,s:40~l:54~t:2507,Providence,Friars,PROV,000000,a3a19e,away,64,TRUE,18,3,28,39,22,57,NA,9,85,11,13,31,15,6,0,0,35,9,26,43,0,14,14,2016,s:40~l:54~t:2016,Alcorn State,Lady Braves,4b0058,46166a,33,8,20,26,NA,NA
401830955,2026,11/25/2025,2016,s:40~l:54~t:2016,Alcorn State,Lady Braves,ALCN,4b0058,46166a,home,33,FALSE,10,0,20,30,13,44,NA,17,67,2,3,2,2,5,3,0,25,5,20,22,0,19,19,2507,s:40~l:54~t:2507,Providence,Friars,000000,a3a19e,64,3,14,1,NA,NA
401822161,2026,11/25/2025,56,s:40~l:54~t:56,Stetson,Hatters,STET,0a5640,56854e,away,89,TRUE,18,3,27,50,32,64,NA,17,80,8,10,28,9,9,1,0,50,17,34,36,0,12,12,94,s:40~l:54~t:94,Northern Kentucky,Norse,ffc82e,000000,63,19,26,24,NA,NA
401822161,2026,11/25/2025,94,s:40~l:54~t:94,Northern Kentucky,Norse,NKU,ffc82e,000000,home,63,FALSE,9,3,25,34,20,58,NA,15,79,15,19,1,13,4,0,0,29,8,28,38,0,16,16,56,s:40~l:54~t:56,Stetson,Hatters,0a5640,56854e,89,7,18,7,NA,NA
401819759,2026,11/25/2025,2217,s:40~l:54~t:2217,Fairfield,Stags,FAIR,000000,ebebeb,home,79,TRUE,16,2,12,47,26,55,NA,10,93,13,14,21,7,14,0,0,45,14,31,19,0,12,12,2441,s:40~l:54~t:2441,New Haven,Chargers,041e42,ffc425,60,8,24,22,NA,NA
401817545,2026,11/25/2025,2771,s:40~l:54~t:2771,Merrimack,Warriors,MRMK,2f4f93,e8c535,away,72,FALSE,14,4,35,43,27,63,NA,20,91,10,11,3,7,12,0,0,31,8,26,42,0,21,21,103,s:40~l:54~t:103,Boston College,Eagles,8c2232,dbcca6,77,21,32,22,NA,NA
401827900,2026,11/24/2025,2440,s:40~l:54~t:2440,Nevada,Wolf Pack,NEV,041e42,8a8d8f,home,71,TRUE,13,3,32,57,27,47,NA,21,75,9,12,31,8,7,0,0,57,8,14,40,0,26,26,3084,s:40~l:54~t:3084,Utah Valley,Wolverines,004812,e1c736,42,7,32,19,NA,NA
401812779,2026,11/24/2025,16,s:40~l:54~t:16,Sacramento State,Hornets,SAC,00573C,cdb97d,home,67,FALSE,11,5,36,40,23,57,NA,18,92,11,12,8,10,5,1,0,56,10,18,46,0,22,22,302,s:40~l:54~t:302,UC Davis,Aggies,002855,c3c4c6,70,6,22,5,NA,NA
401824220,2026,11/24/2025,2117,s:40~l:54~t:2117,Central Michigan,Chippewas,CMU,4c0027,fbab18,away,51,FALSE,6,3,28,38,18,48,NA,5,64,9,14,0,3,4,0,0,46,6,13,31,0,28,28,87,s:40~l:54~t:87,Notre Dame,Fighting Irish,062340,c99700,83,0,18,10,NA,NA
401824220,2026,11/24/2025,87,s:40~l:54~t:87,Notre Dame,Fighting Irish,ND,062340,c99700,home,83,TRUE,19,4,29,54,37,69,NA,14,100,1,1,34,4,22,0,0,35,8,23,33,0,13,13,2117,s:40~l:54~t:2117,Central Michigan,Chippewas,4c0027,fbab18,51,28,48,35,NA,NA
401830368,2026,11/24/2025,13,s:40~l:54~t:13,Cal Poly,Mustangs,CP,1E4D2B,eed897,home,59,TRUE,13,1,26,38,22,58,NA,19,58,11,19,31,24,14,1,0,20,4,20,50,0,21,21,411,s:40~l:54~t:411,Chapman,Panthers,ab1d38,000000,31,12,36,15,5,84
401827744,2026,11/24/2025,28,s:40~l:54~t:28,UC San Diego,Tritons,UCSD,000000,ffcd00,home,87,TRUE,21,5,38,56,36,64,NA,10,71,10,14,49,13,8,0,0,24,5,21,51,0,13,13,2475,s:40~l:54~t:2475,Occidental,Tigers,000000,NA,39,20,54,21,NA,NA
401823672,2026,11/24/2025,2466,s:40~l:54~t:2466,Northwestern State,Lady Demons,NWST,492F91,ed6118,away,48,FALSE,10,1,22,35,19,55,NA,18,45,5,11,1,13,6,0,0,29,5,17,35,0,19,19,258,s:40~l:54~t:258,Virginia,Cavaliers,f84c1e,232d4b,69,7,28,7,NA,NA
401823672,2026,11/24/2025,258,s:40~l:54~t:258,Virginia,Cavaliers,UVA,f84c1e,232d4b,home,69,TRUE,18,7,25,42,28,66,NA,15,67,6,9,24,17,9,0,0,27,7,26,42,0,12,12,2466,s:40~l:54~t:2466,Northwestern State,Lady Demons,492F91,ed6118,48,17,40,23,NA,NA
401817551,2026,11/24/2025,2253,s:40~l:54~t:2253,Grand Canyon,Lopes,GCU,522398,ffffff,away,63,FALSE,9,1,19,45,25,55,NA,20,79,11,14,6,10,10,0,0,22,2,9,29,0,23,23,25,s:40~l:54~t:25,California,Golden Bears,041e42,ffc72c,68,2,46,18,NA,NA
401817551,2026,11/24/2025,25,s:40~l:54~t:25,California,Golden Bears,CAL,041e42,ffc72c,home,68,TRUE,15,4,20,46,25,54,NA,19,79,11,14,14,10,6,1,0,27,7,26,30,0,24,24,2253,s:40~l:54~t:2253,Grand Canyon,Lopes,522398,ffffff,63,15,34,11,NA,NA
401820511,2026,11/24/2025,357,s:40~l:54~t:357,Texas A&M-Corpus Christi,Islanders,AMCC,0067c5,007f3e,away,45,FALSE,10,1,23,41,14,34,NA,20,61,11,18,4,2,3,3,0,32,6,19,25,0,35,35,197,s:40~l:54~t:197,Oklahoma State,Cowgirls,fe5c00,000000,98,7,12,6,NA,NA
401820511,2026,11/24/2025,197,s:40~l:54~t:197,Oklahoma State,Cowgirls,OKST,fe5c00,000000,home,98,TRUE,17,1,20,47,32,68,NA,21,84,21,25,55,16,19,0,0,41,13,32,36,0,11,11,357,s:40~l:54~t:357,Texas A&M-Corpus Christi,Islanders,0067c5,007f3e,45,32,36,46,NA,NA
401822139,2026,11/24/2025,2670,s:40~l:54~t:2670,VCU,Rams,VCU,ffaf00,000000,away,58,FALSE,11,6,26,41,21,51,NA,22,54,7,13,0,7,8,0,0,33,9,27,33,0,17,17,38,s:40~l:54~t:38,Colorado,Buffaloes,cfb87c,000000,69,8,22,10,NA,NA
401822139,2026,11/24/2025,38,s:40~l:54~t:38,Colorado,Buffaloes,COLO,cfb87c,000000,home,69,TRUE,18,2,27,41,26,63,NA,16,63,15,24,20,18,11,0,0,18,2,11,45,0,16,16,2670,s:40~l:54~t:2670,VCU,Rams,ffaf00,000000,58,10,46,11,NA,NA
401824973,2026,11/24/2025,145,s:40~l:54~t:145,Ole Miss,Rebels,MISS,13294b,cf142b,home,102,TRUE,23,6,34,49,38,77,NA,16,76,19,25,52,20,18,0,0,30,7,23,54,0,13,13,2344,s:40~l:54~t:2344,Longwood,Lancers,003273,9ea2a3,50,24,58,35,NA,NA
401828646,2026,11/24/2025,2261,s:40~l:54~t:2261,Hampton,Lady Pirates,HAMP,0067AC,NA,home,76,TRUE,15,5,28,44,25,57,NA,22,75,18,24,19,15,9,0,0,35,8,23,43,0,17,17,2169,s:40~l:54~t:2169,Delaware State,Hornets,009cdb,d51c28,59,15,26,15,NA,NA
401827474,2026,11/24/2025,195,s:40~l:54~t:195,Ohio,Bobcats,OHIO,154734,ffffff,home,80,TRUE,13,1,32,41,26,64,NA,16,65,17,26,21,11,14,0,0,34,11,32,43,0,12,12,2750,s:40~l:54~t:2750,Wright State,Raiders,cba052,cba052,66,10,30,14,NA,NA
401825955,2026,11/24/2025,2653,s:40~l:54~t:2653,Troy,Trojans,TROY,862633,b1b1b1,home,74,TRUE,15,5,33,60,25,42,NA,12,73,16,22,18,6,4,1,0,62,8,13,39,0,31,31,147,s:40~l:54~t:147,Montana State,Bobcats,00205c,bc955c,60,16,26,19,NA,NA
401825796,2026,11/24/2025,314,s:40~l:54~t:314,Iona,Gaels,IONA,6f2c3e,f0ab00,away,63,TRUE,8,1,27,33,16,48,NA,23,70,26,37,19,12,5,2,0,38,5,13,39,0,18,18,2681,s:40~l:54~t:2681,Wagner,Seahawks,00483A,ffffff,57,7,14,8,NA,NA
401825796,2026,11/24/2025,2681,s:40~l:54~t:2681,Wagner,Seahawks,WAG,00483A,ffffff,home,57,FALSE,12,5,24,36,20,56,NA,33,56,14,25,1,13,5,0,0,20,3,15,37,0,16,16,314,s:40~l:54~t:314,Iona,Gaels,6f2c3e,f0ab00,63,2,30,8,NA,NA
401825719,2026,11/24/2025,2210,s:40~l:54~t:2210,Elon,Phoenix,ELON,020303,b59a57,away,57,FALSE,18,2,18,35,23,66,NA,23,64,7,11,0,12,9,0,0,19,4,21,30,0,17,17,46,s:40~l:54~t:46,Georgetown,Hoyas,110E42,001c58,93,22,32,13,NA,NA
401825719,2026,11/24/2025,46,s:40~l:54~t:46,Georgetown,Hoyas,GTWN,110E42,001c58,home,93,TRUE,15,4,33,45,29,64,NA,17,76,25,33,40,21,13,0,0,38,10,26,54,0,17,17,2210,s:40~l:54~t:2210,Elon,Phoenix,020303,b59a57,57,22,36,18,NA,NA
401820502,2026,11/24/2025,2153,s:40~l:54~t:2153,Concordia (TX),Tornados,CUTX,000000,NA,away,57,FALSE,9,2,29,39,21,54,NA,14,79,11,14,7,9,6,2,0,24,4,17,38,0,22,22,2277,s:40~l:54~t:2277,Houston Christian,Huskies,00539c,NA,77,6,24,8,NA,NA
401818520,2026,11/24/2025,57,s:40~l:54~t:57,Florida,Gators,FLA,0021a5,fa4616,away,59,TRUE,10,8,27,36,20,55,NA,19,73,19,26,11,14,6,0,0,0,0,5,41,0,21,21,2226,s:40~l:54~t:2226,Florida Atlantic,Owls,003366,cc0000,51,8,40,13,NA,NA
401813895,2026,11/24/2025,2368,s:40~l:54~t:2368,Marist,Red Foxes,MRST,e53730,f0f0f0,home,64,FALSE,9,2,27,33,23,69,NA,17,80,12,15,5,14,7,0,0,33,6,18,41,0,16,16,2405,s:40~l:54~t:2405,Monmouth,Hawks,051844,NA,72,0,24,12,NA,NA
401813742,2026,11/24/2025,2561,s:40~l:54~t:2561,Siena,Saints,SIE,037961,eea60f,away,61,FALSE,12,6,26,39,24,61,NA,23,57,4,7,4,13,6,3,0,39,9,23,39,0,20,20,164,s:40~l:54~t:164,Rutgers,Scarlet Knights,ce0e2d,ffffff,67,8,28,10,NA,NA
401813742,2026,11/24/2025,164,s:40~l:54~t:164,Rutgers,Scarlet Knights,RUTG,ce0e2d,ffffff,home,67,TRUE,14,6,24,33,20,60,NA,12,79,22,28,16,18,11,0,0,36,5,14,42,0,15,15,2561,s:40~l:54~t:2561,Siena,Saints,037961,eea60f,61,13,24,25,NA,NA
401823599,2026,11/24/2025,333,s:40~l:54~t:333,Alabama,Crimson Tide,ALA,9e1b32,ffffff,away,80,TRUE,16,3,24,55,29,53,NA,18,77,17,22,20,9,10,0,0,42,5,12,33,0,17,17,108,s:40~l:54~t:108,Harvard,Crimson,990000,dbdbdb,60,15,44,26,NA,NA
401823599,2026,11/24/2025,108,s:40~l:54~t:108,Harvard,Crimson,HARV,990000,dbdbdb,home,60,FALSE,16,3,13,37,22,59,NA,20,79,11,14,7,13,9,0,0,28,5,18,26,0,20,20,333,s:40~l:54~t:333,Alabama,Crimson Tide,9e1b32,ffffff,80,2,28,12,NA,NA
401829306,2026,11/24/2025,2116,s:40~l:54~t:2116,UCF,Knights,UCF,000000,b4a169,home,94,TRUE,12,2,32,54,28,52,NA,11,79,31,39,47,11,7,0,0,47,7,15,43,0,11,11,2569,s:40~l:54~t:2569,South Carolina State,Lady Bulldogs,7d1315,104897,49,21,34,22,NA,NA
401825196,2026,11/24/2025,2506,s:40~l:54~t:2506,Presbyterian,Blue Hose,PRES,194896,990134,away,38,FALSE,5,2,29,29,16,56,NA,19,50,3,6,4,14,7,2,0,19,3,16,43,0,36,36,324,s:40~l:54~t:324,Coastal Carolina,Chanticleers,006f71,a27752,87,8,20,12,NA,NA
401825196,2026,11/24/2025,324,s:40~l:54~t:324,Coastal Carolina,Chanticleers,CCU,006f71,a27752,home,87,TRUE,18,14,26,46,35,76,NA,10,56,5,9,49,12,22,0,0,48,12,25,38,0,14,14,2506,s:40~l:54~t:2506,Presbyterian,Blue Hose,194896,990134,38,16,44,38,NA,NA
401825012,2026,11/24/2025,2603,s:40~l:54~t:2603,Saint Joseph's,Hawks,JOES,9e1b32,6c6f70,away,74,TRUE,22,3,25,53,28,53,NA,14,71,10,14,25,7,10,0,0,35,8,23,32,0,14,14,219,s:40~l:54~t:219,Pennsylvania,Quakers,082A74,a6163d,53,12,36,14,NA,NA
401825012,2026,11/24/2025,219,s:40~l:54~t:219,Pennsylvania,Quakers,PENN,082A74,a6163d,home,53,FALSE,15,0,20,39,20,51,NA,15,75,9,12,2,7,5,0,0,19,4,21,27,0,17,17,2603,s:40~l:54~t:2603,Saint Joseph's,Hawks,9e1b32,6c6f70,74,9,30,18,NA,NA
401820853,2026,11/24/2025,2752,s:40~l:54~t:2752,Xavier,Musketeers,XAV,21304e,a5a7a8,away,64,TRUE,11,3,31,41,24,59,NA,21,87,13,15,12,12,8,1,0,17,3,18,43,0,15,15,2006,s:40~l:54~t:2006,Akron,Zips,041e42,c5b783,57,14,30,18,NA,NA
401820853,2026,11/24/2025,2006,s:40~l:54~t:2006,Akron,Zips,AKR,041e42,c5b783,home,57,FALSE,13,0,25,30,18,61,NA,17,82,14,17,0,15,5,0,0,23,7,31,40,0,16,16,2752,s:40~l:54~t:2752,Xavier,Musketeers,21304e,a5a7a8,64,8,22,12,NA,NA
401820146,2026,11/24/2025,2309,s:40~l:54~t:2309,Kent State,Golden Flashes,KENT,002664,eaab00,away,53,FALSE,13,0,25,29,20,70,NA,20,100,8,8,5,21,7,0,0,22,5,23,46,0,14,14,2184,s:40~l:54~t:2184,Duquesne,Dukes,002D62,b90b2e,58,12,24,19,NA,NA
401818651,2026,11/24/2025,158,s:40~l:54~t:158,Nebraska,Cornhuskers,NEB,e31937,ffffff,away,80,TRUE,21,6,27,57,33,58,NA,13,86,6,7,23,7,7,0,0,44,8,18,34,0,14,14,2870,s:40~l:54~t:2870,Purdue Fort Wayne,Mastodons,cfb991,000000,57,17,38,26,NA,NA
401818651,2026,11/24/2025,2870,s:40~l:54~t:2870,Purdue Fort Wayne,Mastodons,PFW,cfb991,000000,home,57,FALSE,16,3,18,39,21,54,NA,17,78,7,9,4,8,9,0,0,30,8,27,26,0,18,18,158,s:40~l:54~t:158,Nebraska,Cornhuskers,e31937,ffffff,80,8,22,18,NA,NA
401817396,2026,11/24/2025,2115,s:40~l:54~t:2115,Central Connecticut,Blue Devils,CCSU,1B49A2,d1d5d8,away,46,FALSE,4,4,20,32,19,60,NA,18,55,6,11,1,7,4,0,0,14,2,14,27,0,7,7,2599,s:40~l:54~t:2599,St. John's,Red Storm,d10000,101010,71,2,26,8,NA,NA
401817396,2026,11/24/2025,2599,s:40~l:54~t:2599,St. John's,Red Storm,SJU,d10000,101010,home,71,TRUE,19,5,35,45,26,58,NA,14,62,13,21,27,15,7,0,0,32,6,19,50,0,12,12,2115,s:40~l:54~t:2115,Central Connecticut,Blue Devils,1B49A2,d1d5d8,46,14,38,11,NA,NA
401823598,2026,11/24/2025,58,s:40~l:54~t:58,South Florida,Bulls,USF,006747,cfc493,away,45,FALSE,13,4,23,33,16,48,NA,21,79,11,14,0,10,6,1,0,11,2,18,33,0,20,20,135,s:40~l:54~t:135,Minnesota,Golden Gophers,5e0a2f,fab41c,57,4,22,15,NA,NA
401823598,2026,11/24/2025,135,s:40~l:54~t:135,Minnesota,Golden Gophers,MINN,5e0a2f,fab41c,home,57,TRUE,12,3,23,34,19,56,NA,16,86,12,14,19,12,7,2,0,32,7,22,35,0,17,17,58,s:40~l:54~t:58,South Florida,Bulls,006747,cfc493,45,2,20,16,NA,NA
401825111,2026,11/24/2025,2110,s:40~l:54~t:2110,Central Arkansas,Sugar Bears,CARK,a7a9ac,8e959a,home,67,TRUE,19,4,26,45,26,58,NA,18,50,3,6,27,11,4,0,0,40,12,30,37,0,12,12,2535,s:40~l:54~t:2535,Samford,Bulldogs,005485,bc0023,44,6,26,23,NA,NA
401822276,2026,11/24/2025,2016,s:40~l:54~t:2016,Alcorn State,Lady Braves,ALCN,4b0058,46166a,away,51,FALSE,13,1,23,35,19,55,NA,22,45,5,11,0,11,7,1,0,33,8,24,34,0,24,24,344,s:40~l:54~t:344,Mississippi State,Bulldogs,5d1725,c1c6c8,65,11,22,10,NA,NA
401826062,2026,11/24/2025,301,s:40~l:54~t:301,San Diego,Toreros,USD,2f99d4,2f99d4,home,57,TRUE,16,3,26,33,21,64,NA,18,50,10,20,9,17,18,1,0,28,5,18,43,0,18,18,166,s:40~l:54~t:166,New Mexico State,Aggies,7e141b,231f20,48,14,24,26,NA,NA
401823631,2026,11/24/2025,277,s:40~l:54~t:277,West Virginia,Mountaineers,WVU,eaaa00,002855,home,83,TRUE,16,7,27,56,27,48,NA,11,77,23,30,21,10,7,0,0,43,6,14,37,0,18,18,2377,s:40~l:54~t:2377,McNeese,Cowgirls,00529C,ffd204,63,2,36,22,NA,NA
401826670,2026,11/24/2025,21,s:40~l:54~t:21,San Diego State,Aztecs,SDSU,a6192e,000000,home,67,FALSE,15,5,21,40,24,60,NA,12,71,10,14,6,11,5,0,0,38,9,24,32,0,18,18,213,s:40~l:54~t:213,Penn State,Lady Lions,061440,ffffff,83,6,22,21,NA,NA
401825733,2026,11/24/2025,2393,s:40~l:54~t:2393,Middle Tennessee,Blue Raiders,MTSU,036eb7,ffffff,away,54,TRUE,11,1,28,36,16,45,NA,22,64,18,28,9,7,8,1,0,25,4,16,35,0,19,19,2507,s:40~l:54~t:2507,Providence,Friars,000000,a3a19e,48,9,20,21,NA,NA
401825733,2026,11/24/2025,2507,s:40~l:54~t:2507,Providence,Friars,PROV,000000,a3a19e,home,48,FALSE,8,1,27,32,16,50,NA,28,63,12,19,16,10,10,4,0,20,4,20,37,0,23,23,2393,s:40~l:54~t:2393,Middle Tennessee,Blue Raiders,036eb7,ffffff,54,13,18,21,NA,NA
401820301,2026,11/24/2025,2619,s:40~l:54~t:2619,Stony Brook,Seawolves,STBK,990000,NA,away,61,FALSE,12,3,29,31,19,61,NA,21,67,18,27,4,20,6,0,0,21,5,24,49,0,25,25,2247,s:40~l:54~t:2247,Georgia State,Panthers,0039a6,ffffff,62,2,28,26,NA,NA
401827754,2026,11/24/2025,126823,s:40~l:54~t:126823,Saint Mary-Of-The-Woods College,Pomeroys,SMWC,NA,NA,away,50,FALSE,9,1,27,30,16,53,NA,20,65,11,17,0,11,5,5,0,32,7,22,38,0,27,27,282,s:40~l:54~t:282,Indiana State,Sycamores,00669a,f0f0f0,102,3,16,3,0,0
401827754,2026,11/24/2025,282,s:40~l:54~t:282,Indiana State,Sycamores,INST,00669a,f0f0f0,home,102,TRUE,28,4,31,52,39,75,NA,15,59,13,22,55,15,16,0,0,31,11,36,46,0,6,6,126823,s:40~l:54~t:126823,Saint Mary-Of-The-Woods College,Pomeroys,NA,NA,50,21,48,36,0,99
401823597,2026,11/24/2025,194,s:40~l:54~t:194,Ohio State,Buckeyes,OSU,ba0c2f,a8adb4,home,68,TRUE,14,3,32,35,20,57,NA,16,87,20,23,12,10,9,2,0,31,8,26,42,0,17,17,2057,s:40~l:54~t:2057,Belmont,Bruins,182142,c9262d,56,4,24,19,NA,NA
401826080,2026,11/23/2025,2501,s:40~l:54~t:2501,Portland,Pilots,PORT,330072,a8b3ba,away,61,FALSE,16,5,22,34,20,59,NA,18,80,12,15,7,12,5,3,1,31,9,29,34,1,20,20,62,s:40~l:54~t:62,Hawai'i,Rainbow Wahine,005737,000000,66,3,12,19,NA,NA
401826080,2026,11/23/2025,62,s:40~l:54~t:62,Hawai'i,Rainbow Wahine,HAW,005737,000000,home,66,TRUE,14,5,25,39,22,57,NA,13,76,16,21,6,12,9,1,0,43,6,14,37,0,18,18,2501,s:40~l:54~t:2501,Portland,Pilots,330072,a8b3ba,61,10,28,27,NA,NA
401807520,2026,11/23/2025,153,s:40~l:54~t:153,North Carolina,Tar Heels,UNC,7bafd4,13294b,home,94,TRUE,20,7,20,66,39,59,NA,14,80,4,5,46,9,14,0,0,60,12,20,29,0,12,12,2430,s:40~l:54~t:2430,UNC Greensboro,Spartans,003559,ffd90a,48,10,48,40,NA,NA
401830107,2026,11/23/2025,2582,s:40~l:54~t:2582,Southern,Jaguars,SOU,004B97,ffc82d,away,37,FALSE,9,1,11,29,16,56,NA,16,100,3,3,2,9,4,2,0,12,2,17,20,0,13,13,26,s:40~l:54~t:26,UCLA,Bruins,2774ae,f2a900,88,0,20,4,NA,NA
401830107,2026,11/23/2025,26,s:40~l:54~t:26,UCLA,Bruins,UCLA,2774ae,f2a900,home,88,TRUE,24,4,29,51,33,65,NA,7,71,12,17,57,21,7,0,0,36,10,28,50,0,7,7,2582,s:40~l:54~t:2582,Southern,Jaguars,004B97,ffc82d,37,15,34,28,NA,NA
401823032,2026,11/23/2025,292,s:40~l:54~t:292,UT Rio Grande Valley,Vaqueros,RGV,dc6000,e1732d,away,57,FALSE,14,1,22,31,19,61,NA,12,79,11,14,0,9,2,1,0,26,8,31,31,0,13,13,2628,s:40~l:54~t:2628,TCU,Horned Frogs,4d1979,ffffff,93,7,12,12,NA,NA
401823032,2026,11/23/2025,2628,s:40~l:54~t:2628,TCU,Horned Frogs,TCU,4d1979,ffffff,home,93,TRUE,24,7,34,49,36,74,NA,12,55,6,11,38,17,2,0,0,45,15,33,51,0,10,10,292,s:40~l:54~t:292,UT Rio Grande Valley,Vaqueros,dc6000,e1732d,57,17,36,13,NA,NA
401826105,2026,11/23/2025,304,s:40~l:54~t:304,Idaho State,Bengals,IDST,ef8c00,e9a126,away,52,FALSE,5,1,24,44,22,50,NA,23,50,7,14,1,8,5,1,0,14,1,7,32,0,21,21,2351,s:40~l:54~t:2351,Loyola Marymount,Lions,880029,00345b,71,3,34,13,NA,NA
401826094,2026,11/23/2025,2239,s:40~l:54~t:2239,Cal State Fullerton,Titans,CSUF,003767,ff8300,away,68,TRUE,11,0,18,40,24,60,NA,24,72,18,25,13,15,19,0,0,15,2,13,33,0,19,19,279,s:40~l:54~t:279,Pacific,Tigers,F47820,c2c3c0,56,7,38,22,NA,NA
401825929,2026,11/23/2025,2492,s:40~l:54~t:2492,Pepperdine,Waves,PEPP,003A72,dc762f,home,76,TRUE,15,6,34,40,28,70,NA,17,78,7,9,26,18,10,0,0,42,13,31,52,0,15,15,23,s:40~l:54~t:23,San José State,Spartans,0038a8,ffb81a,52,10,28,20,NA,NA
401818679,2026,11/23/2025,2483,s:40~l:54~t:2483,Oregon,Ducks,ORE,00934b,fff41b,home,70,TRUE,17,6,30,43,27,63,NA,6,67,10,15,38,12,18,1,0,32,6,19,42,0,16,16,328,s:40~l:54~t:328,Utah State,Aggies,0f2439,ffffff,34,12,38,29,NA,NA
401827572,2026,11/23/2025,27,s:40~l:54~t:27,UC Riverside,Highlanders,UCR,14234F,NA,away,56,FALSE,9,4,19,38,19,50,NA,22,63,10,16,5,11,9,2,0,29,8,28,30,0,24,24,68,s:40~l:54~t:68,Boise State,Broncos,0033a0,d64309,67,10,22,18,NA,NA
401827572,2026,11/23/2025,68,s:40~l:54~t:68,Boise State,Broncos,BOIS,0033a0,d64309,home,67,TRUE,18,1,20,48,25,52,NA,17,64,9,14,16,8,10,1,0,62,8,13,28,0,21,21,27,s:40~l:54~t:27,UC Riverside,Highlanders,14234F,NA,56,4,28,29,NA,NA
401826616,2026,11/23/2025,276,s:40~l:54~t:276,Marshall,Thundering Herd,MRSH,00b140,000000,home,81,TRUE,16,8,23,52,26,50,NA,16,90,19,21,14,11,7,3,0,40,10,25,34,0,20,20,85,s:40~l:54~t:85,IU Indianapolis,Jaguars,A81F30,d59f0f,70,15,28,25,NA,NA
401824411,2026,11/23/2025,2032,s:40~l:54~t:2032,Arkansas State,Red Wolves,ARST,cc092f,000000,away,75,TRUE,14,2,25,46,28,61,NA,23,65,11,17,11,12,9,0,0,30,8,27,37,0,19,19,2296,s:40~l:54~t:2296,Jackson State,Lady Tigers,123297,b5b7ba,69,11,36,16,NA,NA
401824411,2026,11/23/2025,2296,s:40~l:54~t:2296,Jackson State,Lady Tigers,JKST,123297,b5b7ba,home,69,FALSE,13,1,19,36,21,58,NA,18,77,20,26,9,13,13,0,0,50,7,14,32,0,19,19,2032,s:40~l:54~t:2032,Arkansas State,Red Wolves,cc092f,000000,75,16,26,12,NA,NA
401819609,2026,11/23/2025,2329,s:40~l:54~t:2329,Lehigh,Mountain Hawks,LEH,6c2b2a,b69e70,away,43,FALSE,9,0,9,30,16,53,NA,13,100,5,5,0,8,5,2,0,19,6,31,17,0,17,17,24,s:40~l:54~t:24,Stanford,Cardinal,8c1515,ffffff,98,2,18,2,NA,NA
401819609,2026,11/23/2025,24,s:40~l:54~t:24,Stanford,Cardinal,STAN,8c1515,ffffff,home,98,TRUE,17,4,29,67,38,57,NA,13,100,15,15,55,9,10,1,0,54,7,13,38,0,9,9,2329,s:40~l:54~t:2329,Lehigh,Mountain Hawks,6c2b2a,b69e70,43,18,60,24,NA,NA
401819547,2026,11/23/2025,299,s:40~l:54~t:299,Long Beach State,Beach,LBSU,000000,f1f2f3,away,55,FALSE,11,0,23,34,22,65,NA,27,50,3,6,4,15,9,0,0,24,8,33,38,0,15,15,204,s:40~l:54~t:204,Oregon State,Beavers,dc4405,000000,71,5,18,10,NA,NA
401819547,2026,11/23/2025,204,s:40~l:54~t:204,Oregon State,Beavers,ORST,dc4405,000000,home,71,TRUE,16,5,29,44,23,52,NA,12,63,20,32,19,11,8,0,0,25,5,20,40,0,12,12,299,s:40~l:54~t:299,Long Beach State,Beach,000000,f1f2f3,55,8,34,15,NA,NA
401808052,2026,11/23/2025,2463,s:40~l:54~t:2463,Cal State Northridge,Matadors,CSUN,b50000,NA,away,56,FALSE,9,5,21,32,22,69,NA,18,50,4,8,2,11,9,0,0,24,8,33,32,0,14,14,70,s:40~l:54~t:70,Idaho,Vandals,000000,8c6e4a,89,9,26,14,NA,NA
401808052,2026,11/23/2025,70,s:40~l:54~t:70,Idaho,Vandals,IDHO,000000,8c6e4a,home,89,TRUE,15,4,39,43,32,74,NA,10,71,17,24,33,22,10,1,0,30,8,27,61,0,14,14,2463,s:40~l:54~t:2463,Cal State Northridge,Matadors,b50000,NA,56,20,46,18,NA,NA
401827288,2026,11/23/2025,2433,s:40~l:54~t:2433,UL Monroe,Warhawks,ULM,840029,fdb913,home,62,TRUE,16,2,20,43,23,53,NA,16,69,11,16,17,15,11,2,0,45,5,11,35,0,21,21,2320,s:40~l:54~t:2320,Lamar,Cardinals,000000,ebebeb,47,9,36,17,NA,NA
401825947,2026,11/23/2025,2305,s:40~l:54~t:2305,Kansas,Jayhawks,KU,0051ba,e8000d,home,86,TRUE,17,5,28,50,31,62,NA,20,74,14,19,20,12,8,1,0,40,10,25,40,0,19,19,198,s:40~l:54~t:198,Oral Roberts,Golden Eagles,002462,dac792,75,13,40,19,NA,NA
401824176,2026,11/23/2025,71,s:40~l:54~t:71,Bradley,Braves,BRAD,b70002,c0c0c0,home,67,TRUE,16,3,26,42,26,62,NA,14,73,11,15,30,15,11,0,0,16,4,25,41,0,12,12,91,s:40~l:54~t:91,Bellarmine,Knights,000000,NA,38,4,36,18,NA,NA
401822988,2026,11/23/2025,2641,s:40~l:54~t:2641,Texas Tech,Lady Raiders,TTU,da291c,000000,away,82,TRUE,20,7,31,52,28,54,NA,16,69,18,26,26,9,9,1,0,36,8,22,40,0,16,16,167,s:40~l:54~t:167,New Mexico,Lobos,ba0c2f,a7a8aa,57,19,34,23,NA,NA
401822988,2026,11/23/2025,167,s:40~l:54~t:167,New Mexico,Lobos,UNM,ba0c2f,a7a8aa,home,57,FALSE,13,2,20,32,20,62,NA,21,63,10,16,2,13,7,1,1,23,7,31,33,1,19,19,2641,s:40~l:54~t:2641,Texas Tech,Lady Raiders,da291c,000000,82,9,26,7,NA,NA
401812570,2026,11/23/2025,275,s:40~l:54~t:275,Wisconsin,Badgers,WIS,a00000,ffffff,home,81,TRUE,17,4,26,48,31,65,NA,22,58,7,12,20,16,8,0,1,44,12,27,42,1,19,19,2174,s:40~l:54~t:2174,Detroit Mercy,Titans,165b9e,d31733,63,9,32,25,NA,NA
401807988,2026,11/23/2025,2617,s:40~l:54~t:2617,Stephen F. Austin,Ladyjacks,SFA,393996,bec0c2,away,66,FALSE,14,6,19,50,25,50,NA,17,65,11,17,0,4,6,3,0,31,5,16,23,0,24,24,2348,s:40~l:54~t:2348,Louisiana Tech,Lady Techsters,003087,cb333b,93,8,32,16,NA,NA
401807988,2026,11/23/2025,2348,s:40~l:54~t:2348,Louisiana Tech,Lady Techsters,LT,003087,cb333b,home,93,TRUE,22,6,21,51,37,72,NA,18,73,11,15,27,15,13,2,0,40,8,20,36,0,16,16,2617,s:40~l:54~t:2617,Stephen F. Austin,Ladyjacks,393996,bec0c2,66,16,54,28,NA,NA
401817386,2026,11/23/2025,254,s:40~l:54~t:254,Utah,Utes,UTAH,be0000,ffffff,away,41,FALSE,14,0,21,26,14,54,NA,12,63,5,8,0,11,3,2,0,22,8,37,32,0,24,24,41,s:40~l:54~t:41,UConn,Huskies,0c2340,a2aaad,93,6,6,2,NA,NA
401817386,2026,11/23/2025,41,s:40~l:54~t:41,UConn,Huskies,CONN,0c2340,a2aaad,home,93,TRUE,23,6,29,54,36,67,NA,14,77,10,13,53,12,15,0,0,44,11,25,41,0,12,12,254,s:40~l:54~t:254,Utah,Utes,be0000,ffffff,41,21,40,39,NA,NA
401818642,2026,11/23/2025,2244,s:40~l:54~t:2244,George Mason,Patriots,GMU,016600,ecb010,away,62,FALSE,9,3,23,43,25,58,NA,21,75,6,8,7,5,10,1,0,33,6,18,28,0,21,21,120,s:40~l:54~t:120,Maryland,Terrapins,ce1126,ffffff,84,21,28,15,NA,NA
401818642,2026,11/23/2025,120,s:40~l:54~t:120,Maryland,Terrapins,MD,ce1126,ffffff,home,84,TRUE,13,5,28,45,32,71,NA,16,86,18,21,23,18,10,0,0,12,2,17,46,0,20,20,2244,s:40~l:54~t:2244,George Mason,Patriots,016600,ecb010,62,17,48,32,NA,NA
401811128,2026,11/23/2025,2579,s:40~l:54~t:2579,South Carolina,Gamecocks,SC,73000a,000000,home,121,TRUE,26,12,41,66,43,65,NA,12,79,27,34,74,10,14,0,0,40,8,20,51,0,11,11,2511,s:40~l:54~t:2511,Queens University,Royals,192C66,857040,49,56,66,22,NA,NA
401819928,2026,11/23/2025,2385,s:40~l:54~t:2385,Mercyhurst,Lakers,MERC,000000,NA,away,62,FALSE,11,2,12,40,22,55,NA,33,86,6,7,2,7,6,3,0,36,12,33,19,0,25,25,66,s:40~l:54~t:66,Iowa State,Cyclones,ae192d,ffc72a,112,2,14,16,NA,NA
401819928,2026,11/23/2025,66,s:40~l:54~t:66,Iowa State,Cyclones,ISU,ae192d,ffc72a,home,112,TRUE,25,2,26,54,33,61,NA,11,85,34,40,50,20,14,0,0,40,12,30,46,0,16,16,2385,s:40~l:54~t:2385,Mercyhurst,Lakers,000000,NA,62,10,36,32,NA,NA
401818592,2026,11/23/2025,2633,s:40~l:54~t:2633,Tennessee,Lady Volunteers,TENN,ff8200,ffffff,home,88,TRUE,18,2,29,41,29,71,NA,12,76,16,21,55,18,23,0,0,35,14,40,47,0,19,19,2154,s:40~l:54~t:2154,Coppin State,Eagles,2e3192,ffd204,35,22,24,57,NA,NA
401817578,2026,11/23/2025,152,s:40~l:54~t:152,NC State,Wolfpack,NCSU,cc0000,ffffff,home,63,FALSE,11,2,23,43,25,58,NA,15,86,6,7,5,12,5,0,0,37,7,19,35,0,16,16,227,s:40~l:54~t:227,Rhode Island,Rams,091f3f,5ab3e8,68,10,30,11,NA,NA
401825981,2026,11/23/2025,2473,s:40~l:54~t:2473,Oakland,Golden Grizzlies,OAK,04091c,bc955c,away,41,FALSE,7,0,25,28,15,53,NA,15,64,7,11,1,13,1,3,0,16,4,25,38,0,33,33,127,s:40~l:54~t:127,Michigan State,Spartans,173f35,ffffff,102,5,20,7,NA,NA
401825981,2026,11/23/2025,127,s:40~l:54~t:127,Michigan State,Spartans,MSU,173f35,ffffff,home,102,TRUE,25,6,26,54,39,72,NA,15,57,13,23,61,13,21,0,0,46,11,24,39,0,7,7,2473,s:40~l:54~t:2473,Oakland,Golden Grizzlies,04091c,bc955c,41,35,52,43,NA,NA
401824987,2026,11/23/2025,45,s:40~l:54~t:45,George Washington,Revolutionaries,GW,002843,e8d2a1,home,82,TRUE,14,6,20,43,27,63,NA,17,75,21,28,26,22,11,1,0,29,7,24,42,0,10,10,2415,s:40~l:54~t:2415,Morgan State,Lady Bears,014786,f47937,56,11,34,20,NA,NA
401824047,2026,11/23/2025,295,s:40~l:54~t:295,Old Dominion,Monarchs,ODU,003768,a1d2f1,home,85,TRUE,15,10,34,43,27,63,NA,24,81,22,27,38,12,10,0,0,38,9,24,46,0,14,14,2428,s:40~l:54~t:2428,North Carolina Central,Eagles,880023,c2c3c0,48,17,26,22,NA,NA
401823676,2026,11/23/2025,259,s:40~l:54~t:259,Virginia Tech,Hokies,VT,6a2c3e,cf4520,away,56,FALSE,8,5,20,33,19,58,NA,17,72,13,18,5,7,12,1,0,26,5,19,27,0,12,12,256,s:40~l:54~t:256,James Madison,Dukes,450084,cbb677,65,14,26,19,NA,NA
401823676,2026,11/23/2025,256,s:40~l:54~t:256,James Madison,Dukes,JMU,450084,cbb677,home,65,TRUE,9,4,34,40,23,57,NA,18,94,15,16,11,13,6,1,0,25,4,16,47,0,21,21,259,s:40~l:54~t:259,Virginia Tech,Hokies,6a2c3e,cf4520,56,10,30,13,NA,NA
401823060,2026,11/23/2025,2426,s:40~l:54~t:2426,Navy,Midshipmen,NAVY,00225b,b5a67c,away,56,FALSE,12,0,18,31,19,61,NA,18,88,15,17,5,13,6,1,0,14,3,21,31,0,7,7,257,s:40~l:54~t:257,Richmond,Spiders,9e0712,b90b2e,69,3,26,12,NA,NA
401823060,2026,11/23/2025,257,s:40~l:54~t:257,Richmond,Spiders,RICH,9e0712,b90b2e,home,69,TRUE,13,3,29,40,25,62,NA,13,56,9,16,15,18,3,2,0,32,10,31,47,0,13,13,2426,s:40~l:54~t:2426,Navy,Midshipmen,00225b,b5a67c,56,2,30,11,NA,NA
401820311,2026,11/23/2025,47,s:40~l:54~t:47,Howard,Bison,HOW,003a63,e51937,home,64,TRUE,11,3,25,38,20,52,NA,19,74,20,27,15,7,13,2,0,24,4,17,32,0,10,10,2729,s:40~l:54~t:2729,William & Mary,Tribe,115740,f0b323,53,12,22,22,NA,NA
401819581,2026,11/23/2025,228,s:40~l:54~t:228,Clemson,Tigers,CLEM,f56600,ffffff,away,76,TRUE,19,4,25,47,29,62,NA,17,53,10,19,19,14,12,0,0,35,8,23,39,0,14,14,231,s:40~l:54~t:231,Furman,Paladins,582c83,ffffff,58,11,34,25,NA,NA
401819581,2026,11/23/2025,231,s:40~l:54~t:231,Furman,Paladins,FUR,582c83,ffffff,home,58,FALSE,11,6,23,44,20,45,NA,14,59,10,17,4,3,4,0,0,73,8,11,26,0,20,20,228,s:40~l:54~t:228,Clemson,Tigers,f56600,ffffff,76,6,22,5,NA,NA
401818620,2026,11/23/2025,356,s:40~l:54~t:356,Illinois,Fighting Illini,ILL,ff5f05,13294b,away,86,TRUE,15,5,29,50,32,64,NA,16,81,13,16,26,8,5,0,0,53,9,17,37,0,8,8,52,s:40~l:54~t:52,Florida State,Seminoles,782f40,ceb888,63,14,40,22,NA,NA
401818620,2026,11/23/2025,52,s:40~l:54~t:52,Florida State,Seminoles,FSU,782f40,ceb888,home,63,FALSE,8,2,21,35,23,65,NA,17,69,9,13,12,13,2,0,0,28,8,29,34,0,15,15,356,s:40~l:54~t:356,Illinois,Fighting Illini,ff5f05,13294b,86,3,26,4,NA,NA
401813877,2026,11/23/2025,2099,s:40~l:54~t:2099,Canisius,Golden Griffins,CAN,004a81,dda50f,away,57,FALSE,9,0,15,42,22,52,NA,19,48,11,23,0,9,6,0,0,18,2,11,24,0,19,19,2132,s:40~l:54~t:2132,Cincinnati,Bearcats,000000,e00122,96,12,38,11,NA,NA
401813877,2026,11/23/2025,2132,s:40~l:54~t:2132,Cincinnati,Bearcats,CIN,000000,e00122,home,96,TRUE,27,1,26,56,37,66,NA,19,68,15,22,42,14,10,0,0,35,7,20,40,0,12,12,2099,s:40~l:54~t:2099,Canisius,Golden Griffins,004a81,dda50f,57,18,50,23,NA,NA
401813828,2026,11/23/2025,2363,s:40~l:54~t:2363,Manhattan,Jaspers,MAN,4f8537,b5b7ba,away,62,FALSE,13,3,23,39,21,54,NA,14,93,14,15,4,14,13,4,0,33,6,18,37,0,22,22,2230,s:40~l:54~t:2230,Fordham,Rams,830032,909090,65,15,28,11,NA,NA
401812932,2026,11/23/2025,59,s:40~l:54~t:59,Georgia Tech,Yellow Jackets,GT,b3a369,ffffff,away,59,FALSE,7,3,28,38,17,45,NA,18,70,21,30,6,9,5,3,0,33,4,12,37,0,24,24,61,s:40~l:54~t:61,Georgia,Lady Bulldogs,ba0c2f,2c2a29,87,16,22,9,NA,NA
401812932,2026,11/23/2025,61,s:40~l:54~t:61,Georgia,Lady Bulldogs,UGA,ba0c2f,2c2a29,home,87,TRUE,13,4,21,46,33,71,NA,23,71,12,17,31,13,11,0,0,53,9,17,34,0,12,12,59,s:40~l:54~t:59,Georgia Tech,Yellow Jackets,b3a369,ffffff,59,11,38,23,NA,NA
401823684,2026,11/23/2025,2717,s:40~l:54~t:2717,Western Carolina,Catamounts,WCU,492F91,bf9e70,away,49,FALSE,18,3,26,32,20,62,NA,14,0,0,0,2,13,2,2,0,39,9,23,39,0,14,14,154,s:40~l:54~t:154,Wake Forest,Demon Deacons,ceb888,2c2a29,60,0,12,0,NA,NA
401823684,2026,11/23/2025,154,s:40~l:54~t:154,Wake Forest,Demon Deacons,WAKE,ceb888,2c2a29,home,60,TRUE,16,2,27,41,24,59,NA,8,42,5,12,20,9,6,0,0,29,7,24,36,0,5,5,2717,s:40~l:54~t:2717,Western Carolina,Catamounts,492F91,bf9e70,49,6,32,13,NA,NA
401823087,2026,11/23/2025,2352,s:40~l:54~t:2352,Loyola Maryland,Greyhounds,L-MD,76a7a0,c9cbca,away,73,TRUE,17,2,28,51,26,51,NA,15,67,16,24,27,10,8,2,0,50,5,10,38,0,17,17,43,s:40~l:54~t:43,Yale,Bulldogs,004a81,286dc0,48,2,36,13,NA,NA
401818693,2026,11/23/2025,2509,s:40~l:54~t:2509,Purdue,Boilermakers,PUR,ceb888,000000,home,79,TRUE,19,2,26,53,28,53,NA,11,75,12,16,13,9,7,0,0,52,11,21,35,0,15,15,193,s:40~l:54~t:193,Miami (OH),RedHawks,c41230,ffffff,68,6,32,12,NA,NA
401823663,2026,11/23/2025,183,s:40~l:54~t:183,Syracuse,Orange,SYR,000e54,ff431b,away,55,FALSE,10,3,16,29,17,59,NA,15,88,15,17,0,16,11,2,0,27,6,22,32,0,23,23,130,s:40~l:54~t:130,Michigan,Wolverines,00274c,ffcb05,81,6,20,15,NA,NA
401823663,2026,11/23/2025,130,s:40~l:54~t:130,Michigan,Wolverines,MICH,00274c,ffcb05,home,81,TRUE,23,2,26,47,32,68,NA,18,82,9,11,33,20,14,0,0,35,8,23,46,0,19,19,183,s:40~l:54~t:183,Syracuse,Orange,000e54,ff431b,55,20,42,31,NA,NA
401827785,2026,11/23/2025,2379,s:40~l:54~t:2379,Maryland Eastern Shore,Hawks,UMES,5c2301,b5b7ba,away,62,FALSE,9,2,17,40,19,47,NA,20,86,18,21,4,9,7,1,0,86,6,7,26,0,20,20,163,s:40~l:54~t:163,Princeton,Tigers,000000,ff6000,81,6,18,15,NA,NA
401822841,2026,11/23/2025,311,s:40~l:54~t:311,Maine,Black Bears,ME,127dbe,NA,away,39,FALSE,6,4,21,26,15,57,NA,15,60,6,10,0,5,8,1,0,13,3,23,26,0,15,15,225,s:40~l:54~t:225,Brown,Bears,411e09,949300,70,0,14,19,NA,NA
401831299,2026,11/22/2025,300,s:40~l:54~t:300,UC Irvine,Anteaters,UCI,002B5C,fec52e,away,63,TRUE,12,2,21,40,21,52,NA,14,94,16,17,21,10,12,0,0,33,5,15,31,0,8,8,2900,s:40~l:54~t:2900,St. Thomas-Minnesota,Tommies,000000,NA,55,4,32,22,NA,NA
401831299,2026,11/22/2025,2900,s:40~l:54~t:2900,St. Thomas-Minnesota,Tommies,STMN,000000,NA,home,55,FALSE,18,2,19,40,21,52,NA,18,86,6,7,0,10,4,0,0,33,7,21,29,0,15,15,300,s:40~l:54~t:300,UC Irvine,Anteaters,002B5C,fec52e,63,1,24,6,NA,NA
401822140,2026,11/22/2025,2670,s:40~l:54~t:2670,VCU,Rams,VCU,ffaf00,000000,home,66,FALSE,7,5,27,36,22,61,NA,21,77,17,22,0,8,14,0,1,31,5,16,35,1,20,20,245,s:40~l:54~t:245,Texas A&M,Aggies,500000,ffffff,78,12,32,15,NA,NA
401831298,2026,11/22/2025,189,s:40~l:54~t:189,Bowling Green,Falcons,BGSU,fd5000,4f2c1d,away,67,TRUE,17,5,29,36,23,64,NA,23,79,15,19,8,9,11,0,0,18,6,33,38,0,14,14,1,s:40~l:54~t:1,Alaska Anchorage,Seawolves,000000,NA,63,10,32,29,NA,NA
401825942,2026,11/22/2025,38,s:40~l:54~t:38,Colorado,Buffaloes,COLO,cfb87c,000000,home,71,TRUE,11,3,22,40,23,57,NA,22,86,25,29,14,9,17,1,0,0,0,9,31,0,14,14,250,s:40~l:54~t:250,UT Arlington,Mavericks,004b7c,f58024,60,19,40,27,NA,NA
401819536,2026,11/22/2025,2638,s:40~l:54~t:2638,UTEP,Miners,UTEP,ff8200,041e42,home,64,TRUE,12,5,32,33,23,70,NA,15,72,13,18,4,22,4,0,0,19,5,27,54,0,14,14,2630,s:40~l:54~t:2630,UT Martin,Skyhawks,FF6700,102a5c,60,11,26,19,NA,NA
401818631,2026,11/22/2025,2390,s:40~l:54~t:2390,Miami,Hurricanes,MIA,f47423,035131,away,61,FALSE,9,4,23,39,22,57,NA,15,72,13,18,0,6,10,0,0,21,4,19,29,0,11,11,2294,s:40~l:54~t:2294,Iowa,Hawkeyes,231f20,fcd116,64,7,26,17,NA,NA
401818631,2026,11/22/2025,2294,s:40~l:54~t:2294,Iowa,Hawkeyes,IOWA,231f20,fcd116,home,64,TRUE,15,4,30,44,27,62,NA,13,70,7,10,13,13,7,1,0,14,3,21,43,0,16,16,2390,s:40~l:54~t:2390,Miami,Hurricanes,f47423,035131,61,10,46,11,NA,NA
401825134,2026,11/22/2025,2453,s:40~l:54~t:2453,North Alabama,Lions,UNA,000000,NA,home,73,TRUE,19,1,32,46,31,68,NA,16,62,8,13,37,15,10,0,0,30,3,10,47,0,16,16,2695,s:40~l:54~t:2695,West Alabama,Tigers,d31d33,ffffff,44,6,50,20,NA,NA
401823655,2026,11/22/2025,249,s:40~l:54~t:249,North Texas,Mean Green,UNT,068f33,ffffff,away,58,TRUE,6,3,30,36,19,53,NA,19,71,20,28,7,12,8,0,0,0,0,4,42,0,23,23,2567,s:40~l:54~t:2567,SMU,Mustangs,a80000,0033a1,55,4,30,24,NA,NA
401831303,2026,11/22/2025,305,s:40~l:54~t:305,DePaul,Blue Demons,DEP,2d649c,ce1125,home,60,FALSE,18,2,14,39,22,57,NA,19,52,11,21,12,18,8,1,0,36,5,14,32,0,18,18,2458,s:40~l:54~t:2458,Northern Colorado,Bears,13558D,ffc533,61,7,32,20,NA,NA
401829297,2026,11/22/2025,121702,s:40~l:54~t:121702,Midway University,Eagles,MIDW,NA,NA,away,66,FALSE,13,2,22,33,25,75,NA,13,86,6,7,4,10,5,0,0,29,10,35,32,0,15,15,2198,s:40~l:54~t:2198,Eastern Kentucky,Colonels,660819,f0f0f0,107,15,20,16,NA,NA
401824197,2026,11/22/2025,2127,s:40~l:54~t:2127,Charleston Southern,Buccaneers,CHSO,2e3192,ded090,home,53,TRUE,5,2,33,34,20,59,NA,7,62,8,13,9,14,6,2,0,19,5,26,47,0,18,18,2569,s:40~l:54~t:2569,South Carolina State,Lady Bulldogs,7d1315,104897,51,5,28,17,NA,NA
401824182,2026,11/22/2025,239,s:40~l:54~t:239,Baylor,Bears,BAY,154734,ffb81c,home,74,TRUE,11,9,31,44,25,57,NA,25,66,19,29,7,11,7,1,0,29,5,17,42,0,22,22,2166,s:40~l:54~t:2166,Davidson,Wildcats,000000,e51837,72,12,40,10,NA,NA
401827547,2026,11/22/2025,28,s:40~l:54~t:28,UC San Diego,Tritons,UCSD,000000,ffcd00,home,55,TRUE,13,7,30,42,23,55,NA,17,63,5,8,24,6,9,0,0,24,4,17,36,0,18,18,2005,s:40~l:54~t:2005,Air Force,Falcons,003594,ffffff,43,10,34,25,NA,NA
401831302,2026,11/22/2025,2097,s:40~l:54~t:2097,Campbell,Fighting Camels,CAM,000000,NA,away,67,TRUE,18,2,30,49,25,51,NA,21,76,13,17,21,12,12,4,0,27,4,15,42,0,29,29,2755,s:40~l:54~t:2755,Grambling,Lady Tigers,ee8601,ffd10a,51,24,38,23,NA,NA
401825868,2026,11/22/2025,2439,s:40~l:54~t:2439,UNLV,Lady Rebels,UNLV,cf0a2c,cac8c8,away,53,FALSE,11,5,25,40,21,52,NA,8,50,2,4,7,5,7,1,0,35,9,26,30,0,16,16,9,s:40~l:54~t:9,Arizona State,Sun Devils,ffc627,8c1d40,56,3,16,11,NA,NA
401825868,2026,11/22/2025,9,s:40~l:54~t:9,Arizona State,Sun Devils,ASU,ffc627,8c1d40,home,56,TRUE,15,2,27,42,24,57,NA,9,75,3,4,9,8,6,0,0,42,5,12,35,0,14,14,2439,s:40~l:54~t:2439,UNLV,Lady Rebels,cf0a2c,cac8c8,53,8,32,17,NA,NA
401823239,2026,11/22/2025,172,s:40~l:54~t:172,Cornell,Big Red,COR,b31b1b,ffffff,away,52,TRUE,12,1,22,37,22,59,NA,15,33,1,3,5,7,7,1,0,28,7,25,29,0,10,10,2330,s:40~l:54~t:2330,Le Moyne,Dolphins,000000,NA,51,4,26,17,NA,NA
401822247,2026,11/22/2025,252,s:40~l:54~t:252,BYU,Cougars,BYU,0047ba,002e5d,home,79,TRUE,17,4,26,46,24,52,NA,17,81,22,27,17,9,8,0,1,41,9,22,35,1,17,17,2692,s:40~l:54~t:2692,Weber State,Wildcats,18005a,ebebeb,62,10,30,13,NA,NA
401827763,2026,11/22/2025,2379,s:40~l:54~t:2379,Maryland Eastern Shore,Hawks,UMES,5c2301,b5b7ba,away,45,FALSE,13,2,28,33,17,51,NA,17,64,9,14,13,11,5,1,0,17,2,12,39,0,21,21,21,s:40~l:54~t:21,San Diego State,Aztecs,a6192e,000000,58,4,24,14,NA,NA
401827763,2026,11/22/2025,21,s:40~l:54~t:21,San Diego State,Aztecs,SDSU,a6192e,000000,home,58,TRUE,16,4,24,37,23,63,NA,15,78,7,9,15,12,6,0,0,19,5,26,36,0,10,10,2379,s:40~l:54~t:2379,Maryland Eastern Shore,Hawks,5c2301,b5b7ba,45,6,28,20,NA,NA
401826607,2026,11/22/2025,2447,s:40~l:54~t:2447,Nicholls,Colonels,NICH,C41230,f0f0f0,away,60,FALSE,14,6,27,38,22,58,NA,19,58,11,19,0,12,8,1,0,29,5,17,39,0,24,24,2572,s:40~l:54~t:2572,Southern Miss,Lady Eagles,ffc72c,231f20,86,16,30,16,NA,NA
401826607,2026,11/22/2025,2572,s:40~l:54~t:2572,Southern Miss,Lady Eagles,USM,ffc72c,231f20,home,86,TRUE,17,1,28,40,31,77,NA,18,55,12,22,29,25,11,0,0,40,12,30,53,0,16,16,2447,s:40~l:54~t:2447,Nicholls,Colonels,C41230,f0f0f0,60,20,30,24,NA,NA
401825093,2026,11/22/2025,5,s:40~l:54~t:5,UAB,Blazers,UAB,1a5632,fdb913,away,79,FALSE,16,4,25,45,35,77,NA,23,55,6,11,2,14,5,0,2,17,3,18,39,2,10,10,93,s:40~l:54~t:93,Murray State,Racers,002148,000e00,91,9,56,10,NA,NA
401825093,2026,11/22/2025,93,s:40~l:54~t:93,Murray State,Racers,MUR,002148,000e00,home,91,TRUE,14,3,31,44,31,70,NA,16,74,20,27,23,17,4,1,2,36,9,25,48,2,14,14,5,s:40~l:54~t:5,UAB,Blazers,1a5632,fdb913,79,19,42,13,NA,NA
401825088,2026,11/22/2025,202,s:40~l:54~t:202,Tulsa,Golden Hurricane,TLSA,003595,d0b787,home,73,TRUE,14,5,36,47,25,53,NA,15,71,17,24,23,9,8,2,0,33,6,18,45,0,15,15,2623,s:40~l:54~t:2623,Missouri State,Lady Bears,5e0009,ffffff,57,13,36,19,NA,NA
401824999,2026,11/22/2025,2350,s:40~l:54~t:2350,Loyola Chicago,Ramblers,LUC,9d1244,NA,away,54,FALSE,13,1,16,38,24,64,NA,19,31,4,13,0,18,7,2,0,10,2,20,34,0,17,17,82,s:40~l:54~t:82,UIC,Flames,001e62,d50032,68,3,34,14,NA,NA
401822257,2026,11/22/2025,2934,s:40~l:54~t:2934,Cal State Bakersfield,Roadrunners,CSUB,003BAB,NA,away,60,TRUE,11,2,23,41,24,59,NA,22,40,6,15,12,14,12,1,0,32,6,19,37,0,14,14,2724,s:40~l:54~t:2724,Wichita State,Shockers,ffcd00,27251f,55,13,34,18,NA,NA
401822257,2026,11/22/2025,2724,s:40~l:54~t:2724,Wichita State,Shockers,WICH,ffcd00,27251f,home,55,FALSE,6,5,25,35,16,46,NA,17,75,21,28,3,11,10,0,0,15,2,13,36,0,20,20,2934,s:40~l:54~t:2934,Cal State Bakersfield,Roadrunners,003BAB,NA,60,7,22,12,NA,NA
401817305,2026,11/22/2025,2193,s:40~l:54~t:2193,East Tennessee State,Bucs,ETSU,002d61,ffc423,away,54,FALSE,7,1,34,29,17,59,NA,27,77,17,22,6,11,6,1,2,17,3,18,45,2,23,23,235,s:40~l:54~t:235,Memphis,Tigers,004991,8e908f,60,5,24,7,NA,NA
401807944,2026,11/22/2025,2443,s:40~l:54~t:2443,New Orleans,Privateers,UNO,005da6,a2a9ae,home,62,FALSE,15,5,22,38,24,64,NA,25,41,9,22,2,18,8,0,0,26,5,19,40,0,17,17,55,s:40~l:54~t:55,Jacksonville State,Gamecocks,cc0000,000000,65,8,32,21,NA,NA
401811890,2026,11/22/2025,97,s:40~l:54~t:97,Louisville,Cardinals,LOU,c9001f,ffffff,home,62,FALSE,13,1,21,40,25,63,NA,13,86,6,7,6,6,7,0,0,38,6,16,27,0,6,6,96,s:40~l:54~t:96,Kentucky,Wildcats,0033a0,ffffff,72,7,24,12,NA,NA
401827185,2026,11/22/2025,2437,s:40~l:54~t:2437,Omaha,Mavericks,OMA,e3193e,474648,home,41,FALSE,9,3,21,25,14,56,NA,16,67,8,12,0,12,7,0,0,26,5,19,33,0,25,25,2815,s:40~l:54~t:2815,Lindenwood,Lions,000000,NA,85,2,18,9,NA,NA
401825046,2026,11/22/2025,2429,s:40~l:54~t:2429,Charlotte,49ers,CLT,005035,a49665,home,73,TRUE,15,4,24,37,25,68,NA,9,88,14,16,20,20,12,0,0,38,9,24,44,0,9,9,2747,s:40~l:54~t:2747,Wofford,Terriers,533B24,f0f0f0,59,10,26,20,NA,NA
401823717,2026,11/22/2025,2349,s:40~l:54~t:2349,UMass Lowell,River Hawks,UML,000000,cf1f2f,away,47,FALSE,8,4,18,30,17,56,NA,19,62,8,13,1,17,6,2,0,19,5,26,35,0,19,19,104,s:40~l:54~t:104,Boston University,Terriers,cc0000,ffffff,50,5,18,15,NA,NA
401823717,2026,11/22/2025,104,s:40~l:54~t:104,Boston University,Terriers,BU,cc0000,ffffff,home,50,TRUE,14,4,25,37,18,49,NA,15,73,8,11,14,13,5,1,0,30,6,20,38,0,18,18,2349,s:40~l:54~t:2349,UMass Lowell,River Hawks,000000,cf1f2f,47,8,24,17,NA,NA
401823154,2026,11/22/2025,2275,s:40~l:54~t:2275,Hofstra,Pride,HOF,003594,ffc72c,home,55,FALSE,8,1,28,39,18,46,NA,20,61,17,28,6,9,6,1,0,20,2,10,37,0,16,16,2083,s:40~l:54~t:2083,Bucknell,Bison,000060,00316e,61,4,24,18,NA,NA
401822202,2026,11/22/2025,294,s:40~l:54~t:294,Jacksonville,Dolphins,JAX,00523e,NA,home,80,TRUE,14,8,21,52,28,54,NA,27,71,15,21,12,7,9,0,1,56,9,16,28,1,27,27,2229,s:40~l:54~t:2229,Florida International,Panthers,091f3f,c3993f,69,18,36,31,NA,NA
401817281,2026,11/22/2025,94,s:40~l:54~t:94,Northern Kentucky,Norse,NKU,ffc82e,000000,away,62,FALSE,9,4,21,45,20,44,NA,21,76,16,21,8,10,10,1,0,33,6,18,31,0,24,24,236,s:40~l:54~t:236,Chattanooga,Mocs,00386b,dca71d,64,7,26,17,NA,NA
401817281,2026,11/22/2025,236,s:40~l:54~t:236,Chattanooga,Mocs,UTC,00386b,dca71d,home,64,TRUE,15,1,16,40,23,58,NA,19,73,11,15,9,15,16,0,0,33,7,21,31,0,16,16,94,s:40~l:54~t:94,Northern Kentucky,Norse,ffc82e,000000,62,2,26,23,NA,NA
401813851,2026,11/22/2025,315,s:40~l:54~t:315,Niagara,Purple Eagles,NIA,69207E,f0f0f0,away,58,FALSE,7,3,17,36,20,55,NA,23,74,14,19,2,9,14,1,0,18,4,22,26,0,23,23,2515,s:40~l:54~t:2515,Radford,Highlanders,BC1515,c2c3c0,80,6,26,24,NA,NA
401812470,2026,11/22/2025,349,s:40~l:54~t:349,Army,Black Knights,ARMY,000000,d3bc8d,away,82,TRUE,17,4,31,53,30,57,NA,16,48,13,27,32,10,9,1,0,33,9,27,41,0,11,11,2598,s:40~l:54~t:2598,Saint Francis,Red Flash,a20012,000000,50,11,42,18,0,98
401812470,2026,11/22/2025,2598,s:40~l:54~t:2598,Saint Francis,Red Flash,SFPA,a20012,000000,home,50,FALSE,9,0,21,28,15,53,NA,22,79,15,19,0,7,4,0,0,28,5,18,28,0,16,16,349,s:40~l:54~t:349,Army,Black Knights,000000,d3bc8d,82,4,20,6,0,0
401807918,2026,11/22/2025,108823,s:40~l:54~t:108823,LSU Alexandria,Generals,LSUA,NA,NA,away,33,FALSE,2,3,24,22,9,40,NA,25,75,12,16,0,7,8,1,0,19,3,16,31,0,42,42,2377,s:40~l:54~t:2377,McNeese,Cowgirls,00529C,ffd204,106,0,10,1,NA,NA
401807524,2026,11/22/2025,2545,s:40~l:54~t:2545,SE Louisiana,Lady Lions,SELA,215732,ffc72c,home,76,TRUE,8,3,35,47,25,53,NA,23,83,19,23,10,11,2,2,0,58,7,12,46,0,20,20,2837,s:40~l:54~t:2837,East Texas A&M,Lions,000000,NA,71,8,24,4,NA,NA
401825018,2026,11/22/2025,399,s:40~l:54~t:399,UAlbany,Great Danes,UALB,3D2777,ffffff,away,62,TRUE,12,0,21,44,23,52,NA,15,67,10,15,18,9,7,1,0,33,6,18,30,0,14,14,179,s:40~l:54~t:179,St. Bonaventure,Bonnies,70261D,NA,53,4,28,15,NA,NA
401825018,2026,11/22/2025,179,s:40~l:54~t:179,St. Bonaventure,Bonnies,SBU,70261D,NA,home,53,FALSE,6,2,19,40,19,48,NA,15,93,13,14,0,6,6,0,0,13,2,15,25,0,17,17,399,s:40~l:54~t:399,UAlbany,Great Danes,3D2777,ffffff,62,2,28,10,NA,NA
401824992,2026,11/22/2025,2325,s:40~l:54~t:2325,La Salle,Explorers,LAS,003356,ffce00,home,72,TRUE,15,6,25,40,25,62,NA,18,67,12,18,20,13,12,0,0,40,10,25,38,0,18,18,44,s:40~l:54~t:44,American University,Eagles,c41130,c8102e,61,9,26,13,NA,NA
401824219,2026,11/22/2025,2117,s:40~l:54~t:2117,Central Michigan,Chippewas,CMU,4c0027,fbab18,home,60,TRUE,13,1,32,34,21,61,NA,16,78,14,18,15,14,7,0,0,19,4,21,46,0,19,19,2197,s:40~l:54~t:2197,Eastern Illinois,Panthers,000000,bebab9,54,4,32,13,NA,NA
401823709,2026,11/22/2025,2182,s:40~l:54~t:2182,Drexel,Dragons,DREX,020260,ffd65a,away,66,FALSE,11,2,14,38,25,65,NA,20,50,11,22,0,22,12,2,0,31,5,16,36,0,16,16,2885,s:40~l:54~t:2885,NJIT,Highlanders,EE3024,df3e2e,73,18,30,38,NA,NA
401817544,2026,11/22/2025,113,s:40~l:54~t:113,Massachusetts,Minutewomen,MASS,881c1c,ffffff,home,61,TRUE,13,3,26,32,22,68,NA,14,67,10,15,16,15,12,3,0,26,7,27,41,0,12,12,103,s:40~l:54~t:103,Boston College,Eagles,8c2232,dbcca6,52,13,28,13,NA,NA
401826961,2026,11/21/2025,2900,s:40~l:54~t:2900,St. Thomas-Minnesota,Tommies,STMN,000000,NA,away,77,TRUE,22,1,27,47,26,55,NA,17,82,9,11,20,9,5,1,0,44,16,36,36,0,15,15,1,s:40~l:54~t:1,Alaska Anchorage,Seawolves,000000,NA,60,2,20,9,NA,NA
401808051,2026,11/21/2025,27,s:40~l:54~t:27,UC Riverside,Highlanders,UCR,14234F,NA,away,75,FALSE,11,3,21,41,26,64,NA,15,70,14,20,4,9,12,2,0,39,9,23,30,0,17,17,70,s:40~l:54~t:70,Idaho,Vandals,000000,8c6e4a,89,13,30,21,NA,NA
401808051,2026,11/21/2025,70,s:40~l:54~t:70,Idaho,Vandals,IDHO,000000,8c6e4a,home,89,TRUE,11,4,32,46,31,68,NA,18,95,18,19,33,16,5,0,0,41,9,22,48,0,21,21,27,s:40~l:54~t:27,UC Riverside,Highlanders,14234F,NA,75,16,42,25,NA,NA
401824258,2026,11/21/2025,2440,s:40~l:54~t:2440,Nevada,Wolf Pack,NEV,041e42,8a8d8f,home,57,TRUE,12,1,20,41,20,49,NA,18,68,17,25,9,9,8,1,0,0,0,13,29,0,16,16,2010,s:40~l:54~t:2010,Alabama A&M,Bulldogs,790000,ffffff,52,10,38,20,NA,NA
401812778,2026,11/21/2025,2239,s:40~l:54~t:2239,Cal State Fullerton,Titans,CSUF,003767,ff8300,away,58,FALSE,8,2,19,32,22,69,NA,16,77,10,13,0,23,12,0,0,20,4,20,42,0,20,20,16,s:40~l:54~t:16,Sacramento State,Hornets,00573C,cdb97d,78,9,36,13,NA,NA
401812778,2026,11/21/2025,16,s:40~l:54~t:16,Sacramento State,Hornets,SAC,00573C,cdb97d,home,78,TRUE,17,5,26,50,30,60,NA,16,92,12,13,31,10,17,0,0,25,6,24,36,0,18,18,2239,s:40~l:54~t:2239,Cal State Fullerton,Titans,003767,ff8300,58,20,44,22,NA,NA
401813198,2026,11/21/2025,300,s:40~l:54~t:300,UC Irvine,Anteaters,UCI,002B5C,fec52e,away,75,TRUE,15,3,35,43,26,61,NA,17,88,15,17,31,10,10,1,0,31,8,26,45,0,14,14,189,s:40~l:54~t:189,Bowling Green,Falcons,fd5000,4f2c1d,50,2,32,13,NA,NA
401813198,2026,11/21/2025,189,s:40~l:54~t:189,Bowling Green,Falcons,BGSU,fd5000,4f2c1d,home,50,FALSE,10,5,26,24,14,58,NA,16,80,16,20,0,12,8,0,0,18,6,33,38,0,15,15,300,s:40~l:54~t:300,UC Irvine,Anteaters,002B5C,fec52e,75,6,16,17,NA,NA
401826140,2026,11/21/2025,253,s:40~l:54~t:253,Southern Utah,Thunderbirds,SUU,c72026,000000,away,85,TRUE,8,6,30,37,23,63,NA,25,79,34,43,14,14,9,1,1,23,5,22,44,1,13,13,13,s:40~l:54~t:13,Cal Poly,Mustangs,1E4D2B,eed897,80,21,36,26,7,78
401826140,2026,11/21/2025,13,s:40~l:54~t:13,Cal Poly,Mustangs,CP,1E4D2B,eed897,home,80,FALSE,7,0,31,41,27,66,NA,36,86,18,21,5,10,4,0,0,36,8,22,41,0,21,21,253,s:40~l:54~t:253,Southern Utah,Thunderbirds,c72026,000000,85,11,30,9,7,15
401822789,2026,11/21/2025,204,s:40~l:54~t:204,Oregon State,Beavers,ORST,dc4405,000000,home,58,FALSE,15,2,27,42,20,48,NA,14,71,10,14,11,7,3,1,0,47,8,17,34,0,14,14,36,s:40~l:54~t:36,Colorado State,Rams,004c23,c8c372,64,2,20,4,NA,NA
401827798,2026,11/21/2025,2547,s:40~l:54~t:2547,Seattle U,Redhawks,SEA,BF2E1A,c2c3c0,away,65,FALSE,7,3,21,37,22,59,NA,21,89,16,18,0,5,9,0,0,28,5,18,26,0,20,20,68,s:40~l:54~t:68,Boise State,Broncos,0033a0,d64309,86,11,30,19,NA,NA
401827798,2026,11/21/2025,68,s:40~l:54~t:68,Boise State,Broncos,BOIS,0033a0,d64309,home,86,TRUE,23,3,33,53,35,66,NA,18,63,10,16,23,11,7,0,0,40,6,15,44,0,20,20,2547,s:40~l:54~t:2547,Seattle U,Redhawks,BF2E1A,c2c3c0,65,13,44,22,NA,NA
401817385,2026,11/21/2025,130,s:40~l:54~t:130,Michigan,Wolverines,MICH,00274c,ffcb05,away,69,FALSE,16,4,28,36,26,73,NA,15,63,5,8,0,15,7,2,0,38,12,32,43,0,14,14,41,s:40~l:54~t:41,UConn,Huskies,0c2340,a2aaad,72,4,26,22,NA,NA
401817385,2026,11/21/2025,41,s:40~l:54~t:41,UConn,Huskies,CONN,0c2340,a2aaad,home,72,TRUE,21,7,34,38,26,69,NA,13,91,10,11,20,13,8,1,0,33,10,30,47,0,17,17,130,s:40~l:54~t:130,Michigan,Wolverines,00274c,ffcb05,69,18,28,12,NA,NA
401827251,2026,11/21/2025,2518,s:40~l:54~t:2518,Regis (CO),REGIS UNIVERSITY,REGU,000000,NA,away,40,FALSE,9,2,28,26,15,58,NA,13,44,4,9,0,13,8,0,0,22,6,27,41,0,17,17,2172,s:40~l:54~t:2172,Denver,Pioneers,98002e,a8996e,67,8,16,6,NA,NA
401827251,2026,11/21/2025,2172,s:40~l:54~t:2172,Denver,Pioneers,DEN,98002e,a8996e,home,67,TRUE,13,4,32,35,25,71,NA,9,64,7,11,28,19,10,1,0,27,10,37,51,0,13,13,2518,s:40~l:54~t:2518,Regis (CO),REGIS UNIVERSITY,000000,NA,40,10,28,17,NA,NA
401826986,2026,11/21/2025,2674,s:40~l:54~t:2674,Valparaiso,Beacons,VAL,794500,NA,away,44,FALSE,6,4,24,26,17,65,NA,21,44,8,18,0,10,3,0,0,9,2,22,34,0,19,19,233,s:40~l:54~t:233,South Dakota,Coyotes,CD1241,f0f0f0,85,4,24,9,NA,NA
401826986,2026,11/21/2025,233,s:40~l:54~t:233,South Dakota,Coyotes,SDAK,CD1241,f0f0f0,home,85,TRUE,18,5,43,44,33,75,NA,14,71,17,24,42,19,5,0,0,25,2,8,62,0,13,13,2674,s:40~l:54~t:2674,Valparaiso,Beacons,794500,NA,44,10,54,25,NA,NA
401825083,2026,11/21/2025,2655,s:40~l:54~t:2655,Tulane,Green Wave,TULN,006747,418fde,away,72,FALSE,8,3,22,54,30,56,NA,24,38,5,13,3,6,4,0,0,39,7,18,28,0,17,17,2449,s:40~l:54~t:2449,North Dakota State,Bison,01402A,ffffff,83,5,38,15,NA,NA
401822849,2026,11/21/2025,2464,s:40~l:54~t:2464,Northern Arizona,Lumberjacks,NAU,003976,1b3069,away,76,FALSE,15,1,26,51,25,49,NA,22,75,18,24,7,7,7,1,0,42,8,19,33,0,22,22,12,s:40~l:54~t:12,Arizona,Wildcats,cc0033,003366,87,1,26,11,NA,NA
401822849,2026,11/21/2025,12,s:40~l:54~t:12,Arizona,Wildcats,ARIZ,cc0033,003366,home,87,TRUE,21,1,19,56,34,61,NA,22,70,14,20,15,5,8,0,0,36,5,14,24,0,12,12,2464,s:40~l:54~t:2464,Northern Arizona,Lumberjacks,003976,1b3069,76,20,58,17,NA,NA
401827281,2026,11/21/2025,2466,s:40~l:54~t:2466,Northwestern State,Lady Demons,NWST,492F91,ed6118,home,103,TRUE,25,5,35,56,39,70,NA,23,73,11,15,51,16,8,0,0,41,14,34,51,0,19,19,2027,s:40~l:54~t:2027,Arkansas Baptist,Buffaloes,000000,NA,52,27,44,24,NA,NA
401826079,2026,11/21/2025,304,s:40~l:54~t:304,Idaho State,Bengals,IDST,ef8c00,e9a126,away,58,TRUE,8,0,22,33,20,61,NA,14,78,14,18,12,21,14,2,0,33,4,12,43,0,20,20,2501,s:40~l:54~t:2501,Portland,Pilots,330072,a8b3ba,57,9,24,25,NA,NA
401826079,2026,11/21/2025,2501,s:40~l:54~t:2501,Portland,Pilots,PORT,330072,a8b3ba,home,57,FALSE,13,2,21,37,19,51,NA,22,71,10,14,11,10,10,1,0,33,9,27,31,0,22,22,304,s:40~l:54~t:304,Idaho State,Bengals,ef8c00,e9a126,58,3,18,25,NA,NA
401822828,2026,11/21/2025,139,s:40~l:54~t:139,Saint Louis,Billikens,SLU,00539C,ebebeb,away,75,FALSE,13,6,21,45,29,64,NA,24,83,10,12,9,13,13,0,0,44,7,16,34,0,17,17,2287,s:40~l:54~t:2287,Illinois State,Redbirds,CE1126,ffe716,81,34,42,20,NA,NA
401822828,2026,11/21/2025,2287,s:40~l:54~t:2287,Illinois State,Redbirds,ILST,CE1126,ffe716,home,81,TRUE,21,1,22,48,29,60,NA,11,68,17,25,9,14,8,0,0,33,6,18,36,0,18,18,139,s:40~l:54~t:139,Saint Louis,Billikens,00539C,ebebeb,75,21,36,22,NA,NA
401818661,2026,11/21/2025,325,s:40~l:54~t:325,Cleveland State,Vikings,CLE,006633,231f20,away,68,FALSE,15,1,22,34,20,59,NA,15,83,19,23,15,6,7,0,0,35,9,26,28,0,9,9,77,s:40~l:54~t:77,Northwestern,Wildcats,492f92,ffffff,75,3,20,14,NA,NA
401829305,2026,11/21/2025,50,s:40~l:54~t:50,Florida A&M,Rattlers,FAMU,F89728,00843d,away,59,FALSE,9,0,17,35,23,65,NA,25,55,11,20,4,18,12,0,0,13,2,16,35,0,20,20,2116,s:40~l:54~t:2116,UCF,Knights,000000,b4a169,76,8,24,24,NA,NA
401829305,2026,11/21/2025,2116,s:40~l:54~t:2116,UCF,Knights,UCF,000000,b4a169,home,76,TRUE,11,3,28,55,27,49,NA,19,58,19,33,28,13,7,0,0,38,3,8,41,0,22,22,50,s:40~l:54~t:50,Florida A&M,Rattlers,F89728,00843d,59,9,44,22,NA,NA
401825847,2026,11/21/2025,2241,s:40~l:54~t:2241,Gardner-Webb,Runnin' Bulldogs,GWEB,c12535,909090,away,52,FALSE,8,1,23,46,16,35,NA,13,88,14,16,5,5,7,1,0,50,6,12,28,0,16,16,2430,s:40~l:54~t:2430,UNC Greensboro,Spartans,003559,ffd90a,54,5,14,7,NA,NA
401824986,2026,11/21/2025,45,s:40~l:54~t:45,George Washington,Revolutionaries,GW,002843,e8d2a1,away,50,FALSE,11,2,19,37,16,43,NA,23,75,15,20,0,6,7,3,0,25,3,12,25,0,24,24,46,s:40~l:54~t:46,Georgetown,Hoyas,110E42,001c58,79,4,22,8,NA,NA
401824986,2026,11/21/2025,46,s:40~l:54~t:46,Georgetown,Hoyas,GTWN,110E42,001c58,home,79,TRUE,12,5,21,45,25,56,NA,22,88,23,26,31,12,15,0,0,33,6,18,33,0,14,14,45,s:40~l:54~t:45,George Washington,Revolutionaries,002843,e8d2a1,50,11,36,31,NA,NA
401824097,2026,11/21/2025,2507,s:40~l:54~t:2507,Providence,Friars,PROV,000000,a3a19e,home,75,TRUE,14,3,25,50,27,54,NA,16,65,15,23,13,8,14,0,0,67,6,9,33,0,19,19,43,s:40~l:54~t:43,Yale,Bulldogs,004a81,286dc0,64,18,40,20,NA,NA
401813876,2026,11/21/2025,2099,s:40~l:54~t:2099,Canisius,Golden Griffins,CAN,004a81,dda50f,away,52,FALSE,9,3,27,39,21,54,NA,19,67,6,9,7,14,8,1,0,24,4,17,41,0,26,26,2168,s:40~l:54~t:2168,Dayton,Flyers,004B8D,ffffff,61,0,30,8,NA,NA
401813876,2026,11/21/2025,2168,s:40~l:54~t:2168,Dayton,Flyers,DAY,004B8D,ffffff,home,61,TRUE,8,3,22,40,23,57,NA,17,71,12,17,9,9,17,1,1,20,3,15,31,1,14,14,2099,s:40~l:54~t:2099,Canisius,Golden Griffins,004a81,dda50f,52,16,40,31,NA,NA
401822229,2026,11/21/2025,305,s:40~l:54~t:305,DePaul,Blue Demons,DEP,2d649c,ce1125,home,75,TRUE,24,7,28,50,27,54,NA,16,70,14,20,37,10,12,1,0,35,7,20,38,0,16,16,2755,s:40~l:54~t:2755,Grambling,Lady Tigers,ee8601,ffd10a,39,21,36,26,NA,NA
401822160,2026,11/21/2025,56,s:40~l:54~t:56,Stetson,Hatters,STET,0a5640,56854e,home,87,TRUE,22,2,35,49,32,65,NA,13,57,12,21,51,17,13,1,0,37,11,30,52,0,17,17,108866,s:40~l:54~t:108866,Trinity (FL),Tigers,NA,NA,36,18,38,22,NA,NA
401825023,2026,11/21/2025,87,s:40~l:54~t:87,Notre Dame,Fighting Irish,ND,062340,c99700,home,61,TRUE,10,6,25,42,25,60,NA,10,60,6,10,5,9,16,1,0,24,5,21,34,0,17,17,30,s:40~l:54~t:30,USC,Trojans,9d2235,ffc72c,59,16,30,17,NA,NA
401827823,2026,11/21/2025,2261,s:40~l:54~t:2261,Hampton,Lady Pirates,HAMP,0067AC,NA,away,57,TRUE,9,5,21,33,22,66,NA,13,80,8,10,8,14,11,1,0,33,5,15,35,0,13,13,2450,s:40~l:54~t:2450,Norfolk State,Spartans,0c8968,fdb813,55,7,24,16,NA,NA
401822221,2026,11/21/2025,254,s:40~l:54~t:254,Utah,Utes,UTAH,be0000,ffffff,away,49,FALSE,15,3,25,37,19,52,NA,16,75,6,8,7,6,5,3,0,23,5,22,31,0,21,21,183,s:40~l:54~t:183,Syracuse,Orange,000e54,ff431b,61,11,22,12,NA,NA
401822221,2026,11/21/2025,183,s:40~l:54~t:183,Syracuse,Orange,SYR,000e54,ff431b,home,61,TRUE,15,10,25,32,23,71,NA,14,64,9,14,13,24,7,0,0,32,6,19,49,0,17,17,254,s:40~l:54~t:254,Utah,Utes,be0000,ffffff,49,7,22,16,NA,NA
401826104,2026,11/21/2025,62,s:40~l:54~t:62,Hawai'i,Rainbow Wahine,HAW,005737,000000,home,55,TRUE,11,1,23,43,20,47,NA,22,50,9,18,7,7,2,0,0,43,6,14,30,0,12,12,2351,s:40~l:54~t:2351,Loyola Marymount,Lions,880029,00345b,51,6,28,13,NA,NA
401822191,2026,11/21/2025,2097,s:40~l:54~t:2097,Campbell,Fighting Camels,CAM,000000,NA,away,62,FALSE,14,5,18,40,21,53,NA,28,68,15,22,5,12,7,2,0,26,5,19,30,0,20,20,2458,s:40~l:54~t:2458,Northern Colorado,Bears,13558D,ffc533,68,6,24,26,NA,NA
401827227,2026,11/21/2025,155,s:40~l:54~t:155,North Dakota,Fighting Hawks,UND,00A26B,c2c3c0,home,65,TRUE,12,4,37,48,22,46,NA,14,84,16,19,20,3,2,1,0,25,5,20,40,0,19,19,2751,s:40~l:54~t:2751,Wyoming,Cowgirls,492f24,ffc425,45,3,34,15,NA,NA
401818609,2026,11/21/2025,2011,s:40~l:54~t:2011,Alabama State,Lady Hornets,ALST,e9a900,0a0a0a,away,38,FALSE,6,3,28,27,13,48,NA,22,50,7,14,0,8,4,1,0,28,5,18,36,0,25,25,238,s:40~l:54~t:238,Vanderbilt,Commodores,000000,cfae70,92,0,10,4,NA,NA
401825212,2026,11/21/2025,276,s:40~l:54~t:276,Marshall,Thundering Herd,MRSH,00b140,000000,home,85,TRUE,24,7,17,53,31,58,NA,12,100,7,7,33,8,21,0,0,47,16,34,25,0,17,17,2908,s:40~l:54~t:2908,South Carolina Upstate,Spartans,008545,000000,54,20,26,37,NA,NA
401825195,2026,11/21/2025,2506,s:40~l:54~t:2506,Presbyterian,Blue Hose,PRES,194896,990134,away,55,FALSE,7,2,17,34,21,62,NA,23,53,10,19,0,14,6,1,1,19,3,16,31,1,13,13,350,s:40~l:54~t:350,UNC Wilmington,Seahawks,00665e,ffda00,75,7,30,13,NA,NA
401824165,2026,11/21/2025,295,s:40~l:54~t:295,Old Dominion,Monarchs,ODU,003768,a1d2f1,away,73,TRUE,11,10,32,43,24,56,NA,17,78,21,27,17,13,9,2,0,27,4,15,45,0,24,24,151,s:40~l:54~t:151,East Carolina,Pirates,582c83,ffc72c,67,14,36,20,NA,NA
401824165,2026,11/21/2025,151,s:40~l:54~t:151,East Carolina,Pirates,ECU,582c83,ffc72c,home,67,FALSE,8,4,23,29,22,75,NA,21,74,17,23,3,22,10,0,1,38,6,16,45,1,16,16,295,s:40~l:54~t:295,Old Dominion,Monarchs,003768,a1d2f1,73,9,32,20,NA,NA
401819608,2026,11/20/2025,24,s:40~l:54~t:24,Stanford,Cardinal,STAN,8c1515,ffffff,home,70,TRUE,9,1,39,41,24,58,NA,12,81,17,21,26,17,2,1,0,26,5,19,56,0,11,11,302,s:40~l:54~t:302,UC Davis,Aggies,002855,c3c4c6,45,4,32,11,NA,NA
401818630,2026,11/20/2025,2294,s:40~l:54~t:2294,Iowa,Hawkeyes,IOWA,231f20,fcd116,away,57,TRUE,13,1,34,34,21,61,NA,17,63,10,16,7,13,6,0,0,36,5,14,47,0,12,12,239,s:40~l:54~t:239,Baylor,Bears,154734,ffb81c,52,11,26,13,NA,NA
401818630,2026,11/20/2025,239,s:40~l:54~t:239,Baylor,Bears,BAY,154734,ffb81c,home,52,FALSE,8,11,30,29,17,59,NA,20,59,10,17,7,11,6,1,0,25,8,32,41,0,13,13,2294,s:40~l:54~t:2294,Iowa,Hawkeyes,231f20,fcd116,57,0,12,6,NA,NA
401819546,2026,11/20/2025,2539,s:40~l:54~t:2539,San Francisco,Dons,SF,005a36,ffffff,away,68,TRUE,18,3,28,39,28,72,NA,17,55,6,11,15,13,13,3,0,24,6,25,41,0,16,16,299,s:40~l:54~t:299,Long Beach State,Beach,000000,f1f2f3,55,14,40,15,NA,NA
401819546,2026,11/20/2025,299,s:40~l:54~t:299,Long Beach State,Beach,LBSU,000000,f1f2f3,home,55,FALSE,13,2,26,38,21,56,NA,16,75,9,12,1,7,8,1,0,25,4,16,33,0,20,20,2539,s:40~l:54~t:2539,San Francisco,Dons,005a36,ffffff,68,10,20,9,NA,NA
401819535,2026,11/20/2025,167,s:40~l:54~t:167,New Mexico,Lobos,UNM,ba0c2f,a7a8aa,home,77,TRUE,15,3,36,42,27,64,NA,11,65,13,20,33,20,8,0,0,27,10,37,56,0,17,17,2630,s:40~l:54~t:2630,UT Martin,Skyhawks,FF6700,102a5c,45,20,30,20,NA,NA
401817375,2026,11/20/2025,2016,s:40~l:54~t:2016,Alcorn State,Lady Braves,ALCN,4b0058,46166a,away,49,FALSE,10,2,10,38,18,48,NA,22,67,8,12,0,6,13,2,0,31,5,16,16,0,31,31,99,s:40~l:54~t:99,LSU,Tigers,461d76,fdd023,112,4,18,12,NA,NA
401826113,2026,11/20/2025,2571,s:40~l:54~t:2571,South Dakota State,Jackrabbits,SDST,0033a0,ffd100,home,72,TRUE,20,3,20,45,23,51,NA,14,70,14,20,16,3,8,0,0,48,12,25,23,0,15,15,2250,s:40~l:54~t:2250,Gonzaga,Bulldogs,041e42,c8102e,63,10,16,22,NA,NA
401824225,2026,11/20/2025,71,s:40~l:54~t:71,Bradley,Braves,BRAD,b70002,c0c0c0,away,77,FALSE,15,1,26,43,28,65,NA,24,80,8,10,11,4,3,1,0,52,13,25,30,0,10,10,2710,s:40~l:54~t:2710,Western Illinois,Leathernecks,4e1e8a,ffc90a,84,3,26,7,NA,NA
401824225,2026,11/20/2025,2710,s:40~l:54~t:2710,Western Illinois,Leathernecks,WIU,4e1e8a,ffc90a,home,84,TRUE,11,2,29,44,27,61,NA,13,89,24,27,7,8,3,0,0,67,6,9,37,0,5,5,71,s:40~l:54~t:71,Bradley,Braves,b70002,c0c0c0,77,5,34,15,NA,NA
401823683,2026,11/20/2025,154,s:40~l:54~t:154,Wake Forest,Demon Deacons,WAKE,ceb888,2c2a29,home,68,TRUE,19,5,27,40,25,63,NA,17,56,15,27,18,15,8,0,0,14,3,21,42,0,21,21,2428,s:40~l:54~t:2428,North Carolina Central,Eagles,880023,c2c3c0,65,8,42,20,NA,NA
401817561,2026,11/20/2025,58,s:40~l:54~t:58,South Florida,Bulls,USF,006747,cfc493,home,85,TRUE,15,2,31,57,30,53,NA,22,86,18,21,21,8,3,2,0,47,7,15,39,0,22,22,150,s:40~l:54~t:150,Duke,Blue Devils,00539b,ffffff,72,8,38,11,NA,NA
401823031,2026,11/20/2025,2627,s:40~l:54~t:2627,Tarleton State,Texans,TAR,000000,NA,away,32,FALSE,9,1,25,16,9,58,NA,19,57,12,21,1,15,7,1,0,11,2,18,40,0,22,22,2628,s:40~l:54~t:2628,TCU,Horned Frogs,4d1979,ffffff,80,5,10,3,NA,NA
401823031,2026,11/20/2025,2628,s:40~l:54~t:2628,TCU,Horned Frogs,TCU,4d1979,ffffff,home,80,TRUE,23,9,37,44,28,63,NA,22,75,15,20,48,12,12,0,0,26,9,34,49,0,13,13,2627,s:40~l:54~t:2627,Tarleton State,Texans,000000,NA,32,17,34,22,NA,NA
401818591,2026,11/20/2025,2633,s:40~l:54~t:2633,Tennessee,Lady Volunteers,TENN,ff8200,ffffff,away,85,TRUE,14,3,29,47,33,70,NA,21,58,11,19,44,18,17,0,1,24,8,34,47,1,15,15,2393,s:40~l:54~t:2393,Middle Tennessee,Blue Raiders,036eb7,ffffff,41,24,48,36,NA,NA
401818591,2026,11/20/2025,2393,s:40~l:54~t:2393,Middle Tennessee,Blue Raiders,MTSU,036eb7,ffffff,home,41,FALSE,6,1,22,27,13,49,NA,19,60,9,15,0,9,0,3,0,29,6,21,31,0,27,27,2633,s:40~l:54~t:2633,Tennessee,Lady Volunteers,ff8200,ffffff,85,7,14,7,NA,NA
401829544,2026,11/20/2025,8,s:40~l:54~t:8,Arkansas,Razorbacks,ARK,a32136,ffffff,home,96,TRUE,19,3,39,54,37,68,NA,13,65,13,20,45,19,8,0,0,47,9,19,58,0,17,17,2031,s:40~l:54~t:2031,Little Rock,Trojans,AD0000,898d8f,57,19,50,21,NA,NA
401827462,2026,11/20/2025,2433,s:40~l:54~t:2433,UL Monroe,Warhawks,ULM,840029,fdb913,away,34,FALSE,7,0,26,22,12,54,NA,25,53,8,15,0,23,9,1,1,15,2,13,49,1,36,36,2534,s:40~l:54~t:2534,Sam Houston,Bearkats,f56423,ffffff,57,5,20,10,NA,NA
401827462,2026,11/20/2025,2534,s:40~l:54~t:2534,Sam Houston,Bearkats,SHSU,f56423,ffffff,home,57,TRUE,10,1,22,39,20,51,NA,19,60,12,20,30,9,16,1,1,33,5,15,31,1,26,26,2433,s:40~l:54~t:2433,UL Monroe,Warhawks,840029,fdb913,34,13,26,26,NA,NA
401822256,2026,11/20/2025,2934,s:40~l:54~t:2934,Cal State Bakersfield,Roadrunners,CSUB,003BAB,NA,away,82,TRUE,10,3,25,45,25,55,NA,26,74,25,34,14,11,10,0,0,54,7,13,36,0,19,19,2437,s:40~l:54~t:2437,Omaha,Mavericks,e3193e,474648,73,20,32,28,NA,NA
401822256,2026,11/20/2025,2437,s:40~l:54~t:2437,Omaha,Mavericks,OMA,e3193e,474648,home,73,FALSE,13,6,21,42,23,55,NA,24,67,18,27,11,10,8,0,0,43,9,21,31,0,23,23,2934,s:40~l:54~t:2934,Cal State Bakersfield,Roadrunners,003BAB,NA,82,8,22,16,NA,NA
401822212,2026,11/20/2025,292,s:40~l:54~t:292,UT Rio Grande Valley,Vaqueros,RGV,dc6000,e1732d,home,63,FALSE,14,4,25,40,24,60,NA,16,71,12,17,2,19,6,0,0,23,3,13,44,0,17,17,248,s:40~l:54~t:248,Houston,Cougars,c8102e,ffffff,65,10,40,15,NA,NA
401819927,2026,11/20/2025,66,s:40~l:54~t:66,Iowa State,Cyclones,ISU,ae192d,ffc72a,away,87,TRUE,19,3,28,45,28,62,NA,25,77,20,26,34,9,11,0,0,41,11,27,37,0,10,10,2181,s:40~l:54~t:2181,Drake,Bulldogs,005596,bec0c2,60,8,30,23,NA,NA
401819927,2026,11/20/2025,2181,s:40~l:54~t:2181,Drake,Bulldogs,DRKE,005596,bec0c2,home,60,FALSE,12,2,28,31,19,61,NA,24,83,19,23,0,16,8,0,0,13,3,24,44,0,19,19,66,s:40~l:54~t:66,Iowa State,Cyclones,ae192d,ffc72a,87,10,32,8,NA,NA
401807519,2026,11/20/2025,153,s:40~l:54~t:153,North Carolina,Tar Heels,UNC,7bafd4,13294b,away,85,TRUE,19,5,25,48,33,69,NA,24,70,7,10,43,13,13,0,0,35,12,34,38,0,18,18,2448,s:40~l:54~t:2448,North Carolina A&T,Aggies,0505aa,004684,50,22,42,33,NA,NA
401829546,2026,11/20/2025,322,s:40~l:54~t:322,Lafayette,Leopards,LAF,790000,a59474,away,56,TRUE,13,2,20,38,18,47,NA,22,67,12,18,9,10,7,0,0,40,8,20,30,0,27,27,2681,s:40~l:54~t:2681,Wagner,Seahawks,00483A,ffffff,53,3,16,22,NA,NA
401829546,2026,11/20/2025,2681,s:40~l:54~t:2681,Wagner,Seahawks,WAG,00483A,ffffff,home,53,FALSE,10,5,21,31,19,61,NA,26,58,14,24,1,25,11,0,0,9,1,11,46,0,23,23,322,s:40~l:54~t:322,Lafayette,Leopards,790000,a59474,56,9,30,19,NA,NA
401828900,2026,11/20/2025,339,s:40~l:54~t:339,Evansville,Purple Aces,EVAN,663399,ef6f00,home,75,TRUE,18,2,33,46,24,52,NA,23,75,18,24,19,7,9,0,0,47,9,19,40,0,18,18,85,s:40~l:54~t:85,IU Indianapolis,Jaguars,A81F30,d59f0f,58,14,30,22,NA,NA
401827866,2026,11/20/2025,112358,s:40~l:54~t:112358,Long Island University,Sharks,LIU,50c9f7,ffbf00,home,69,TRUE,20,2,23,45,29,65,NA,10,57,4,7,14,15,12,0,0,26,7,27,38,0,15,15,44,s:40~l:54~t:44,American University,Eagles,c41130,c8102e,55,9,28,23,NA,NA
401827839,2026,11/20/2025,47,s:40~l:54~t:47,Howard,Bison,HOW,003a63,e51937,away,57,TRUE,10,4,31,33,21,63,NA,17,90,9,10,13,15,4,0,0,33,6,18,46,0,14,14,2405,s:40~l:54~t:2405,Monmouth,Hawks,051844,NA,44,7,20,17,NA,NA
401825715,2026,11/20/2025,2460,s:40~l:54~t:2460,Northern Iowa,Panthers,UNI,473282,ffffff,away,51,TRUE,9,2,36,40,19,47,NA,18,59,10,17,5,3,6,0,0,16,3,19,39,0,19,19,156,s:40~l:54~t:156,Creighton,Bluejays,005ca9,6cadde,50,4,28,16,NA,NA
401825715,2026,11/20/2025,156,s:40~l:54~t:156,Creighton,Bluejays,CREI,005ca9,6cadde,home,50,FALSE,13,2,29,32,21,65,NA,17,57,4,7,10,11,7,0,0,14,4,28,40,0,16,16,2460,s:40~l:54~t:2460,Northern Iowa,Panthers,473282,ffffff,51,0,22,5,NA,NA
401822275,2026,11/20/2025,2641,s:40~l:54~t:2641,Texas Tech,Lady Raiders,TTU,da291c,000000,home,69,TRUE,13,1,28,39,26,66,NA,18,82,14,17,10,8,11,0,0,16,3,19,36,0,13,13,344,s:40~l:54~t:344,Mississippi State,Bulldogs,5d1725,c1c6c8,62,6,38,17,NA,NA
401817304,2026,11/20/2025,2193,s:40~l:54~t:2193,East Tennessee State,Bucs,ETSU,002d61,ffc423,away,52,FALSE,8,3,23,31,17,54,NA,22,75,15,20,9,8,9,1,0,17,3,18,31,0,11,11,2635,s:40~l:54~t:2635,Tennessee Tech,Golden Eagles,5A4099,ffde00,61,16,24,16,NA,NA
401813910,2026,11/20/2025,2352,s:40~l:54~t:2352,Loyola Maryland,Greyhounds,L-MD,76a7a0,c9cbca,home,50,FALSE,8,4,16,29,12,42,NA,23,72,23,32,3,14,13,3,1,23,3,13,30,1,24,24,116,s:40~l:54~t:116,Mount St. Mary's,Mountaineers,005596,ebebeb,69,2,18,16,NA,NA
401813741,2026,11/20/2025,164,s:40~l:54~t:164,Rutgers,Scarlet Knights,RUTG,ce0e2d,ffffff,away,46,FALSE,7,4,24,29,14,48,NA,13,65,15,23,7,13,9,1,0,20,3,15,37,0,21,21,2,s:40~l:54~t:2,Auburn,Tigers,002b5c,f26522,51,9,18,10,NA,NA
401825980,2026,11/20/2025,127,s:40~l:54~t:127,Michigan State,Spartans,MSU,173f35,ffffff,home,101,TRUE,27,4,25,49,37,75,NA,13,70,14,20,49,18,20,0,0,42,13,31,43,0,6,6,2197,s:40~l:54~t:2197,Eastern Illinois,Panthers,000000,bebab9,53,28,44,33,NA,NA
401822238,2026,11/20/2025,195,s:40~l:54~t:195,Ohio,Bobcats,OHIO,154734,ffffff,away,53,FALSE,13,4,21,32,19,59,NA,22,47,7,15,1,14,10,0,0,22,8,37,35,0,16,16,2752,s:40~l:54~t:2752,Xavier,Musketeers,21304e,a5a7a8,74,12,20,18,NA,NA
401822238,2026,11/20/2025,2752,s:40~l:54~t:2752,Xavier,Musketeers,XAV,21304e,a5a7a8,home,74,TRUE,20,7,32,46,27,59,NA,19,83,10,12,21,11,4,3,0,32,10,31,43,0,16,16,195,s:40~l:54~t:195,Ohio,Bobcats,154734,ffffff,53,4,32,17,NA,NA
401820863,2026,11/20/2025,2132,s:40~l:54~t:2132,Cincinnati,Bearcats,CIN,000000,e00122,away,63,FALSE,10,1,23,35,23,65,NA,21,79,15,19,2,12,7,0,0,15,2,13,35,0,14,14,2050,s:40~l:54~t:2050,Ball State,Cardinals,ba0c2f,ffffff,83,13,38,13,0,0
401818532,2026,11/20/2025,2454,s:40~l:54~t:2454,North Florida,Ospreys,UNF,004B8D,babcbe,away,46,FALSE,8,2,20,35,17,48,NA,16,88,7,8,0,7,6,0,0,20,5,25,27,0,24,24,61,s:40~l:54~t:61,Georgia,Lady Bulldogs,ba0c2f,2c2a29,92,5,18,11,NA,NA
401818532,2026,11/20/2025,61,s:40~l:54~t:61,Georgia,Lady Bulldogs,UGA,ba0c2f,2c2a29,home,92,TRUE,20,1,24,49,33,67,NA,9,81,17,21,49,15,17,0,0,39,9,23,39,0,12,12,2454,s:40~l:54~t:2454,North Florida,Ospreys,004B8D,babcbe,46,20,42,33,NA,NA
401818519,2026,11/20/2025,52,s:40~l:54~t:52,Florida State,Seminoles,FSU,782f40,ceb888,away,67,FALSE,13,5,26,43,26,61,NA,20,67,10,15,2,12,9,0,0,28,5,18,38,0,25,25,57,s:40~l:54~t:57,Florida,Gators,0021a5,fa4616,89,4,38,13,NA,NA
401818519,2026,11/20/2025,57,s:40~l:54~t:57,Florida,Gators,FLA,0021a5,fa4616,home,89,TRUE,15,4,26,47,33,70,NA,17,71,17,24,23,15,20,0,0,35,6,17,41,0,16,16,52,s:40~l:54~t:52,Florida State,Seminoles,782f40,ceb888,67,22,50,38,NA,NA
401818641,2026,11/20/2025,120,s:40~l:54~t:120,Maryland,Terrapins,MD,ce1126,ffffff,home,95,TRUE,16,6,27,59,37,63,NA,13,68,15,22,48,16,15,0,0,35,6,17,43,0,18,18,2065,s:40~l:54~t:2065,Bethune-Cookman,Wildcats,7b1831,e9aa12,49,23,54,36,NA,NA
401825823,2026,11/20/2025,2754,s:40~l:54~t:2754,Youngstown State,Penguins,YSU,E51937,690717,away,64,TRUE,12,5,22,46,21,46,NA,21,78,14,18,14,8,3,1,0,38,8,21,30,0,15,15,2385,s:40~l:54~t:2385,Mercyhurst,Lakers,000000,NA,50,9,22,16,NA,NA
401825823,2026,11/20/2025,2385,s:40~l:54~t:2385,Mercyhurst,Lakers,MERC,000000,NA,home,50,FALSE,9,1,20,33,15,45,NA,26,68,13,19,2,9,6,2,0,32,7,22,29,0,18,18,2754,s:40~l:54~t:2754,Youngstown State,Penguins,E51937,690717,64,7,16,13,NA,NA
401823671,2026,11/20/2025,258,s:40~l:54~t:258,Virginia,Cavaliers,UVA,f84c1e,232d4b,home,94,TRUE,28,6,29,52,36,69,NA,10,69,11,16,51,24,9,1,0,46,11,24,53,0,12,12,2344,s:40~l:54~t:2344,Longwood,Lancers,003273,9ea2a3,47,13,44,26,NA,NA
401820852,2026,11/20/2025,2006,s:40~l:54~t:2006,Akron,Zips,AKR,041e42,c5b783,home,94,FALSE,13,3,31,47,30,64,NA,30,59,26,44,14,14,4,2,0,31,8,26,45,0,23,23,2066,s:40~l:54~t:2066,Binghamton,Bearcats,00614A,f0f0f0,95,19,44,24,NA,NA
401819771,2026,11/20/2025,2390,s:40~l:54~t:2390,Miami,Hurricanes,MIA,f47423,035131,home,66,TRUE,9,6,27,52,27,52,NA,20,64,9,14,10,8,5,1,0,18,3,17,35,0,13,13,2166,s:40~l:54~t:2166,Davidson,Wildcats,000000,e51837,58,10,36,8,NA,NA
401817280,2026,11/20/2025,2046,s:40~l:54~t:2046,Austin Peay,Governors,APSU,8e0b0b,NA,away,68,TRUE,11,2,24,52,25,48,NA,19,80,12,15,15,8,8,3,0,43,6,14,32,0,21,21,236,s:40~l:54~t:236,Chattanooga,Mocs,00386b,dca71d,54,14,34,12,NA,NA
401817280,2026,11/20/2025,236,s:40~l:54~t:236,Chattanooga,Mocs,UTC,00386b,dca71d,home,54,FALSE,10,3,12,36,17,47,NA,17,72,13,18,0,7,8,2,0,41,7,17,19,0,16,16,2046,s:40~l:54~t:2046,Austin Peay,Governors,8e0b0b,NA,68,5,18,13,NA,NA
401813850,2026,11/20/2025,315,s:40~l:54~t:315,Niagara,Purple Eagles,NIA,69207E,f0f0f0,away,46,FALSE,10,3,15,35,19,54,NA,19,60,6,10,0,8,7,3,0,17,2,12,23,0,23,23,259,s:40~l:54~t:259,Virginia Tech,Hokies,6a2c3e,cf4520,83,2,22,9,NA,NA
401813850,2026,11/20/2025,259,s:40~l:54~t:259,Virginia Tech,Hokies,VT,6a2c3e,cf4520,home,83,TRUE,20,7,27,51,33,65,NA,13,76,13,17,38,15,13,0,0,31,4,13,42,0,14,14,315,s:40~l:54~t:315,Niagara,Purple Eagles,69207E,f0f0f0,46,14,48,25,NA,NA
401822149,2026,11/20/2025,349,s:40~l:54~t:349,Army,Black Knights,ARMY,000000,d3bc8d,home,63,TRUE,14,3,26,50,25,50,NA,10,86,6,7,24,2,9,0,0,44,7,16,28,0,15,15,160,s:40~l:54~t:160,New Hampshire,Wildcats,004990,c3c4c6,44,6,34,19,NA,NA
401817550,2026,11/20/2025,25,s:40~l:54~t:25,California,Golden Bears,CAL,041e42,ffc72c,home,70,TRUE,22,5,19,50,26,52,NA,14,63,12,19,16,10,5,1,0,26,6,23,29,0,12,12,2608,s:40~l:54~t:2608,Saint Mary's,Gaels,d80024,003057,62,4,40,26,NA,NA
401827243,2026,11/20/2025,131833,s:40~l:54~t:131833,Hesston,Larks,HES,NA,NA,away,43,FALSE,7,1,19,27,14,52,NA,25,57,8,14,0,9,7,3,0,30,7,23,28,0,36,36,140,s:40~l:54~t:140,Kansas City,Roos,004b87,ffc72c,121,0,10,8,NA,NA
401827243,2026,11/20/2025,140,s:40~l:54~t:140,Kansas City,Roos,KC,004b87,ffc72c,home,121,TRUE,30,5,30,61,45,74,NA,15,65,20,31,81,13,19,0,0,69,11,16,43,0,13,13,131833,s:40~l:54~t:131833,Hesston,Larks,NA,NA,43,43,68,41,NA,NA
401817410,2026,11/20/2025,2653,s:40~l:54~t:2653,Troy,Trojans,TROY,862633,b1b1b1,away,100,TRUE,17,4,26,42,33,79,NA,19,84,21,25,25,19,10,0,0,48,13,27,45,0,9,9,142,s:40~l:54~t:142,Missouri,Tigers,f1b82d,000000,82,7,28,25,0,0
401820510,2026,11/20/2025,357,s:40~l:54~t:357,Texas A&M-Corpus Christi,Islanders,AMCC,0067c5,007f3e,home,43,FALSE,5,1,19,31,14,45,NA,23,63,10,16,2,14,7,2,0,23,5,22,33,0,24,24,326,s:40~l:54~t:326,Texas State,Bobcats,501214,6a5638,53,0,16,9,NA,NA
401823195,2026,11/20/2025,2603,s:40~l:54~t:2603,Saint Joseph's,Hawks,JOES,9e1b32,6c6f70,away,66,TRUE,15,1,24,48,22,46,NA,15,75,18,24,18,7,9,2,0,31,4,13,31,0,22,22,171,s:40~l:54~t:171,Columbia,Lions,7ba4db,183863,48,6,32,16,NA,NA
401822979,2026,11/20/2025,277,s:40~l:54~t:277,West Virginia,Mountaineers,WVU,eaaa00,002855,home,80,TRUE,16,0,20,56,27,48,NA,14,58,19,33,32,8,17,0,0,32,7,22,28,0,16,16,2026,s:40~l:54~t:2026,App State,Mountaineers,000000,ffcd00,51,14,38,30,NA,NA
401829579,2026,11/19/2025,2540,s:40~l:54~t:2540,UC Santa Barbara,Gauchos,UCSB,1e1840,febc11,away,75,TRUE,14,2,28,37,24,65,NA,20,85,17,20,19,8,9,1,0,33,10,30,36,0,12,12,23,s:40~l:54~t:23,San José State,Spartans,0038a8,ffb81a,60,11,22,27,NA,NA
401826147,2026,11/19/2025,2463,s:40~l:54~t:2463,Cal State Northridge,Matadors,CSUN,b50000,NA,away,54,FALSE,11,2,21,34,18,53,NA,13,65,13,20,0,10,11,0,0,25,5,20,31,0,21,21,2856,s:40~l:54~t:2856,California Baptist,Lancers,000000,NA,86,4,26,13,NA,NA
401825778,2026,11/19/2025,252,s:40~l:54~t:252,BYU,Cougars,BYU,0047ba,002e5d,away,70,TRUE,10,1,32,39,26,67,NA,11,59,13,22,7,14,8,0,0,19,5,27,46,0,12,12,149,s:40~l:54~t:149,Montana,Lady Griz,751D4A,666666,69,12,42,16,NA,NA
401825778,2026,11/19/2025,149,s:40~l:54~t:149,Montana,Lady Griz,MONT,751D4A,666666,home,69,FALSE,15,5,31,39,22,56,NA,18,85,11,13,5,3,5,0,0,36,14,39,34,0,13,13,252,s:40~l:54~t:252,BYU,Cougars,0047ba,002e5d,70,3,16,6,NA,NA
401818599,2026,11/19/2025,256,s:40~l:54~t:256,James Madison,Dukes,JMU,450084,cbb677,away,56,FALSE,7,5,25,33,18,54,NA,17,75,15,20,0,12,5,1,0,28,5,18,37,0,29,29,251,s:40~l:54~t:251,Texas,Longhorns,af5c37,ffffff,95,14,26,8,NA,NA
401818599,2026,11/19/2025,251,s:40~l:54~t:251,Texas,Longhorns,TEX,af5c37,ffffff,home,95,TRUE,29,6,25,55,39,71,NA,18,68,13,19,46,10,21,0,0,40,4,10,35,0,11,11,256,s:40~l:54~t:256,James Madison,Dukes,450084,cbb677,56,16,50,31,NA,NA
401817566,2026,11/19/2025,97,s:40~l:54~t:97,Louisville,Cardinals,LOU,c9001f,ffffff,home,96,TRUE,22,0,30,54,33,61,NA,16,87,20,23,53,12,10,1,0,38,10,26,42,0,11,11,2413,s:40~l:54~t:2413,Morehead State,Eagles,094FA3,fed91a,49,4,34,31,NA,NA
401825838,2026,11/19/2025,2492,s:40~l:54~t:2492,Pepperdine,Waves,PEPP,003A72,dc762f,away,80,TRUE,10,5,28,49,26,53,NA,14,81,22,27,13,7,7,2,0,40,6,15,35,0,17,17,2464,s:40~l:54~t:2464,Northern Arizona,Lumberjacks,003976,1b3069,74,19,36,19,NA,NA
401825838,2026,11/19/2025,2464,s:40~l:54~t:2464,Northern Arizona,Lumberjacks,NAU,003976,1b3069,home,74,FALSE,11,1,23,42,27,64,NA,22,75,15,20,10,12,5,0,0,33,5,15,35,0,13,13,2492,s:40~l:54~t:2492,Pepperdine,Waves,003A72,dc762f,80,7,42,20,NA,NA
401818650,2026,11/19/2025,158,s:40~l:54~t:158,Nebraska,Cornhuskers,NEB,e31937,ffffff,home,103,TRUE,24,3,32,51,38,74,NA,13,95,18,19,50,17,5,1,0,39,9,23,49,0,11,11,198,s:40~l:54~t:198,Oral Roberts,Golden Eagles,002462,dac792,58,8,52,33,NA,NA
401812569,2026,11/19/2025,275,s:40~l:54~t:275,Wisconsin,Badgers,WIS,a00000,ffffff,away,74,TRUE,19,4,23,44,28,63,NA,14,71,5,7,26,14,12,2,0,48,13,27,37,0,14,14,82,s:40~l:54~t:82,UIC,Flames,001e62,d50032,53,11,20,21,NA,NA
401818608,2026,11/19/2025,98,s:40~l:54~t:98,Western Kentucky,Lady Toppers,WKU,e13a3e,ffffff,home,49,FALSE,10,7,19,32,18,56,NA,13,64,7,11,1,13,7,1,0,33,6,18,32,0,25,25,238,s:40~l:54~t:238,Vanderbilt,Commodores,000000,cfae70,87,5,20,6,NA,NA
401831384,2026,11/19/2025,2443,s:40~l:54~t:2443,New Orleans,Privateers,UNO,005da6,a2a9ae,home,65,FALSE,16,2,19,37,29,78,NA,29,50,4,8,7,20,14,0,0,14,3,22,39,0,16,16,100,s:40~l:54~t:100,Loyola New Orleans,Wolfpack,000000,NA,73,12,44,30,NA,NA
401827285,2026,11/19/2025,2400,s:40~l:54~t:2400,Mississippi Valley State,Devilettes,MVSU,005328,cf2d34,away,66,FALSE,12,3,26,32,22,68,NA,25,62,13,21,5,15,9,0,0,28,9,32,41,0,15,15,2447,s:40~l:54~t:2447,Nicholls,Colonels,C41230,f0f0f0,73,17,22,15,NA,NA
401827285,2026,11/19/2025,2447,s:40~l:54~t:2447,Nicholls,Colonels,NICH,C41230,f0f0f0,home,73,TRUE,12,3,34,39,24,62,NA,19,66,21,32,10,16,5,0,0,27,4,15,50,0,17,17,2400,s:40~l:54~t:2400,Mississippi Valley State,Devilettes,005328,cf2d34,66,12,38,16,NA,NA
401825946,2026,11/19/2025,135,s:40~l:54~t:135,Minnesota,Golden Gophers,MINN,5e0a2f,fab41c,away,57,FALSE,12,1,20,34,22,64,NA,16,80,8,10,2,13,9,0,0,22,5,23,33,0,11,11,2305,s:40~l:54~t:2305,Kansas,Jayhawks,0051ba,e8000d,63,8,24,13,NA,NA
401825946,2026,11/19/2025,2305,s:40~l:54~t:2305,Kansas,Jayhawks,KU,0051ba,e8000d,home,63,TRUE,12,3,28,48,21,44,NA,16,82,14,17,10,5,4,0,0,41,7,17,33,0,19,19,135,s:40~l:54~t:135,Minnesota,Golden Gophers,5e0a2f,fab41c,57,2,22,9,NA,NA
401825110,2026,11/19/2025,2032,s:40~l:54~t:2032,Arkansas State,Red Wolves,ARST,cc092f,000000,away,58,FALSE,7,2,14,32,21,65,NA,23,75,9,12,0,17,17,2,0,19,7,37,31,0,23,23,2110,s:40~l:54~t:2110,Central Arkansas,Sugar Bears,a7a9ac,8e959a,81,7,26,13,0,0
401825110,2026,11/19/2025,2110,s:40~l:54~t:2110,Central Arkansas,Sugar Bears,CARK,a7a9ac,8e959a,home,81,TRUE,17,3,28,51,27,53,NA,17,77,17,22,25,13,10,1,0,43,10,23,41,0,22,22,2032,s:40~l:54~t:2032,Arkansas State,Red Wolves,cc092f,000000,58,14,30,24,0,0
401811127,2026,11/19/2025,2579,s:40~l:54~t:2579,South Carolina,Gamecocks,SC,73000a,000000,home,106,TRUE,25,7,28,64,43,67,NA,13,63,15,24,52,18,6,1,0,29,5,17,46,0,9,9,2737,s:40~l:54~t:2737,Winthrop,Eagles,9e0b0e,fdb41e,56,33,70,26,NA,NA
401830624,2026,11/19/2025,201,s:40~l:54~t:201,Oklahoma,Sooners,OU,990000,ffffff,home,112,TRUE,32,8,44,54,45,84,NA,14,87,13,15,58,21,18,0,0,36,9,25,65,0,21,21,2837,s:40~l:54~t:2837,East Texas A&M,Lions,000000,NA,59,28,66,20,NA,NA
401817395,2026,11/19/2025,197,s:40~l:54~t:197,Oklahoma State,Cowgirls,OKST,fe5c00,000000,away,67,FALSE,10,1,13,40,21,53,NA,26,78,21,27,2,8,13,0,0,25,4,16,21,0,13,13,2599,s:40~l:54~t:2599,St. John's,Red Storm,d10000,101010,74,16,32,19,NA,NA
401817395,2026,11/19/2025,2599,s:40~l:54~t:2599,St. John's,Red Storm,SJU,d10000,101010,home,74,TRUE,17,3,24,59,26,44,NA,20,57,20,35,11,7,7,3,1,29,2,7,31,1,19,19,197,s:40~l:54~t:197,Oklahoma State,Cowgirls,fe5c00,000000,67,7,44,11,NA,NA
401829364,2026,11/19/2025,2870,s:40~l:54~t:2870,Purdue Fort Wayne,Mastodons,PFW,cfb991,000000,home,67,TRUE,8,0,26,47,23,49,NA,15,70,16,23,15,5,9,0,0,31,5,16,31,0,14,14,2199,s:40~l:54~t:2199,Eastern Michigan,Eagles,006938,ffffff,52,14,34,19,NA,NA
401825846,2026,11/19/2025,2241,s:40~l:54~t:2241,Gardner-Webb,Runnin' Bulldogs,GWEB,c12535,909090,home,65,TRUE,14,2,17,42,24,57,NA,21,71,12,17,13,13,19,2,0,28,5,18,30,0,20,20,350,s:40~l:54~t:350,UNC Wilmington,Seahawks,00665e,ffda00,56,6,34,27,NA,NA
401825709,2026,11/19/2025,84,s:40~l:54~t:84,Indiana,Hoosiers,IU,970310,ffffff,home,72,TRUE,14,4,33,52,28,54,NA,22,58,7,12,30,6,6,1,0,56,9,16,39,0,20,20,2086,s:40~l:54~t:2086,Butler,Bulldogs,0d1361,00a3e0,53,5,32,15,NA,NA
401825200,2026,11/19/2025,231,s:40~l:54~t:231,Furman,Paladins,FUR,582c83,ffffff,away,50,FALSE,8,2,26,30,18,61,NA,25,62,8,13,0,10,10,0,0,25,6,24,36,0,19,19,2515,s:40~l:54~t:2515,Radford,Highlanders,BC1515,c2c3c0,68,4,24,10,NA,NA
401825133,2026,11/19/2025,2453,s:40~l:54~t:2453,North Alabama,Lions,UNA,000000,NA,away,76,FALSE,10,4,25,39,27,69,NA,25,68,19,28,1,16,6,0,0,20,3,15,41,0,11,11,2634,s:40~l:54~t:2634,Tennessee State,Lady Tigers,171796,f0f0f0,82,10,44,15,NA,NA
401824916,2026,11/19/2025,526,s:40~l:54~t:526,Florida Gulf Coast,Eagles,FGCU,00885a,076c3b,away,41,FALSE,11,3,29,32,16,50,NA,18,56,5,9,1,10,3,4,0,17,4,23,39,0,26,26,2244,s:40~l:54~t:2244,George Mason,Patriots,016600,ecb010,58,7,20,4,NA,NA
401824916,2026,11/19/2025,2244,s:40~l:54~t:2244,George Mason,Patriots,GMU,016600,ecb010,home,58,TRUE,8,6,25,35,22,62,NA,14,93,14,15,20,12,15,0,0,0,0,13,37,0,13,13,526,s:40~l:54~t:526,Florida Gulf Coast,Eagles,00885a,076c3b,41,8,28,25,NA,NA
401824218,2026,11/19/2025,2117,s:40~l:54~t:2117,Central Michigan,Chippewas,CMU,4c0027,fbab18,away,87,TRUE,22,2,37,54,33,61,NA,18,80,8,10,35,13,4,1,0,52,13,25,50,0,21,21,2174,s:40~l:54~t:2174,Detroit Mercy,Titans,165b9e,d31733,54,6,32,6,NA,NA
401823130,2026,11/19/2025,104,s:40~l:54~t:104,Boston University,Terriers,BU,cc0000,ffffff,away,54,FALSE,7,2,30,42,22,53,NA,10,50,6,12,1,9,3,0,0,24,4,17,39,0,15,15,225,s:40~l:54~t:225,Brown,Bears,411e09,949300,57,4,34,7,NA,NA
401823059,2026,11/19/2025,2520,s:40~l:54~t:2520,Rider,Broncs,RID,a80532,ebebeb,away,56,FALSE,15,2,29,37,23,62,NA,17,100,3,3,5,11,8,0,0,24,7,29,40,0,20,20,2426,s:40~l:54~t:2426,Navy,Midshipmen,00225b,b5a67c,67,3,22,10,NA,NA
401823059,2026,11/19/2025,2426,s:40~l:54~t:2426,Navy,Midshipmen,NAVY,00225b,b5a67c,home,67,TRUE,17,0,28,41,26,64,NA,7,64,9,14,20,12,9,1,0,21,6,28,40,0,13,13,2520,s:40~l:54~t:2520,Rider,Broncs,a80532,ebebeb,56,6,28,17,NA,NA
401822783,2026,11/19/2025,269,s:40~l:54~t:269,Marquette,Golden Eagles,MARQ,003366,ffcc00,away,75,TRUE,20,7,31,43,26,60,NA,11,81,13,16,34,11,6,0,0,43,10,23,42,0,12,12,270,s:40~l:54~t:270,Milwaukee,Panthers,000000,ffc20e,43,14,26,19,NA,NA
401818678,2026,11/19/2025,2483,s:40~l:54~t:2483,Oregon,Ducks,ORE,00934b,fff41b,away,86,TRUE,19,0,30,50,33,66,NA,9,75,9,12,27,15,9,0,0,46,11,24,45,0,15,15,265,s:40~l:54~t:265,Washington State,Cougars,a60f2d,4d4d4d,59,11,24,25,NA,NA
401813894,2026,11/19/2025,2619,s:40~l:54~t:2619,Stony Brook,Seawolves,STBK,990000,NA,away,51,FALSE,15,2,23,35,20,57,NA,15,36,4,11,5,16,7,1,1,32,7,22,39,1,18,18,2368,s:40~l:54~t:2368,Marist,Red Foxes,e53730,f0f0f0,55,3,24,20,NA,NA
401813894,2026,11/19/2025,2368,s:40~l:54~t:2368,Marist,Red Foxes,MRST,e53730,f0f0f0,home,55,TRUE,11,4,24,39,21,54,NA,13,78,7,9,9,10,8,1,1,32,6,19,34,1,16,16,2619,s:40~l:54~t:2619,Stony Brook,Seawolves,990000,NA,51,8,28,14,NA,NA
401813265,2026,11/19/2025,333,s:40~l:54~t:333,Alabama,Crimson Tide,ALA,9e1b32,ffffff,home,84,TRUE,21,5,29,53,31,59,NA,10,63,10,16,41,13,8,0,0,50,12,24,42,0,11,11,2535,s:40~l:54~t:2535,Samford,Bulldogs,005485,bc0023,45,16,34,24,NA,NA
401812931,2026,11/19/2025,59,s:40~l:54~t:59,Georgia Tech,Yellow Jackets,GT,b3a369,ffffff,home,68,TRUE,21,9,27,44,27,62,NA,13,56,9,16,22,15,12,1,1,50,5,10,42,1,19,19,2698,s:40~l:54~t:2698,West Georgia,Wolves,0033a1,db1a21,60,14,42,15,NA,NA
401825763,2026,11/19/2025,2561,s:40~l:54~t:2561,Siena,Saints,SIE,037961,eea60f,away,42,FALSE,8,3,14,29,16,56,NA,19,58,7,12,0,17,4,1,0,17,3,18,31,0,16,16,399,s:40~l:54~t:399,UAlbany,Great Danes,3D2777,ffffff,67,4,24,20,NA,NA
401825763,2026,11/19/2025,399,s:40~l:54~t:399,UAlbany,Great Danes,UALB,3D2777,ffffff,home,67,TRUE,15,3,23,52,24,46,NA,14,79,11,14,29,10,7,2,0,44,8,18,33,0,19,19,2561,s:40~l:54~t:2561,Siena,Saints,037961,eea60f,42,0,22,13,NA,NA
401818669,2026,11/19/2025,2309,s:40~l:54~t:2309,Kent State,Golden Flashes,KENT,002664,eaab00,away,68,FALSE,12,5,26,52,21,40,NA,25,86,19,22,2,8,2,1,0,50,7,14,34,0,29,29,194,s:40~l:54~t:194,Ohio State,Buckeyes,ba0c2f,a8adb4,88,2,22,9,NA,NA
401818669,2026,11/19/2025,194,s:40~l:54~t:194,Ohio State,Buckeyes,OSU,ba0c2f,a8adb4,home,88,TRUE,19,2,12,41,31,75,NA,22,72,18,25,24,17,18,1,0,28,8,29,29,0,8,8,2309,s:40~l:54~t:2309,Kent State,Golden Flashes,002664,eaab00,68,11,36,34,NA,NA
401817577,2026,11/19/2025,324,s:40~l:54~t:324,Coastal Carolina,Chanticleers,CCU,006f71,a27752,away,58,FALSE,10,1,25,34,23,67,NA,14,86,6,7,3,12,5,1,0,21,6,29,37,0,21,21,152,s:40~l:54~t:152,NC State,Wolfpack,cc0000,ffffff,71,7,26,19,NA,NA
401817577,2026,11/19/2025,152,s:40~l:54~t:152,NC State,Wolfpack,NCSU,cc0000,ffffff,home,71,TRUE,20,6,33,45,28,62,NA,16,50,6,12,23,12,10,0,0,31,9,29,45,0,21,21,324,s:40~l:54~t:324,Coastal Carolina,Chanticleers,006f71,a27752,58,21,30,28,NA,NA
401827441,2026,11/19/2025,2182,s:40~l:54~t:2182,Drexel,Dragons,DREX,020260,ffd65a,away,57,FALSE,16,1,17,35,23,66,NA,16,73,8,11,2,17,7,0,0,23,3,13,34,0,11,11,2329,s:40~l:54~t:2329,Lehigh,Mountain Hawks,6c2b2a,b69e70,71,10,30,14,NA,NA
401827441,2026,11/19/2025,2329,s:40~l:54~t:2329,Lehigh,Mountain Hawks,LEH,6c2b2a,b69e70,home,71,TRUE,17,1,28,52,27,52,NA,9,77,10,13,20,8,7,1,0,29,7,24,36,0,15,15,2182,s:40~l:54~t:2182,Drexel,Dragons,020260,ffd65a,57,6,40,14,NA,NA
401825127,2026,11/19/2025,288,s:40~l:54~t:288,Lipscomb,Bisons,LIP,20366C,f6b734,away,60,FALSE,12,0,24,48,21,44,NA,15,77,10,13,0,7,9,1,0,36,8,22,31,0,24,24,2057,s:40~l:54~t:2057,Belmont,Bruins,182142,c9262d,80,3,26,7,NA,NA
401825017,2026,11/19/2025,179,s:40~l:54~t:179,St. Bonaventure,Bonnies,SBU,70261D,NA,home,64,TRUE,11,6,28,44,23,52,NA,15,87,13,15,17,11,6,0,0,28,5,18,39,0,20,20,2084,s:40~l:54~t:2084,Buffalo,Bulls,005bbb,ffffff,57,6,24,13,NA,NA
401823708,2026,11/19/2025,2612,s:40~l:54~t:2612,Saint Peter's,Peacocks,SPU,004CC2,NA,away,33,FALSE,4,1,20,22,13,60,NA,8,55,6,11,0,15,4,1,0,8,1,13,35,0,14,14,2885,s:40~l:54~t:2885,NJIT,Highlanders,EE3024,df3e2e,81,4,18,3,NA,NA
401823108,2026,11/19/2025,107,s:40~l:54~t:107,Holy Cross,Crusaders,HC,582c83,ffffff,away,59,FALSE,12,0,26,39,22,56,NA,20,80,12,15,3,6,4,0,0,19,3,16,32,0,13,13,227,s:40~l:54~t:227,Rhode Island,Rams,091f3f,5ab3e8,73,4,32,10,NA,NA
401817543,2026,11/19/2025,108,s:40~l:54~t:108,Harvard,Crimson,HARV,990000,dbdbdb,away,72,TRUE,22,10,28,43,26,60,NA,21,83,10,12,10,12,7,0,0,31,10,32,40,0,21,21,103,s:40~l:54~t:103,Boston College,Eagles,8c2232,dbcca6,65,12,26,20,NA,NA
401820516,2026,11/19/2025,2717,s:40~l:54~t:2717,Western Carolina,Catamounts,WCU,492F91,bf9e70,home,50,FALSE,5,3,17,33,15,45,NA,28,79,19,24,1,11,9,1,0,11,1,9,28,0,29,29,2427,s:40~l:54~t:2427,UNC Asheville,Bulldogs,003da5,ffffff,67,7,22,17,NA,NA
401823699,2026,11/19/2025,2771,s:40~l:54~t:2771,Merrimack,Warriors,MRMK,2f4f93,e8c535,home,73,FALSE,12,3,17,43,25,58,NA,21,67,18,27,12,10,4,0,0,26,5,19,27,0,18,18,2803,s:40~l:54~t:2803,Bryant,Bulldogs,000000,9f8343,80,4,36,18,NA,NA
401822805,2026,11/19/2025,21,s:40~l:54~t:21,San Diego State,Aztecs,SDSU,a6192e,000000,home,47,FALSE,4,3,29,24,17,70,NA,14,75,12,16,0,7,10,0,0,3,1,29,36,0,7,7,2541,s:40~l:54~t:2541,Santa Clara,Broncos,690b0b,101010,72,4,28,15,NA,NA
401825067,2026,11/19/2025,249,s:40~l:54~t:249,North Texas,Mean Green,UNT,068f33,ffffff,home,51,FALSE,4,0,23,34,18,53,NA,28,61,14,23,5,13,14,2,0,5,1,20,36,0,26,26,2000,s:40~l:54~t:2000,Abilene Christian,Wildcats,592d82,b1b3b3,60,4,28,16,NA,NA
401825027,2026,11/19/2025,2379,s:40~l:54~t:2379,Maryland Eastern Shore,Hawks,UMES,5c2301,b5b7ba,home,68,TRUE,11,3,23,44,24,54,NA,21,68,17,25,16,16,13,1,0,38,3,8,39,0,24,24,2378,s:40~l:54~t:2378,UMBC,Retrievers,000000,ad860a,54,10,32,27,NA,NA
401817331,2026,11/19/2025,2296,s:40~l:54~t:2296,Jackson State,Lady Tigers,JKST,123297,b5b7ba,home,68,FALSE,12,1,23,37,23,63,NA,26,82,18,22,0,12,5,1,0,33,4,12,35,0,15,15,2382,s:40~l:54~t:2382,Mercer,Bears,ff7f29,080808,78,6,34,15,NA,NA
401827753,2026,11/19/2025,282,s:40~l:54~t:282,Indiana State,Sycamores,INST,00669a,f0f0f0,away,71,FALSE,10,2,24,41,24,58,NA,30,70,19,27,0,14,9,0,0,40,4,10,38,0,18,18,2565,s:40~l:54~t:2565,SIU Edwardsville,Cougars,eb1c23,080808,81,10,30,9,NA,NA
401813224,2026,11/19/2025,2649,s:40~l:54~t:2649,Toledo,Rockets,TOL,0b2240,ffcd00,away,61,FALSE,5,2,21,41,22,54,NA,23,76,13,17,8,11,9,0,0,20,4,20,32,0,17,17,94,s:40~l:54~t:94,Northern Kentucky,Norse,ffc82e,000000,70,10,28,15,NA,NA
401813224,2026,11/19/2025,94,s:40~l:54~t:94,Northern Kentucky,Norse,NKU,ffc82e,000000,home,70,TRUE,10,3,21,46,23,50,NA,16,70,19,27,9,9,8,2,0,36,5,14,30,0,17,17,2649,s:40~l:54~t:2649,Toledo,Rockets,0b2240,ffcd00,61,6,22,12,NA,NA
401826078,2026,11/18/2025,2501,s:40~l:54~t:2501,Portland,Pilots,PORT,330072,a8b3ba,away,51,FALSE,14,9,24,32,19,59,NA,20,53,8,15,8,15,10,4,0,25,5,20,39,0,29,29,30,s:40~l:54~t:30,USC,Trojans,9d2235,ffc72c,78,7,26,8,NA,NA
401825954,2026,11/18/2025,2439,s:40~l:54~t:2439,UNLV,Lady Rebels,UNLV,cf0a2c,cac8c8,away,81,FALSE,11,5,30,43,30,69,NA,22,65,11,17,4,21,7,1,0,37,10,27,51,0,22,22,147,s:40~l:54~t:147,Montana State,Bobcats,00205c,bc955c,94,4,30,14,NA,NA
401825935,2026,11/18/2025,68,s:40~l:54~t:68,Boise State,Broncos,BOIS,0033a0,d64309,away,53,FALSE,12,0,22,39,18,46,NA,16,65,15,23,0,7,4,1,0,18,2,11,29,0,19,19,38,s:40~l:54~t:38,Colorado,Buffaloes,cfb87c,000000,83,6,24,6,NA,NA
401825935,2026,11/18/2025,38,s:40~l:54~t:38,Colorado,Buffaloes,COLO,cfb87c,000000,home,83,TRUE,20,2,25,52,32,61,NA,25,74,14,19,36,9,13,1,0,38,5,13,34,0,9,9,68,s:40~l:54~t:68,Boise State,Broncos,0033a0,d64309,53,16,42,27,NA,NA
401826139,2026,11/18/2025,123387,s:40~l:54~t:123387,Benedictine Mesa,Redhawks,BENU,NA,NA,away,68,FALSE,5,0,15,33,22,66,NA,21,76,19,25,1,17,10,3,0,24,5,21,32,0,18,18,253,s:40~l:54~t:253,Southern Utah,Thunderbirds,c72026,000000,91,8,20,14,NA,NA
401826139,2026,11/18/2025,253,s:40~l:54~t:253,Southern Utah,Thunderbirds,SUU,c72026,000000,home,91,TRUE,18,8,28,61,35,57,NA,23,74,14,19,30,9,6,0,1,41,7,17,37,1,19,19,123387,s:40~l:54~t:123387,Benedictine Mesa,Redhawks,NA,NA,68,19,54,19,NA,NA
401825059,2026,11/18/2025,145,s:40~l:54~t:145,Ole Miss,Rebels,MISS,13294b,cf142b,away,73,TRUE,10,1,35,37,27,73,NA,18,68,15,22,10,12,13,2,0,24,4,17,47,0,18,18,235,s:40~l:54~t:235,Memphis,Tigers,004991,8e908f,64,14,40,18,NA,NA
401827226,2026,11/18/2025,155,s:40~l:54~t:155,North Dakota,Fighting Hawks,UND,00A26B,c2c3c0,home,66,FALSE,9,0,33,39,22,56,NA,17,79,15,19,0,8,2,2,1,35,7,20,41,1,21,21,2198,s:40~l:54~t:2198,Eastern Kentucky,Colonels,660819,f0f0f0,87,3,28,4,NA,NA
401823654,2026,11/18/2025,2253,s:40~l:54~t:2253,Grand Canyon,Lopes,GCU,522398,ffffff,home,76,TRUE,13,2,36,39,24,61,NA,23,81,21,26,22,18,6,2,0,32,7,22,54,0,24,24,2567,s:40~l:54~t:2567,SMU,Mustangs,a80000,0033a1,60,7,32,6,NA,NA
401822861,2026,11/18/2025,2653,s:40~l:54~t:2653,Troy,Trojans,TROY,862633,b1b1b1,away,59,FALSE,12,2,32,27,22,83,NA,19,64,9,14,2,23,10,0,0,19,6,31,55,0,21,21,2306,s:40~l:54~t:2306,Kansas State,Wildcats,330a57,e2e3e4,81,4,26,16,NA,NA
401817409,2026,11/18/2025,79,s:40~l:54~t:79,Southern Illinois,Salukis,SIU,85283D,c2c3c0,away,50,FALSE,6,2,21,32,19,60,NA,15,58,7,12,0,10,8,0,0,26,5,19,31,0,18,18,142,s:40~l:54~t:142,Missouri,Tigers,f1b82d,000000,81,2,20,15,NA,NA
401823693,2026,11/18/2025,130,s:40~l:54~t:130,Michigan,Wolverines,MICH,00274c,ffcb05,home,120,TRUE,29,8,25,66,45,68,NA,19,66,19,29,73,18,15,0,0,55,11,20,43,0,15,15,2066,s:40~l:54~t:2066,Binghamton,Bearcats,00614A,f0f0f0,50,20,66,45,NA,NA
401818581,2026,11/18/2025,2509,s:40~l:54~t:2509,Purdue,Boilermakers,PUR,ceb888,000000,away,35,FALSE,6,2,27,20,13,65,NA,15,67,6,9,0,13,1,0,0,16,3,19,40,0,9,9,96,s:40~l:54~t:96,Kentucky,Wildcats,0033a0,ffffff,76,0,16,4,NA,NA
401830106,2026,11/18/2025,2582,s:40~l:54~t:2582,Southern,Jaguars,SOU,004B97,ffc82d,home,67,TRUE,16,7,30,40,23,58,NA,21,50,13,26,29,18,15,1,0,38,8,21,48,0,25,25,2650,s:40~l:54~t:2650,Tougaloo,Bulldogs,000000,NA,38,4,24,23,NA,NA
401825103,2026,11/18/2025,2724,s:40~l:54~t:2724,Wichita State,Shockers,WICH,ffcd00,27251f,home,62,FALSE,13,4,27,39,26,67,NA,25,30,3,10,6,18,10,0,0,35,7,20,45,0,18,18,2546,s:40~l:54~t:2546,Southeast Missouri State,Redhawks,c8102e,000000,69,15,34,20,NA,NA
401824998,2026,11/18/2025,2287,s:40~l:54~t:2287,Illinois State,Redbirds,ILST,CE1126,ffe716,away,59,TRUE,16,1,31,38,21,56,NA,7,74,14,19,15,13,5,1,0,23,3,13,44,0,14,14,2350,s:40~l:54~t:2350,Loyola Chicago,Ramblers,9d1244,NA,44,4,34,8,NA,NA
401824998,2026,11/18/2025,2350,s:40~l:54~t:2350,Loyola Chicago,Ramblers,LUC,9d1244,NA,home,44,FALSE,13,4,22,27,17,62,NA,21,86,6,7,0,14,6,0,0,17,4,23,36,0,13,13,2287,s:40~l:54~t:2287,Illinois State,Redbirds,CE1126,ffe716,59,7,26,7,NA,NA
401813800,2026,11/18/2025,46,s:40~l:54~t:46,Georgetown,Hoyas,GTWN,110E42,001c58,home,77,TRUE,17,6,24,50,29,58,NA,15,68,13,19,33,12,13,0,0,38,6,16,36,0,14,14,2529,s:40~l:54~t:2529,Sacred Heart,Pioneers,a40012,c29472,44,20,40,30,NA,NA
401824991,2026,11/18/2025,223,s:40~l:54~t:223,West Chester,Golden Rams,WCHT,000000,NA,away,50,FALSE,12,4,23,31,19,61,NA,26,90,9,10,0,13,7,1,0,11,3,28,36,0,21,21,2325,s:40~l:54~t:2325,La Salle,Explorers,003356,ffce00,83,7,16,10,NA,NA
401824991,2026,11/18/2025,2325,s:40~l:54~t:2325,La Salle,Explorers,LAS,003356,ffce00,home,83,TRUE,16,6,29,41,28,69,NA,14,79,26,33,35,23,14,0,0,6,1,16,52,0,15,15,223,s:40~l:54~t:223,West Chester,Golden Rams,000000,NA,50,19,52,30,NA,NA
401826615,2026,11/18/2025,276,s:40~l:54~t:276,Marshall,Thundering Herd,MRSH,00b140,000000,home,105,TRUE,24,6,28,54,39,72,NA,10,82,18,22,76,14,27,0,0,33,9,27,42,0,14,14,108810,s:40~l:54~t:108810,Salem University,Tigers,NA,NA,31,26,58,54,NA,NA
401825806,2026,11/18/2025,219,s:40~l:54~t:219,Pennsylvania,Quakers,PENN,082A74,a6163d,home,55,TRUE,11,7,26,34,17,50,NA,15,94,15,16,7,7,7,2,0,25,6,24,33,0,15,15,2450,s:40~l:54~t:2450,Norfolk State,Spartans,0c8968,fdb813,50,6,18,7,NA,NA
401824156,2026,11/18/2025,257,s:40~l:54~t:257,Richmond,Spiders,RICH,9e0712,b90b2e,home,72,TRUE,18,2,32,42,28,66,NA,14,57,4,7,15,10,8,1,0,38,12,32,42,0,12,12,218,s:40~l:54~t:218,Temple,Owls,a41e35,ffffff,57,3,30,11,NA,NA
401823716,2026,11/18/2025,2349,s:40~l:54~t:2349,UMass Lowell,River Hawks,UML,000000,cf1f2f,away,45,FALSE,10,1,17,31,15,49,NA,14,56,10,18,0,6,6,0,0,23,5,22,23,0,18,18,113,s:40~l:54~t:113,Massachusetts,Minutewomen,881c1c,ffffff,85,3,20,6,NA,NA
401823716,2026,11/18/2025,113,s:40~l:54~t:113,Massachusetts,Minutewomen,MASS,881c1c,ffffff,home,85,TRUE,23,4,31,52,32,62,NA,17,74,14,19,46,12,10,0,0,44,7,16,43,0,12,12,2349,s:40~l:54~t:2349,UMass Lowell,River Hawks,000000,cf1f2f,45,21,44,27,NA,NA
401823238,2026,11/18/2025,172,s:40~l:54~t:172,Cornell,Big Red,COR,b31b1b,ffffff,home,54,FALSE,8,0,16,36,20,56,NA,14,54,7,13,5,14,7,2,0,32,7,22,30,0,14,14,2142,s:40~l:54~t:2142,Colgate,Raiders,821019,ffffff,60,5,22,13,NA,NA
401807967,2026,11/18/2025,2545,s:40~l:54~t:2545,SE Louisiana,Lady Lions,SELA,215732,ffc72c,away,53,FALSE,6,0,22,33,20,60,NA,14,85,11,13,7,10,7,3,0,11,2,18,32,0,15,15,2572,s:40~l:54~t:2572,Southern Miss,Lady Eagles,ffc72c,231f20,86,10,26,15,NA,NA
401807967,2026,11/18/2025,2572,s:40~l:54~t:2572,Southern Miss,Lady Eagles,USM,ffc72c,231f20,home,86,TRUE,15,5,30,50,33,66,NA,17,65,11,17,36,14,6,0,0,39,9,23,44,0,13,13,2545,s:40~l:54~t:2545,SE Louisiana,Lady Lions,215732,ffc72c,53,10,42,21,NA,NA
401822788,2026,11/18/2025,204,s:40~l:54~t:204,Oregon State,Beavers,ORST,dc4405,000000,home,71,TRUE,8,6,36,48,29,61,NA,4,78,7,9,20,11,7,1,0,30,6,20,47,0,20,20,328,s:40~l:54~t:328,Utah State,Aggies,0f2439,ffffff,52,4,38,6,NA,NA
401824758,2026,11/18/2025,2029,s:40~l:54~t:2029,Arkansas-Pine Bluff,Golden Lions,UAPB,e0aa0f,eaaa00,away,49,FALSE,7,3,23,31,18,58,NA,19,82,9,11,0,9,10,1,0,24,4,17,32,0,16,16,2348,s:40~l:54~t:2348,Louisiana Tech,Lady Techsters,003087,cb333b,73,7,26,10,NA,NA
401824758,2026,11/18/2025,2348,s:40~l:54~t:2348,Louisiana Tech,Lady Techsters,LT,003087,cb333b,home,73,TRUE,14,2,33,43,26,61,NA,14,70,14,20,25,15,8,1,0,28,7,25,48,0,13,13,2029,s:40~l:54~t:2029,Arkansas-Pine Bluff,Golden Lions,e0aa0f,eaaa00,49,13,34,15,NA,NA
401818619,2026,11/18/2025,93,s:40~l:54~t:93,Murray State,Racers,MUR,002148,000e00,away,64,FALSE,10,2,24,35,22,62,NA,15,57,12,21,2,9,3,0,0,27,8,30,33,0,17,17,356,s:40~l:54~t:356,Illinois,Fighting Illini,ff5f05,13294b,84,11,22,15,NA,NA
401818619,2026,11/18/2025,356,s:40~l:54~t:356,Illinois,Fighting Illini,ILL,ff5f05,13294b,home,84,TRUE,14,3,32,47,29,62,NA,21,91,20,22,23,9,5,0,0,29,6,21,41,0,15,15,93,s:40~l:54~t:93,Murray State,Racers,002148,000e00,64,13,38,15,NA,NA
401829304,2026,11/18/2025,2116,s:40~l:54~t:2116,UCF,Knights,UCF,000000,b4a169,home,79,TRUE,19,1,29,47,27,58,NA,21,90,18,20,22,13,4,1,0,35,7,20,42,0,18,18,2229,s:40~l:54~t:2229,Florida International,Panthers,091f3f,c3993f,61,19,34,22,NA,NA
401825732,2026,11/18/2025,2507,s:40~l:54~t:2507,Providence,Friars,PROV,000000,a3a19e,home,50,TRUE,7,2,27,37,19,52,NA,11,67,8,12,14,11,5,4,0,20,4,20,38,0,18,18,111,s:40~l:54~t:111,Northeastern,Huskies,CC0001,c2c3c0,45,4,24,4,NA,NA
401812469,2026,11/18/2025,2102,s:40~l:54~t:2102,Carnegie Mellon,Tartans,CGMU,000000,NA,away,55,TRUE,11,1,27,42,22,53,NA,12,70,7,10,10,11,5,1,0,27,4,15,38,0,23,23,2598,s:40~l:54~t:2598,Saint Francis,Red Flash,a20012,000000,53,0,32,13,0,0
401812469,2026,11/18/2025,2598,s:40~l:54~t:2598,Saint Francis,Red Flash,SFPA,a20012,000000,home,53,FALSE,7,2,23,34,22,64,NA,16,73,8,11,3,13,15,0,0,8,1,12,36,0,15,15,2102,s:40~l:54~t:2102,Carnegie Mellon,Tartans,000000,NA,55,4,40,15,0,0
401826061,2026,11/17/2025,301,s:40~l:54~t:301,San Diego,Toreros,USD,2f99d4,2f99d4,away,44,FALSE,5,1,25,27,14,51,NA,11,68,13,19,2,14,8,0,0,21,3,14,39,0,19,19,36,s:40~l:54~t:36,Colorado State,Rams,004c23,c8c372,71,3,14,9,NA,NA
401828489,2026,11/17/2025,123387,s:40~l:54~t:123387,Benedictine Mesa,Redhawks,BENU,NA,NA,away,34,FALSE,6,0,21,25,12,48,NA,26,75,6,8,6,8,8,0,0,25,4,16,29,0,31,31,3084,s:40~l:54~t:3084,Utah Valley,Wolverines,004812,e1c736,74,0,6,10,NA,NA
401826601,2026,11/17/2025,292,s:40~l:54~t:292,UT Rio Grande Valley,Vaqueros,RGV,dc6000,e1732d,away,77,TRUE,10,3,34,48,24,50,NA,18,72,23,32,21,12,3,1,0,40,6,15,46,0,21,21,326,s:40~l:54~t:326,Texas State,Bobcats,501214,6a5638,65,4,32,8,NA,NA
401825087,2026,11/17/2025,202,s:40~l:54~t:202,Tulsa,Golden Hurricane,TLSA,003595,d0b787,away,78,TRUE,9,4,32,45,22,49,NA,28,71,29,41,9,10,10,2,0,36,5,14,42,0,29,29,198,s:40~l:54~t:198,Oral Roberts,Golden Eagles,002462,dac792,69,16,34,19,NA,NA
401808019,2026,11/17/2025,13,s:40~l:54~t:13,Cal Poly,Mustangs,CP,1E4D2B,eed897,away,67,FALSE,7,3,24,33,17,52,NA,31,82,27,33,0,4,6,0,0,32,6,19,28,0,20,20,331,s:40~l:54~t:331,Eastern Washington,Eagles,a10022,abb4bc,78,10,20,11,NA,NA
401827461,2026,11/17/2025,2504,s:40~l:54~t:2504,Prairie View A&M,Lady Panthers,PV,582c83,eaaa00,away,49,FALSE,5,5,18,30,16,54,NA,20,58,14,24,0,14,13,3,0,19,3,16,32,0,24,24,2534,s:40~l:54~t:2534,Sam Houston,Bearkats,f56423,ffffff,77,9,20,18,NA,NA
401827461,2026,11/17/2025,2534,s:40~l:54~t:2534,Sam Houston,Bearkats,SHSU,f56423,ffffff,home,77,TRUE,19,2,28,48,31,64,NA,23,41,9,22,36,22,13,1,0,40,6,15,50,0,26,26,2504,s:40~l:54~t:2504,Prairie View A&M,Lady Panthers,582c83,eaaa00,49,18,44,21,NA,NA
401817374,2026,11/17/2025,2655,s:40~l:54~t:2655,Tulane,Green Wave,TULN,006747,418fde,home,71,FALSE,18,0,23,35,28,81,NA,24,78,7,9,2,24,8,2,0,25,8,32,47,0,22,22,99,s:40~l:54~t:99,LSU,Tigers,461d76,fdd023,101,12,36,15,NA,NA
401828550,2026,11/17/2025,88,s:40~l:54~t:88,Southern Indiana,Screaming Eagles,USI,000000,NA,home,87,TRUE,18,1,28,45,34,75,NA,7,71,10,14,55,21,17,1,0,29,9,31,49,0,11,11,110442,s:40~l:54~t:110442,Indiana University East,Red Wolves,NA,NA,32,16,40,39,NA,NA
401827242,2026,11/17/2025,140,s:40~l:54~t:140,Kansas City,Roos,KC,004b87,ffc72c,away,71,FALSE,18,1,14,57,27,47,NA,15,77,10,13,8,7,6,1,0,58,7,12,21,0,20,20,2815,s:40~l:54~t:2815,Lindenwood,Lions,000000,NA,80,6,38,19,NA,NA
401824985,2026,11/17/2025,45,s:40~l:54~t:45,George Washington,Revolutionaries,GW,002843,e8d2a1,away,62,FALSE,13,4,28,39,24,61,NA,22,55,6,11,4,15,10,1,0,33,8,24,43,0,25,25,2344,s:40~l:54~t:2344,Longwood,Lancers,003273,9ea2a3,71,6,32,17,NA,NA
401813264,2026,11/17/2025,333,s:40~l:54~t:333,Alabama,Crimson Tide,ALA,9e1b32,ffffff,home,66,TRUE,15,8,27,45,25,55,NA,16,63,12,19,30,10,11,3,0,21,4,19,37,0,16,16,2010,s:40~l:54~t:2010,Alabama A&M,Bulldogs,790000,ffffff,43,14,40,20,NA,NA
401807987,2026,11/17/2025,2617,s:40~l:54~t:2617,Stephen F. Austin,Ladyjacks,SFA,393996,bec0c2,home,82,TRUE,21,4,34,50,27,54,NA,20,74,20,27,11,7,11,0,0,47,8,17,41,0,31,31,248,s:40~l:54~t:248,Houston,Cougars,c8102e,ffffff,78,20,38,26,NA,NA
401824234,2026,11/17/2025,2710,s:40~l:54~t:2710,Western Illinois,Leathernecks,WIU,4e1e8a,ffc90a,home,86,TRUE,10,2,24,50,30,60,NA,19,75,24,32,19,13,4,1,0,13,2,16,37,0,14,14,2130,s:40~l:54~t:2130,Chicago State,Cougars,006700,NA,75,15,42,22,NA,NA
401822264,2026,11/17/2025,48,s:40~l:54~t:48,Delaware,Blue Hens,DEL,00539f,ffd200,away,68,TRUE,12,3,25,44,28,64,NA,12,60,9,15,11,18,8,0,0,33,3,9,43,0,12,12,44,s:40~l:54~t:44,American University,Eagles,c41130,c8102e,57,12,44,17,NA,NA
401822138,2026,11/17/2025,47,s:40~l:54~t:47,Howard,Bison,HOW,003a63,e51937,away,66,FALSE,9,4,24,33,19,58,NA,15,68,25,37,2,13,12,0,0,30,3,10,37,0,11,11,2670,s:40~l:54~t:2670,VCU,Rams,ffaf00,000000,69,8,22,18,NA,NA
401822138,2026,11/17/2025,2670,s:40~l:54~t:2670,VCU,Rams,VCU,ffaf00,000000,home,69,TRUE,16,0,31,40,25,63,NA,26,69,9,13,15,16,7,0,0,29,10,34,47,0,19,19,47,s:40~l:54~t:47,Howard,Bison,003a63,e51937,66,6,24,13,NA,NA
401812514,2026,11/17/2025,311,s:40~l:54~t:311,Maine,Black Bears,ME,127dbe,NA,home,79,TRUE,21,6,29,46,32,69,NA,18,60,9,15,35,16,17,0,0,29,6,21,45,0,13,13,284,s:40~l:54~t:284,Stonehill,Skyhawks,000000,NA,53,8,44,21,NA,NA
401818660,2026,11/17/2025,305,s:40~l:54~t:305,DePaul,Blue Demons,DEP,2d649c,ce1125,home,72,FALSE,22,3,15,39,28,72,NA,20,57,12,21,2,18,15,2,0,17,4,24,33,0,13,13,77,s:40~l:54~t:77,Northwestern,Wildcats,492f92,ffffff,79,13,46,21,NA,NA
401825194,2026,11/17/2025,2506,s:40~l:54~t:2506,Presbyterian,Blue Hose,PRES,194896,990134,home,86,TRUE,22,3,23,47,33,70,NA,19,68,13,19,37,16,17,0,1,41,7,17,39,1,25,25,2215,s:40~l:54~t:2215,Erskine,Flying Fleet,701931,000000,50,37,48,41,NA,NA
401830954,2026,11/16/2025,108,s:40~l:54~t:108,Harvard,Crimson,HARV,990000,dbdbdb,away,65,FALSE,9,6,23,40,25,62,NA,22,78,14,18,7,10,4,1,0,11,1,9,33,0,12,12,25,s:40~l:54~t:25,California,Golden Bears,041e42,ffc72c,76,3,42,15,NA,NA
401830954,2026,11/16/2025,25,s:40~l:54~t:25,California,Golden Bears,CAL,041e42,ffc72c,home,76,TRUE,17,5,29,44,24,54,NA,18,71,20,28,12,10,7,2,0,38,8,21,39,0,16,16,108,s:40~l:54~t:108,Harvard,Crimson,990000,dbdbdb,65,14,32,12,NA,NA
401830953,2026,11/16/2025,2473,s:40~l:54~t:2473,Oakland,Golden Grizzlies,OAK,04091c,bc955c,away,41,FALSE,7,3,29,27,16,60,NA,11,45,5,11,4,12,4,1,0,20,4,20,41,0,17,17,2429,s:40~l:54~t:2429,Charlotte,49ers,005035,a49665,66,3,24,7,NA,NA
401830953,2026,11/16/2025,2429,s:40~l:54~t:2429,Charlotte,49ers,CLT,005035,a49665,home,66,TRUE,18,8,35,39,26,67,NA,19,36,4,11,27,14,8,2,0,45,10,22,49,0,14,14,2473,s:40~l:54~t:2473,Oakland,Golden Grizzlies,04091c,bc955c,41,11,24,10,NA,NA
401822190,2026,11/16/2025,2097,s:40~l:54~t:2097,Campbell,Fighting Camels,CAM,000000,NA,away,68,TRUE,14,4,22,43,23,54,NA,19,54,15,28,21,12,9,0,0,50,7,14,34,0,18,18,231,s:40~l:54~t:231,Furman,Paladins,582c83,ffffff,61,5,30,25,NA,NA
401822190,2026,11/16/2025,231,s:40~l:54~t:231,Furman,Paladins,FUR,582c83,ffffff,home,61,FALSE,12,8,23,48,22,46,NA,25,45,13,29,8,8,13,3,1,36,4,11,31,1,21,21,2097,s:40~l:54~t:2097,Campbell,Fighting Camels,000000,NA,68,16,34,9,NA,NA
401819748,2026,11/16/2025,84,s:40~l:54~t:84,Indiana,Hoosiers,IU,970310,ffffff,away,76,TRUE,10,1,23,48,27,56,NA,28,71,15,21,9,11,3,0,0,39,7,18,34,0,13,13,52,s:40~l:54~t:52,Florida State,Seminoles,782f40,ceb888,72,8,36,13,NA,NA
401819748,2026,11/16/2025,52,s:40~l:54~t:52,Florida State,Seminoles,FSU,782f40,ceb888,home,72,FALSE,10,3,21,40,25,63,NA,19,77,20,26,9,15,5,0,0,14,2,14,36,0,12,12,84,s:40~l:54~t:84,Indiana,Hoosiers,970310,ffffff,76,3,40,15,NA,NA
401818598,2026,11/16/2025,251,s:40~l:54~t:251,Texas,Longhorns,TEX,af5c37,ffffff,home,111,TRUE,17,7,25,58,41,71,NA,16,60,24,40,68,18,14,0,0,42,5,12,43,0,9,9,2640,s:40~l:54~t:2640,Texas Southern,Tigers,860038,ffffff,45,23,62,50,NA,NA
401827899,2026,11/16/2025,2440,s:40~l:54~t:2440,Nevada,Wolf Pack,NEV,041e42,8a8d8f,away,50,FALSE,13,2,18,38,18,48,NA,11,62,8,13,2,12,12,1,0,33,6,18,30,0,26,26,2608,s:40~l:54~t:2608,Saint Mary's,Gaels,d80024,003057,56,3,24,16,NA,NA
401827790,2026,11/16/2025,2674,s:40~l:54~t:2674,Valparaiso,Beacons,VAL,794500,NA,home,67,FALSE,18,1,36,37,23,63,NA,22,75,15,20,4,8,3,2,0,24,6,25,44,0,17,17,270,s:40~l:54~t:270,Milwaukee,Panthers,000000,ffc20e,72,0,24,10,NA,NA
401825708,2026,11/16/2025,94,s:40~l:54~t:94,Northern Kentucky,Norse,NKU,ffc82e,000000,away,56,FALSE,9,2,20,33,19,57,NA,15,64,14,22,0,10,8,1,0,21,4,19,30,0,19,19,2086,s:40~l:54~t:2086,Butler,Bulldogs,0d1361,00a3e0,73,2,20,18,NA,NA
401825126,2026,11/16/2025,288,s:40~l:54~t:288,Lipscomb,Bisons,LIP,20366C,f6b734,away,68,FALSE,11,6,24,32,16,50,NA,16,87,27,31,6,10,7,1,0,35,9,26,34,0,19,19,2400,s:40~l:54~t:2400,Mississippi Valley State,Devilettes,005328,cf2d34,72,5,10,14,NA,NA
401825126,2026,11/16/2025,2400,s:40~l:54~t:2400,Mississippi Valley State,Devilettes,MVSU,005328,cf2d34,home,72,TRUE,5,5,25,42,28,67,NA,27,60,12,20,11,17,8,0,0,21,4,19,42,0,15,15,288,s:40~l:54~t:288,Lipscomb,Bisons,20366C,f6b734,68,2,36,26,NA,NA
401824283,2026,11/16/2025,2011,s:40~l:54~t:2011,Alabama State,Lady Hornets,ALST,e9a900,0a0a0a,home,71,FALSE,13,4,23,40,27,68,NA,21,62,8,13,3,14,11,0,1,31,9,29,37,1,18,18,2219,s:40~l:54~t:2219,Faulkner,Eagles,000000,NA,77,11,26,25,NA,NA
401822816,2026,11/16/2025,28,s:40~l:54~t:28,UC San Diego,Tritons,UCSD,000000,ffcd00,away,69,FALSE,9,2,23,38,25,66,NA,19,76,13,17,0,7,11,1,1,27,6,22,30,1,18,18,2539,s:40~l:54~t:2539,San Francisco,Dons,005a36,ffffff,80,15,34,24,NA,NA
401822816,2026,11/16/2025,2539,s:40~l:54~t:2539,San Francisco,Dons,SF,005a36,ffffff,home,80,TRUE,22,2,36,47,33,70,NA,16,82,9,11,17,14,9,2,0,19,5,26,50,0,24,24,28,s:40~l:54~t:28,UC San Diego,Tritons,000000,ffcd00,69,15,52,14,NA,NA
401819607,2026,11/16/2025,24,s:40~l:54~t:24,Stanford,Cardinal,STAN,8c1515,ffffff,away,65,TRUE,13,5,30,45,25,56,NA,15,76,13,17,13,7,9,0,0,20,2,10,37,0,14,14,2250,s:40~l:54~t:2250,Gonzaga,Bulldogs,041e42,c8102e,52,8,38,23,NA,NA
401818677,2026,11/16/2025,349,s:40~l:54~t:349,Army,Black Knights,ARMY,000000,d3bc8d,away,55,FALSE,16,1,18,44,23,52,NA,11,40,2,5,0,5,7,2,0,29,7,24,23,0,24,24,2483,s:40~l:54~t:2483,Oregon,Ducks,00934b,fff41b,80,3,28,9,NA,NA
401818677,2026,11/16/2025,2483,s:40~l:54~t:2483,Oregon,Ducks,ORE,00934b,fff41b,home,80,TRUE,21,1,25,56,32,57,NA,16,100,11,11,27,6,12,0,0,38,5,13,31,0,15,15,349,s:40~l:54~t:349,Army,Black Knights,000000,d3bc8d,55,7,42,30,NA,NA
401827901,2026,11/16/2025,167,s:40~l:54~t:167,New Mexico,Lobos,UNM,ba0c2f,a7a8aa,away,77,TRUE,16,2,36,54,29,54,NA,16,64,9,14,43,7,10,0,0,45,10,22,43,0,23,23,166,s:40~l:54~t:166,New Mexico State,Aggies,7e141b,231f20,45,8,38,18,NA,NA
401826985,2026,11/16/2025,233,s:40~l:54~t:233,South Dakota,Coyotes,SDAK,CD1241,f0f0f0,away,64,TRUE,10,2,32,32,20,62,NA,25,76,16,21,8,12,5,1,0,36,8,22,44,0,15,15,304,s:40~l:54~t:304,Idaho State,Bengals,ef8c00,e9a126,63,2,20,8,NA,NA
401826985,2026,11/16/2025,304,s:40~l:54~t:304,Idaho State,Bengals,IDST,ef8c00,e9a126,home,63,FALSE,12,6,27,34,20,58,NA,20,63,20,32,6,11,6,0,0,33,3,9,38,0,9,9,233,s:40~l:54~t:233,South Dakota,Coyotes,CD1241,f0f0f0,64,11,30,12,NA,NA
401822848,2026,11/16/2025,12,s:40~l:54~t:12,Arizona,Wildcats,ARIZ,cc0033,003366,home,85,TRUE,17,4,30,53,31,59,NA,23,67,20,30,26,12,5,0,0,27,3,11,42,0,18,18,2755,s:40~l:54~t:2755,Grambling,Lady Tigers,ee8601,ffd10a,64,22,54,21,NA,NA
401822804,2026,11/16/2025,9,s:40~l:54~t:9,Arizona State,Sun Devils,ASU,ffc627,8c1d40,away,82,TRUE,17,1,39,46,30,65,NA,18,76,19,25,18,20,4,1,0,33,3,9,59,0,19,19,2541,s:40~l:54~t:2541,Santa Clara,Broncos,690b0b,101010,77,10,48,14,NA,NA
401827467,2026,11/16/2025,201,s:40~l:54~t:201,Oklahoma,Sooners,OU,990000,ffffff,away,95,TRUE,18,4,36,51,37,73,NA,12,76,13,17,64,18,16,0,0,38,8,21,54,0,14,14,2717,s:40~l:54~t:2717,Western Carolina,Catamounts,492F91,bf9e70,32,30,54,33,NA,NA
401827467,2026,11/16/2025,2717,s:40~l:54~t:2717,Western Carolina,Catamounts,WCU,492F91,bf9e70,home,32,FALSE,3,1,19,21,10,47,NA,16,64,7,11,0,3,6,3,0,23,5,22,22,0,26,26,201,s:40~l:54~t:201,Oklahoma,Sooners,990000,ffffff,95,2,8,7,NA,NA
401813849,2026,11/16/2025,315,s:40~l:54~t:315,Niagara,Purple Eagles,NIA,69207E,f0f0f0,away,45,FALSE,8,7,19,29,17,59,NA,26,58,7,12,0,10,7,0,0,21,4,19,29,0,20,20,2309,s:40~l:54~t:2309,Kent State,Golden Flashes,002664,eaab00,92,3,16,8,NA,NA
401813849,2026,11/16/2025,2309,s:40~l:54~t:2309,Kent State,Golden Flashes,KENT,002664,eaab00,home,92,TRUE,25,2,36,52,32,62,NA,16,80,20,25,49,13,13,0,0,57,8,14,49,0,15,15,315,s:40~l:54~t:315,Niagara,Purple Eagles,69207E,f0f0f0,45,19,44,28,NA,NA
401824181,2026,11/16/2025,239,s:40~l:54~t:239,Baylor,Bears,BAY,154734,ffb81c,home,99,TRUE,22,5,30,56,35,62,NA,11,76,22,29,60,13,14,0,0,39,7,18,43,0,12,12,2330,s:40~l:54~t:2330,Le Moyne,Dolphins,000000,NA,43,19,50,31,NA,NA
401818629,2026,11/16/2025,2294,s:40~l:54~t:2294,Iowa,Hawkeyes,IOWA,231f20,fcd116,away,74,TRUE,15,4,33,45,29,64,NA,16,56,9,16,37,15,9,0,0,29,7,24,48,0,14,14,2460,s:40~l:54~t:2460,Northern Iowa,Panthers,473282,ffffff,41,10,34,17,NA,NA
401818629,2026,11/16/2025,2460,s:40~l:54~t:2460,Northern Iowa,Panthers,UNI,473282,ffffff,home,41,FALSE,4,5,24,23,13,57,NA,11,61,11,18,3,13,8,1,0,19,4,21,37,0,18,18,2294,s:40~l:54~t:2294,Iowa,Hawkeyes,231f20,fcd116,74,3,14,5,NA,NA
401819580,2026,11/16/2025,97,s:40~l:54~t:97,Louisville,Cardinals,LOU,c9001f,ffffff,away,65,TRUE,10,0,25,44,24,55,NA,11,93,14,15,15,8,7,1,0,30,3,10,33,0,14,14,228,s:40~l:54~t:228,Clemson,Tigers,f56600,ffffff,54,11,32,23,NA,NA
401819580,2026,11/16/2025,228,s:40~l:54~t:228,Clemson,Tigers,CLEM,f56600,ffffff,home,54,FALSE,7,2,21,48,23,48,NA,20,29,4,14,4,5,6,1,0,27,4,15,26,0,18,18,97,s:40~l:54~t:97,Louisville,Cardinals,c9001f,ffffff,65,2,32,13,NA,NA
401830093,2026,11/16/2025,2029,s:40~l:54~t:2029,Arkansas-Pine Bluff,Golden Lions,UAPB,e0aa0f,eaaa00,away,50,FALSE,10,2,21,45,17,38,NA,19,73,11,15,5,2,6,1,0,38,5,13,23,0,26,26,2433,s:40~l:54~t:2433,UL Monroe,Warhawks,840029,fdb913,79,3,20,8,NA,NA
401830093,2026,11/16/2025,2433,s:40~l:54~t:2433,UL Monroe,Warhawks,ULM,840029,fdb913,home,79,TRUE,19,0,19,42,26,62,NA,16,63,15,24,29,17,15,0,0,46,12,26,36,0,13,13,2029,s:40~l:54~t:2029,Arkansas-Pine Bluff,Golden Lions,e0aa0f,eaaa00,50,17,22,31,NA,NA
401826684,2026,11/16/2025,2239,s:40~l:54~t:2239,Cal State Fullerton,Titans,CSUF,003767,ff8300,away,55,FALSE,14,2,26,32,19,60,NA,25,78,14,18,2,12,16,0,0,16,3,19,38,0,20,20,2172,s:40~l:54~t:2172,Denver,Pioneers,98002e,a8996e,60,13,30,16,NA,NA
401826684,2026,11/16/2025,2172,s:40~l:54~t:2172,Denver,Pioneers,DEN,98002e,a8996e,home,60,TRUE,13,5,31,39,20,51,NA,17,65,13,20,14,7,10,0,0,32,7,22,38,0,24,24,2239,s:40~l:54~t:2239,Cal State Fullerton,Titans,003767,ff8300,55,19,20,20,NA,NA
401822987,2026,11/16/2025,8,s:40~l:54~t:8,Arkansas,Razorbacks,ARK,a32136,ffffff,away,68,FALSE,11,3,28,38,25,65,NA,23,85,11,13,0,9,4,0,0,33,7,21,37,0,19,19,2641,s:40~l:54~t:2641,Texas Tech,Lady Raiders,da291c,000000,80,7,30,16,NA,NA
401822987,2026,11/16/2025,2641,s:40~l:54~t:2641,Texas Tech,Lady Raiders,TTU,da291c,000000,home,80,TRUE,9,5,30,46,30,65,NA,17,60,12,20,21,11,5,0,0,42,8,19,41,0,15,15,8,s:40~l:54~t:8,Arkansas,Razorbacks,a32136,ffffff,68,3,40,21,NA,NA
401812930,2026,11/16/2025,294,s:40~l:54~t:294,Jacksonville,Dolphins,JAX,00523e,NA,away,69,TRUE,16,2,29,36,22,61,NA,20,59,19,32,7,10,15,2,0,38,6,16,39,0,17,17,59,s:40~l:54~t:59,Georgia Tech,Yellow Jackets,b3a369,ffffff,64,11,26,20,NA,NA
401812930,2026,11/16/2025,59,s:40~l:54~t:59,Georgia Tech,Yellow Jackets,GT,b3a369,ffffff,home,64,FALSE,14,6,32,36,25,70,NA,27,50,12,24,11,20,6,1,0,13,2,15,52,0,23,23,294,s:40~l:54~t:294,Jacksonville,Dolphins,00523e,NA,69,0,42,11,NA,NA
401812568,2026,11/16/2025,275,s:40~l:54~t:275,Wisconsin,Badgers,WIS,a00000,ffffff,home,76,TRUE,13,0,23,44,25,57,NA,22,71,17,24,10,12,12,1,0,36,9,25,35,0,14,14,2739,s:40~l:54~t:2739,Green Bay,Phoenix,006633,ffffff,72,9,26,20,NA,NA
401808078,2026,11/16/2025,38,s:40~l:54~t:38,Colorado,Buffaloes,COLO,cfb87c,000000,home,77,TRUE,13,4,23,45,30,67,NA,11,59,10,17,32,16,18,0,0,32,7,22,39,0,17,17,2502,s:40~l:54~t:2502,Portland State,Vikings,00311e,ebebeb,45,14,34,26,NA,NA
401807917,2026,11/16/2025,2627,s:40~l:54~t:2627,Tarleton State,Texans,TAR,000000,NA,home,47,FALSE,9,6,26,37,18,49,NA,14,63,5,8,4,10,2,2,0,26,6,23,36,0,19,19,2377,s:40~l:54~t:2377,McNeese,Cowgirls,00529C,ffd204,49,2,22,4,NA,NA
401817560,2026,11/16/2025,2335,s:40~l:54~t:2335,Liberty,Flames,LIB,0a254e,b72025,home,57,FALSE,15,2,23,40,21,53,NA,19,56,10,18,0,15,9,1,0,36,5,14,38,0,25,25,150,s:40~l:54~t:150,Duke,Blue Devils,00539b,ffffff,71,4,30,18,NA,NA
401819926,2026,11/16/2025,66,s:40~l:54~t:66,Iowa State,Cyclones,ISU,ae192d,ffc72a,home,98,TRUE,30,5,34,47,31,66,NA,13,92,22,24,46,19,4,0,0,36,14,39,53,0,12,12,2450,s:40~l:54~t:2450,Norfolk State,Spartans,0c8968,fdb813,52,4,32,18,NA,NA
401825979,2026,11/16/2025,127,s:40~l:54~t:127,Michigan State,Spartans,MSU,173f35,ffffff,home,98,TRUE,28,7,27,53,41,78,NA,14,67,10,15,59,10,17,0,0,29,6,21,37,0,4,4,2711,s:40~l:54~t:2711,Western Michigan,Broncos,532e1f,f1c500,44,26,68,39,NA,NA
401827752,2026,11/16/2025,282,s:40~l:54~t:282,Indiana State,Sycamores,INST,00669a,f0f0f0,away,73,FALSE,10,2,16,47,26,55,NA,23,94,16,17,8,9,9,1,1,31,5,16,25,1,23,23,2046,s:40~l:54~t:2046,Austin Peay,Governors,8e0b0b,NA,77,11,30,27,NA,NA
401827752,2026,11/16/2025,2046,s:40~l:54~t:2046,Austin Peay,Governors,APSU,8e0b0b,NA,home,77,TRUE,14,0,20,49,25,51,NA,17,71,22,31,10,12,9,1,0,28,5,18,32,0,24,24,282,s:40~l:54~t:282,Indiana State,Sycamores,00669a,f0f0f0,73,18,38,25,NA,NA
401827472,2026,11/16/2025,339,s:40~l:54~t:339,Evansville,Purple Aces,EVAN,663399,ef6f00,away,60,FALSE,12,3,27,38,21,56,NA,26,65,11,17,0,14,5,1,0,39,7,18,41,0,22,22,2750,s:40~l:54~t:2750,Wright State,Raiders,cba052,cba052,69,5,24,9,NA,NA
401825845,2026,11/16/2025,2261,s:40~l:54~t:2261,Hampton,Lady Pirates,HAMP,0067AC,NA,away,35,FALSE,8,2,24,21,11,52,NA,16,50,9,18,1,14,9,1,0,15,4,27,38,0,15,15,2241,s:40~l:54~t:2241,Gardner-Webb,Runnin' Bulldogs,c12535,909090,55,2,12,7,NA,NA
401825845,2026,11/16/2025,2241,s:40~l:54~t:2241,Gardner-Webb,Runnin' Bulldogs,GWEB,c12535,909090,home,55,TRUE,13,1,31,45,20,44,NA,12,50,6,12,21,3,6,0,0,43,9,21,34,0,15,15,2261,s:40~l:54~t:2261,Hampton,Lady Pirates,0067AC,NA,35,2,22,6,NA,NA
401825762,2026,11/16/2025,159,s:40~l:54~t:159,Dartmouth,Big Green,DART,005730,000000,away,65,TRUE,12,1,23,35,16,46,NA,18,80,24,30,17,7,5,1,0,38,9,24,30,0,15,15,2561,s:40~l:54~t:2561,Siena,Saints,037961,eea60f,55,2,10,20,NA,NA
401825762,2026,11/16/2025,2561,s:40~l:54~t:2561,Siena,Saints,SIE,037961,eea60f,home,55,FALSE,8,0,24,33,20,61,NA,28,73,11,15,4,17,6,0,0,13,4,31,41,0,18,18,159,s:40~l:54~t:159,Dartmouth,Big Green,005730,000000,65,2,26,5,NA,NA
401825728,2026,11/16/2025,256,s:40~l:54~t:256,James Madison,Dukes,JMU,450084,cbb677,home,73,FALSE,8,1,26,41,28,69,NA,19,65,13,20,5,13,7,0,0,20,4,20,39,0,14,14,222,s:40~l:54~t:222,Villanova,Wildcats,00205b,13b5ea,84,14,48,15,NA,NA
401825011,2026,11/16/2025,2603,s:40~l:54~t:2603,Saint Joseph's,Hawks,JOES,9e1b32,6c6f70,home,77,FALSE,19,1,17,35,25,71,NA,16,86,12,14,8,14,6,0,0,38,15,39,31,0,13,13,213,s:40~l:54~t:213,Penn State,Lady Lions,061440,ffffff,89,12,20,20,NA,NA
401824997,2026,11/16/2025,2379,s:40~l:54~t:2379,Maryland Eastern Shore,Hawks,UMES,5c2301,b5b7ba,away,70,TRUE,16,6,20,45,26,58,NA,21,68,15,22,16,14,8,0,1,33,3,9,34,1,16,16,2350,s:40~l:54~t:2350,Loyola Chicago,Ramblers,9d1244,NA,67,8,36,21,NA,NA
401824997,2026,11/16/2025,2350,s:40~l:54~t:2350,Loyola Chicago,Ramblers,LUC,9d1244,NA,home,67,FALSE,18,5,24,41,24,59,NA,23,100,13,13,3,15,5,1,1,33,6,18,39,1,20,20,2379,s:40~l:54~t:2379,Maryland Eastern Shore,Hawks,5c2301,b5b7ba,70,9,28,17,NA,NA
401824164,2026,11/16/2025,151,s:40~l:54~t:151,East Carolina,Pirates,ECU,582c83,ffc72c,away,68,FALSE,10,3,24,35,24,69,NA,21,72,13,18,0,19,2,2,0,37,7,19,43,0,16,16,2272,s:40~l:54~t:2272,High Point,Panthers,330072,ffffff,84,4,30,4,NA,NA
401823707,2026,11/16/2025,2900,s:40~l:54~t:2900,St. Thomas-Minnesota,Tommies,STMN,000000,NA,home,63,FALSE,13,1,15,43,20,47,NA,17,64,16,25,10,10,14,0,0,41,7,17,25,0,20,20,2885,s:40~l:54~t:2885,NJIT,Highlanders,EE3024,df3e2e,68,10,26,27,NA,NA
401823670,2026,11/16/2025,258,s:40~l:54~t:258,Virginia,Cavaliers,UVA,f84c1e,232d4b,home,77,TRUE,19,8,28,45,27,60,NA,13,75,15,20,31,20,11,0,0,40,8,20,48,0,15,15,2515,s:40~l:54~t:2515,Radford,Highlanders,BC1515,c2c3c0,46,17,36,20,NA,NA
401823662,2026,11/16/2025,2681,s:40~l:54~t:2681,Wagner,Seahawks,WAG,00483A,ffffff,away,29,FALSE,6,2,19,21,12,58,NA,21,67,4,6,2,15,8,0,0,8,1,13,34,0,23,23,183,s:40~l:54~t:183,Syracuse,Orange,000e54,ff431b,78,3,20,6,NA,NA
401823662,2026,11/16/2025,183,s:40~l:54~t:183,Syracuse,Orange,SYR,000e54,ff431b,home,78,TRUE,17,6,31,40,27,67,NA,17,76,16,21,53,24,14,1,0,36,8,22,55,0,17,17,2681,s:40~l:54~t:2681,Wagner,Seahawks,00483A,ffffff,29,6,30,28,NA,NA
401823153,2026,11/16/2025,2754,s:40~l:54~t:2754,Youngstown State,Penguins,YSU,E51937,690717,home,60,TRUE,16,0,25,34,20,59,NA,15,75,12,16,17,17,6,1,0,29,8,28,42,0,13,13,2083,s:40~l:54~t:2083,Bucknell,Bison,000060,00316e,53,0,22,16,NA,NA
401823086,2026,11/16/2025,2352,s:40~l:54~t:2352,Loyola Maryland,Greyhounds,L-MD,76a7a0,c9cbca,away,57,FALSE,18,3,20,51,24,47,NA,20,50,3,6,11,5,6,1,0,46,6,13,25,0,17,17,2182,s:40~l:54~t:2182,Drexel,Dragons,020260,ffd65a,66,0,34,13,NA,NA
401823086,2026,11/16/2025,2182,s:40~l:54~t:2182,Drexel,Dragons,DREX,020260,ffd65a,home,66,TRUE,18,3,20,50,24,48,NA,11,64,9,14,11,6,6,0,0,43,9,21,26,0,11,11,2352,s:40~l:54~t:2352,Loyola Maryland,Greyhounds,76a7a0,c9cbca,57,9,24,14,NA,NA
401820851,2026,11/16/2025,2006,s:40~l:54~t:2006,Akron,Zips,AKR,041e42,c5b783,away,55,FALSE,13,3,20,32,18,56,NA,25,75,12,16,2,16,10,0,0,30,7,23,36,0,28,28,325,s:40~l:54~t:325,Cleveland State,Vikings,006633,231f20,76,15,18,8,NA,NA
401820851,2026,11/16/2025,325,s:40~l:54~t:325,Cleveland State,Vikings,CLE,006633,231f20,home,76,TRUE,9,1,23,47,25,53,NA,19,70,21,30,25,12,16,1,0,29,5,17,35,0,20,20,2006,s:40~l:54~t:2006,Akron,Zips,041e42,c5b783,55,19,38,34,NA,NA
401818531,2026,11/16/2025,61,s:40~l:54~t:61,Georgia,Lady Bulldogs,UGA,ba0c2f,2c2a29,home,76,TRUE,15,6,35,47,29,62,NA,18,80,12,15,29,10,8,0,0,32,6,19,45,0,11,11,55,s:40~l:54~t:55,Jacksonville State,Gamecocks,cc0000,000000,51,25,38,12,NA,NA
401817279,2026,11/16/2025,5,s:40~l:54~t:5,UAB,Blazers,UAB,1a5632,fdb913,away,79,TRUE,11,2,28,45,23,51,NA,21,89,25,28,22,7,5,2,0,42,8,19,35,0,17,17,236,s:40~l:54~t:236,Chattanooga,Mocs,00386b,dca71d,66,9,24,20,NA,NA
401817279,2026,11/16/2025,236,s:40~l:54~t:236,Chattanooga,Mocs,UTC,00386b,dca71d,home,66,FALSE,6,4,20,40,23,58,NA,24,67,16,24,2,11,9,1,0,22,4,18,31,0,15,15,5,s:40~l:54~t:5,UAB,Blazers,1a5632,fdb913,79,10,32,11,NA,NA
401813223,2026,11/16/2025,2649,s:40~l:54~t:2649,Toledo,Rockets,TOL,0b2240,ffcd00,home,66,TRUE,12,2,17,45,23,51,NA,20,69,18,26,17,10,15,0,0,13,2,16,27,0,14,14,2174,s:40~l:54~t:2174,Detroit Mercy,Titans,165b9e,d31733,52,8,40,26,NA,NA
401812468,2026,11/16/2025,322,s:40~l:54~t:322,Lafayette,Leopards,LAF,790000,a59474,away,69,TRUE,19,0,28,44,22,50,NA,18,79,11,14,26,7,3,0,0,50,14,28,35,0,15,15,2598,s:40~l:54~t:2598,Saint Francis,Red Flash,a20012,000000,55,14,12,8,NA,NA
401812468,2026,11/16/2025,2598,s:40~l:54~t:2598,Saint Francis,Red Flash,SFPA,a20012,000000,home,55,FALSE,16,0,22,37,21,57,NA,21,53,8,15,0,12,5,1,0,28,5,18,34,0,15,15,322,s:40~l:54~t:322,Lafayette,Leopards,790000,a59474,69,5,18,9,NA,NA
401812423,2026,11/16/2025,164,s:40~l:54~t:164,Rutgers,Scarlet Knights,RUTG,ce0e2d,ffffff,home,59,TRUE,8,2,26,37,19,52,NA,16,76,16,21,11,16,5,1,0,42,5,12,42,0,17,17,161,s:40~l:54~t:161,Fairleigh Dickinson,Knights,72293c,28334a,49,15,24,14,NA,NA
401818640,2026,11/16/2025,120,s:40~l:54~t:120,Maryland,Terrapins,MD,ce1126,ffffff,home,84,TRUE,16,1,26,48,29,61,NA,13,94,17,18,18,13,10,0,0,43,9,21,39,0,16,16,163,s:40~l:54~t:163,Princeton,Tigers,000000,ff6000,68,21,38,18,NA,NA
401817576,2026,11/16/2025,2628,s:40~l:54~t:2628,TCU,Horned Frogs,TCU,4d1979,ffffff,away,69,TRUE,11,5,33,43,26,61,NA,13,83,10,12,16,12,6,0,0,33,7,21,45,0,13,13,152,s:40~l:54~t:152,NC State,Wolfpack,cc0000,ffffff,59,6,34,11,NA,NA
401817576,2026,11/16/2025,152,s:40~l:54~t:152,NC State,Wolfpack,NCSU,cc0000,ffffff,home,59,FALSE,11,4,25,33,23,69,NA,11,54,7,13,5,16,7,0,0,32,6,19,41,0,9,9,2628,s:40~l:54~t:2628,TCU,Horned Frogs,4d1979,ffffff,69,13,26,13,NA,NA
401827225,2026,11/16/2025,155,s:40~l:54~t:155,North Dakota,Fighting Hawks,UND,00A26B,c2c3c0,away,46,FALSE,7,4,42,27,14,52,NA,10,81,13,16,1,7,6,0,0,19,5,27,49,0,27,27,2198,s:40~l:54~t:2198,Eastern Kentucky,Colonels,660819,f0f0f0,57,4,16,16,NA,NA
401826609,2026,11/16/2025,295,s:40~l:54~t:295,Old Dominion,Monarchs,ODU,003768,a1d2f1,away,56,TRUE,9,2,28,27,18,67,NA,20,71,12,17,9,21,8,0,0,40,8,20,49,0,21,21,2729,s:40~l:54~t:2729,William & Mary,Tribe,115740,f0b323,53,9,14,14,NA,NA
401825795,2026,11/16/2025,314,s:40~l:54~t:314,Iona,Gaels,IONA,6f2c3e,f0ab00,away,52,FALSE,7,0,22,44,22,50,NA,12,43,3,7,4,7,3,2,0,50,5,10,29,0,20,20,2166,s:40~l:54~t:2166,Davidson,Wildcats,000000,e51837,82,0,24,3,NA,NA
401822148,2026,11/16/2025,2943,s:40~l:54~t:2943,New England College,Pilgrims,NEC,000000,NA,away,29,FALSE,5,0,21,28,11,39,NA,7,63,5,8,0,7,8,3,0,20,2,10,28,0,38,38,160,s:40~l:54~t:160,New Hampshire,Wildcats,004990,c3c4c6,76,0,16,9,NA,NA
401820136,2026,11/16/2025,2168,s:40~l:54~t:2168,Dayton,Flyers,DAY,004B8D,ffffff,home,66,FALSE,11,2,29,40,21,52,NA,14,91,21,23,0,13,4,0,0,17,3,18,42,0,24,24,2057,s:40~l:54~t:2057,Belmont,Bruins,182142,c9262d,72,2,34,10,NA,NA
401818649,2026,11/16/2025,158,s:40~l:54~t:158,Nebraska,Cornhuskers,NEB,e31937,ffffff,home,82,TRUE,19,4,21,60,33,55,NA,21,77,10,13,17,8,6,0,0,40,6,15,29,0,17,17,2449,s:40~l:54~t:2449,North Dakota State,Bison,01402A,ffffff,70,8,52,22,NA,NA
401818518,2026,11/16/2025,57,s:40~l:54~t:57,Florida,Gators,FLA,0021a5,fa4616,away,54,FALSE,9,4,20,29,19,66,NA,23,58,11,19,3,17,9,0,0,19,5,26,37,0,13,13,2426,s:40~l:54~t:2426,Navy,Midshipmen,00225b,b5a67c,69,8,22,14,NA,NA
401818518,2026,11/16/2025,2426,s:40~l:54~t:2426,Navy,Midshipmen,NAVY,00225b,b5a67c,home,69,TRUE,16,1,35,47,24,51,NA,21,58,11,19,18,12,4,3,0,45,10,22,47,0,22,22,57,s:40~l:54~t:57,Florida,Gators,0021a5,fa4616,54,0,24,21,NA,NA
401813933,2026,11/16/2025,107,s:40~l:54~t:107,Holy Cross,Crusaders,HC,582c83,ffffff,away,77,FALSE,19,3,32,42,29,69,NA,13,64,14,22,2,10,10,1,0,25,5,20,42,0,12,12,2368,s:40~l:54~t:2368,Marist,Red Foxes,e53730,f0f0f0,78,17,34,20,NA,NA
401813933,2026,11/16/2025,2368,s:40~l:54~t:2368,Marist,Red Foxes,MRST,e53730,f0f0f0,home,78,TRUE,13,3,33,45,28,62,NA,21,92,12,13,10,2,7,1,0,48,10,21,35,0,16,16,107,s:40~l:54~t:107,Holy Cross,Crusaders,582c83,ffffff,77,2,20,11,NA,NA
401817384,2026,11/16/2025,194,s:40~l:54~t:194,Ohio State,Buckeyes,OSU,ba0c2f,a8adb4,away,68,FALSE,7,6,22,46,27,59,NA,14,67,6,9,4,9,6,0,0,32,8,25,31,0,24,24,41,s:40~l:54~t:41,UConn,Huskies,0c2340,a2aaad,100,12,28,13,NA,NA
401817384,2026,11/16/2025,41,s:40~l:54~t:41,UConn,Huskies,CONN,0c2340,a2aaad,home,100,TRUE,30,6,26,52,39,75,NA,19,91,10,11,35,14,14,0,0,44,12,27,40,0,13,13,194,s:40~l:54~t:194,Ohio State,Buckeyes,ba0c2f,a8adb4,68,27,54,37,NA,NA
401829300,2026,11/16/2025,2132,s:40~l:54~t:2132,Cincinnati,Bearcats,CIN,000000,e00122,home,100,TRUE,25,9,35,52,40,77,NA,14,63,12,19,39,18,7,0,0,44,8,18,53,0,13,13,2245,s:40~l:54~t:2245,Georgetown College (KY),Tigers,000000,NA,61,16,58,25,NA,NA
401813875,2026,11/16/2025,172,s:40~l:54~t:172,Cornell,Big Red,COR,b31b1b,ffffff,away,62,TRUE,11,0,17,52,22,42,NA,12,88,15,17,15,5,11,3,0,25,3,12,22,0,18,18,2099,s:40~l:54~t:2099,Canisius,Golden Griffins,004a81,dda50f,50,12,34,24,NA,NA
401813875,2026,11/16/2025,2099,s:40~l:54~t:2099,Canisius,Golden Griffins,CAN,004a81,dda50f,home,50,FALSE,11,2,14,47,19,40,NA,20,100,7,7,3,3,6,0,0,28,5,18,17,0,22,22,172,s:40~l:54~t:172,Cornell,Big Red,b31b1b,ffffff,62,6,28,16,NA,NA
401811126,2026,11/15/2025,2579,s:40~l:54~t:2579,South Carolina,Gamecocks,SC,73000a,000000,away,69,TRUE,16,7,35,41,29,71,NA,14,58,7,12,17,21,7,0,0,40,4,10,56,0,17,17,30,s:40~l:54~t:30,USC,Trojans,9d2235,ffc72c,52,11,44,16,NA,NA
401822198,2026,11/15/2025,58,s:40~l:54~t:58,South Florida,Bulls,USF,006747,cfc493,away,61,FALSE,11,0,13,37,21,57,NA,18,81,13,16,0,11,3,0,0,33,6,18,24,0,8,8,26,s:40~l:54~t:26,UCLA,Bruins,2774ae,f2a900,94,2,18,12,NA,NA
401822198,2026,11/15/2025,26,s:40~l:54~t:26,UCLA,Bruins,UCLA,2774ae,f2a900,home,94,TRUE,23,6,25,61,36,59,NA,17,89,16,18,37,12,6,0,0,35,6,17,37,0,10,10,58,s:40~l:54~t:58,South Florida,Bulls,006747,cfc493,61,14,56,12,NA,NA
401824077,2026,11/15/2025,108,s:40~l:54~t:108,Harvard,Crimson,HARV,990000,dbdbdb,away,93,TRUE,20,5,20,50,29,58,NA,24,76,19,25,40,12,11,0,0,57,16,28,32,0,13,13,2473,s:40~l:54~t:2473,Oakland,Golden Grizzlies,04091c,bc955c,55,9,24,35,NA,NA
401824077,2026,11/15/2025,2473,s:40~l:54~t:2473,Oakland,Golden Grizzlies,OAK,04091c,bc955c,home,55,FALSE,6,4,19,37,19,52,NA,18,73,16,22,1,15,3,3,0,9,1,11,34,0,23,23,108,s:40~l:54~t:108,Harvard,Crimson,990000,dbdbdb,93,6,34,10,NA,NA
401825777,2026,11/15/2025,149,s:40~l:54~t:149,Montana,Lady Griz,MONT,751D4A,666666,away,71,FALSE,15,0,14,41,26,63,NA,17,60,3,5,0,6,12,0,0,41,16,39,20,0,16,16,2571,s:40~l:54~t:2571,South Dakota State,Jackrabbits,0033a0,ffd100,95,4,16,20,NA,NA
401825777,2026,11/15/2025,2571,s:40~l:54~t:2571,South Dakota State,Jackrabbits,SDST,0033a0,ffd100,home,95,TRUE,23,3,32,56,37,66,NA,10,61,11,18,25,17,6,0,0,36,10,28,49,0,17,17,149,s:40~l:54~t:149,Montana,Lady Griz,751D4A,666666,71,2,48,21,NA,NA
401822827,2026,11/15/2025,139,s:40~l:54~t:139,Saint Louis,Billikens,SLU,00539C,ebebeb,away,88,FALSE,15,5,30,46,35,76,NA,38,86,12,14,3,13,6,0,1,38,6,16,43,1,17,17,93,s:40~l:54~t:93,Murray State,Racers,002148,000e00,96,11,40,14,NA,NA
401822827,2026,11/15/2025,93,s:40~l:54~t:93,Murray State,Racers,MUR,002148,000e00,home,96,TRUE,10,3,29,34,23,67,NA,17,88,44,50,12,17,7,1,0,24,6,25,46,0,13,13,139,s:40~l:54~t:139,Saint Louis,Billikens,00539C,ebebeb,88,29,24,21,NA,NA
401823194,2026,11/15/2025,257,s:40~l:54~t:257,Richmond,Spiders,RICH,9e0712,b90b2e,away,77,TRUE,18,5,25,46,25,54,NA,12,100,15,15,16,10,9,0,0,46,12,26,35,0,17,17,171,s:40~l:54~t:171,Columbia,Lions,7ba4db,183863,67,4,26,19,NA,NA
401817408,2026,11/15/2025,2305,s:40~l:54~t:2305,Kansas,Jayhawks,KU,0051ba,e8000d,away,82,TRUE,22,3,25,54,32,59,NA,17,80,12,15,13,6,6,1,0,50,6,12,31,0,10,10,142,s:40~l:54~t:142,Missouri,Tigers,f1b82d,000000,77,13,46,21,NA,NA
401825837,2026,11/15/2025,2464,s:40~l:54~t:2464,Northern Arizona,Lumberjacks,NAU,003976,1b3069,away,75,FALSE,14,1,24,39,21,54,NA,23,76,25,33,0,8,7,0,0,36,8,22,32,0,15,15,300,s:40~l:54~t:300,UC Irvine,Anteaters,002B5C,fec52e,90,6,18,10,NA,NA
401825837,2026,11/15/2025,300,s:40~l:54~t:300,UC Irvine,Anteaters,UCI,002B5C,fec52e,home,90,TRUE,18,1,27,38,28,73,NA,24,92,24,26,17,21,8,0,0,37,10,27,48,0,12,12,2464,s:40~l:54~t:2464,Northern Arizona,Lumberjacks,003976,1b3069,75,7,34,18,NA,NA
401819758,2026,11/15/2025,2217,s:40~l:54~t:2217,Fairfield,Stags,FAIR,000000,ebebeb,away,68,FALSE,14,3,26,48,23,48,NA,20,88,14,16,9,6,2,0,0,35,8,23,32,0,25,25,153,s:40~l:54~t:153,North Carolina,Tar Heels,7bafd4,13294b,82,3,30,5,NA,NA
401819758,2026,11/15/2025,153,s:40~l:54~t:153,North Carolina,Tar Heels,UNC,7bafd4,13294b,home,82,TRUE,14,1,20,42,28,67,NA,22,75,18,24,25,15,9,0,0,32,8,25,35,0,10,10,2217,s:40~l:54~t:2217,Fairfield,Stags,000000,ebebeb,68,9,40,24,NA,NA
401825045,2026,11/15/2025,2429,s:40~l:54~t:2429,Charlotte,49ers,CLT,005035,a49665,away,44,FALSE,12,3,24,32,18,56,NA,18,50,6,12,7,9,10,1,0,29,2,7,33,0,17,17,25,s:40~l:54~t:25,California,Golden Bears,041e42,ffc72c,69,5,24,18,0,0
401825045,2026,11/15/2025,25,s:40~l:54~t:25,California,Golden Bears,CAL,041e42,ffc72c,home,69,TRUE,20,3,33,43,24,56,NA,17,82,9,11,25,8,7,1,0,44,12,27,41,0,17,17,2429,s:40~l:54~t:2429,Charlotte,49ers,005035,a49665,44,13,22,14,0,0
401824224,2026,11/15/2025,71,s:40~l:54~t:71,Bradley,Braves,BRAD,b70002,c0c0c0,away,67,FALSE,11,7,28,42,25,59,NA,26,68,13,19,4,10,5,0,0,27,4,15,38,0,24,24,85,s:40~l:54~t:85,IU Indianapolis,Jaguars,A81F30,d59f0f,75,10,40,11,NA,NA
401830621,2026,11/15/2025,112358,s:40~l:54~t:112358,Long Island University,Sharks,LIU,50c9f7,ffbf00,away,70,TRUE,6,2,30,36,16,44,NA,15,82,32,39,19,10,7,0,1,33,6,18,40,1,20,20,2169,s:40~l:54~t:2169,Delaware State,Hornets,009cdb,d51c28,56,8,20,16,NA,NA
401825005,2026,11/15/2025,399,s:40~l:54~t:399,UAlbany,Great Danes,UALB,3D2777,ffffff,away,52,FALSE,13,1,18,44,21,48,NA,22,100,3,3,5,5,7,1,0,50,7,14,23,0,17,17,227,s:40~l:54~t:227,Rhode Island,Rams,091f3f,5ab3e8,64,6,20,10,NA,NA
401829601,2026,11/15/2025,2253,s:40~l:54~t:2253,Grand Canyon,Lopes,GCU,522398,ffffff,away,70,FALSE,18,1,26,43,28,65,NA,14,71,10,14,3,12,5,0,0,29,4,14,38,0,14,14,2540,s:40~l:54~t:2540,UC Santa Barbara,Gauchos,1e1840,febc11,72,11,46,18,NA,NA
401829601,2026,11/15/2025,2540,s:40~l:54~t:2540,UC Santa Barbara,Gauchos,UCSB,1e1840,febc11,home,72,TRUE,15,7,26,50,27,54,NA,19,71,5,7,11,3,2,1,0,57,13,23,29,0,19,19,2253,s:40~l:54~t:2253,Grand Canyon,Lopes,522398,ffffff,70,11,24,10,NA,NA
401829363,2026,11/15/2025,79,s:40~l:54~t:79,Southern Illinois,Salukis,SIU,85283D,c2c3c0,away,60,FALSE,8,2,24,36,22,61,NA,19,63,12,19,0,12,6,0,0,22,4,18,36,0,18,18,2870,s:40~l:54~t:2870,Purdue Fort Wayne,Mastodons,cfb991,000000,85,2,26,8,NA,NA
401829363,2026,11/15/2025,2870,s:40~l:54~t:2870,Purdue Fort Wayne,Mastodons,PFW,cfb991,000000,home,85,TRUE,13,3,30,51,32,63,NA,20,65,13,20,29,10,10,1,0,36,8,22,40,0,15,15,79,s:40~l:54~t:79,Southern Illinois,Salukis,85283D,c2c3c0,60,8,46,19,NA,NA
401827838,2026,11/15/2025,47,s:40~l:54~t:47,Howard,Bison,HOW,003a63,e51937,away,56,TRUE,11,4,33,40,22,55,NA,11,56,9,16,10,11,10,0,0,25,3,12,44,0,17,17,2210,s:40~l:54~t:2210,Elon,Phoenix,020303,b59a57,46,4,28,18,0,0
401827838,2026,11/15/2025,2210,s:40~l:54~t:2210,Elon,Phoenix,ELON,020303,b59a57,home,46,FALSE,12,0,26,28,19,67,NA,20,50,3,6,1,16,7,1,0,18,5,28,42,0,18,18,47,s:40~l:54~t:47,Howard,Bison,003a63,e51937,56,2,26,11,0,0
401826642,2026,11/15/2025,2032,s:40~l:54~t:2032,Arkansas State,Red Wolves,ARST,cc092f,000000,home,76,TRUE,16,1,17,48,23,48,NA,26,62,21,34,14,9,19,1,0,39,9,23,26,0,27,27,2031,s:40~l:54~t:2031,Little Rock,Trojans,AD0000,898d8f,67,19,28,38,NA,NA
401823698,2026,11/15/2025,2520,s:40~l:54~t:2520,Rider,Broncs,RID,a80532,ebebeb,away,57,FALSE,12,0,19,42,22,53,NA,14,57,8,14,2,9,9,0,0,26,5,19,28,0,19,19,2803,s:40~l:54~t:2803,Bryant,Bulldogs,000000,9f8343,81,4,30,13,NA,NA
401813827,2026,11/15/2025,2363,s:40~l:54~t:2363,Manhattan,Jaspers,MAN,4f8537,b5b7ba,away,54,FALSE,13,3,32,37,19,52,NA,22,67,10,15,5,8,5,1,0,32,6,19,40,0,23,23,2005,s:40~l:54~t:2005,Air Force,Falcons,003594,ffffff,67,4,24,7,NA,NA
401812777,2026,11/15/2025,16,s:40~l:54~t:16,Sacramento State,Hornets,SAC,00573C,cdb97d,away,57,TRUE,10,1,22,36,22,61,NA,18,57,8,14,3,16,9,0,0,23,5,22,38,0,17,17,299,s:40~l:54~t:299,Long Beach State,Beach,000000,f1f2f3,54,2,30,16,NA,NA
401812777,2026,11/15/2025,299,s:40~l:54~t:299,Long Beach State,Beach,LBSU,000000,f1f2f3,home,54,FALSE,10,2,22,38,18,47,NA,19,73,16,22,12,8,10,0,0,20,2,10,30,0,18,18,16,s:40~l:54~t:16,Sacramento State,Hornets,00573C,cdb97d,57,0,24,19,NA,NA
401808050,2026,11/15/2025,253,s:40~l:54~t:253,Southern Utah,Thunderbirds,SUU,c72026,000000,away,72,FALSE,9,6,30,30,21,69,NA,20,75,21,28,8,20,3,1,0,39,9,23,50,0,10,10,70,s:40~l:54~t:70,Idaho,Vandals,000000,8c6e4a,76,2,24,12,NA,NA
401808050,2026,11/15/2025,70,s:40~l:54~t:70,Idaho,Vandals,IDHO,000000,8c6e4a,home,76,TRUE,13,7,31,43,27,63,NA,22,61,17,28,8,12,4,0,1,28,5,18,43,1,8,8,253,s:40~l:54~t:253,Southern Utah,Thunderbirds,c72026,000000,72,14,42,9,NA,NA
401825102,2026,11/15/2025,2724,s:40~l:54~t:2724,Wichita State,Shockers,WICH,ffcd00,27251f,home,57,FALSE,15,1,19,41,24,59,NA,21,80,4,5,5,12,8,0,0,28,5,18,31,0,23,23,2623,s:40~l:54~t:2623,Missouri State,Lady Bears,5e0009,ffffff,66,8,28,18,NA,NA
401825022,2026,11/15/2025,130,s:40~l:54~t:130,Michigan,Wolverines,MICH,00274c,ffcb05,away,93,TRUE,17,1,34,50,33,66,NA,20,73,19,26,40,16,11,1,0,38,8,21,50,0,19,19,87,s:40~l:54~t:87,Notre Dame,Fighting Irish,062340,c99700,54,18,50,22,NA,NA
401825022,2026,11/15/2025,87,s:40~l:54~t:87,Notre Dame,Fighting Irish,ND,062340,c99700,home,54,FALSE,7,2,17,28,17,60,NA,22,78,18,23,0,11,12,0,0,9,2,22,28,0,18,18,130,s:40~l:54~t:130,Michigan,Wolverines,00274c,ffcb05,93,11,26,18,NA,NA
401822220,2026,11/15/2025,254,s:40~l:54~t:254,Utah,Utes,UTAH,be0000,ffffff,home,61,FALSE,11,1,26,42,22,53,NA,13,80,12,15,9,5,4,0,1,29,5,17,31,1,16,16,264,s:40~l:54~t:264,Washington,Huskies,33006f,e8d3a2,72,0,30,8,NA,NA
401831185,2026,11/15/2025,50,s:40~l:54~t:50,Florida A&M,Rattlers,FAMU,F89728,00843d,home,57,FALSE,10,0,22,35,22,63,NA,19,52,12,23,2,18,4,1,0,8,1,12,40,0,12,12,2535,s:40~l:54~t:2535,Samford,Bulldogs,005485,bc0023,77,7,24,9,NA,NA
401829508,2026,11/15/2025,13,s:40~l:54~t:13,Cal Poly,Mustangs,CP,1E4D2B,eed897,away,73,FALSE,13,4,25,44,28,63,NA,12,70,14,20,8,11,9,1,0,19,3,16,36,0,16,16,2547,s:40~l:54~t:2547,Seattle U,Redhawks,BF2E1A,c2c3c0,75,3,44,15,NA,NA
401829508,2026,11/15/2025,2547,s:40~l:54~t:2547,Seattle U,Redhawks,SEA,BF2E1A,c2c3c0,home,75,TRUE,16,4,27,46,31,67,NA,15,67,6,9,7,11,12,0,0,33,7,21,38,0,16,16,13,s:40~l:54~t:13,Cal Poly,Mustangs,1E4D2B,eed897,73,10,46,19,NA,NA
401827895,2026,11/15/2025,252,s:40~l:54~t:252,BYU,Cougars,BYU,0047ba,002e5d,home,63,TRUE,15,6,33,41,24,58,NA,16,50,9,18,23,13,14,0,0,26,6,23,46,0,21,21,278,s:40~l:54~t:278,Fresno State,Bulldogs,b1102b,13284c,43,16,34,15,NA,NA
401822255,2026,11/15/2025,2934,s:40~l:54~t:2934,Cal State Bakersfield,Roadrunners,CSUB,003BAB,NA,away,48,FALSE,7,3,24,29,14,49,NA,27,57,16,28,1,8,6,1,0,27,4,15,32,0,20,20,21,s:40~l:54~t:21,San Diego State,Aztecs,a6192e,000000,78,5,16,3,NA,NA
401822255,2026,11/15/2025,21,s:40~l:54~t:21,San Diego State,Aztecs,SDSU,a6192e,000000,home,78,TRUE,12,4,32,41,25,61,NA,25,74,20,27,32,15,7,1,0,27,8,30,47,0,16,16,2934,s:40~l:54~t:2934,Cal State Bakersfield,Roadrunners,003BAB,NA,48,10,28,25,NA,NA
401817303,2026,11/15/2025,2193,s:40~l:54~t:2193,East Tennessee State,Bucs,ETSU,002d61,ffc423,home,69,TRUE,10,3,30,39,26,66,NA,14,63,10,16,38,16,18,0,0,33,7,21,46,0,12,12,2133,s:40~l:54~t:2133,Claflin,Panthers,000000,NA,31,24,32,27,NA,NA
401825814,2026,11/15/2025,104,s:40~l:54~t:104,Boston University,Terriers,BU,cc0000,ffffff,away,65,TRUE,19,2,24,46,22,48,NA,11,74,14,19,14,8,7,2,0,64,7,11,32,0,14,14,2441,s:40~l:54~t:2441,New Haven,Chargers,041e42,ffc425,58,11,30,14,NA,NA
401828572,2026,11/15/2025,2771,s:40~l:54~t:2771,Merrimack,Warriors,MRMK,2f4f93,e8c535,home,83,TRUE,20,3,18,46,32,69,NA,14,69,11,16,20,15,14,0,0,33,8,24,33,0,13,13,111,s:40~l:54~t:111,Northeastern,Huskies,CC0001,c2c3c0,65,15,48,27,NA,NA
401825071,2026,11/15/2025,2393,s:40~l:54~t:2393,Middle Tennessee,Blue Raiders,MTSU,036eb7,ffffff,away,59,FALSE,11,1,23,48,23,48,NA,14,80,8,10,5,4,6,0,0,42,5,12,27,0,16,16,242,s:40~l:54~t:242,Rice,Owls,00205b,c1c6c8,66,0,32,9,0,0
401819744,2026,11/15/2025,324,s:40~l:54~t:324,Coastal Carolina,Chanticleers,CCU,006f71,a27752,away,59,FALSE,13,2,28,47,23,49,NA,22,42,8,19,0,5,5,1,0,42,5,12,33,0,27,27,259,s:40~l:54~t:259,Virginia Tech,Hokies,6a2c3e,cf4520,82,0,34,6,NA,NA
401819744,2026,11/15/2025,259,s:40~l:54~t:259,Virginia Tech,Hokies,VT,6a2c3e,cf4520,home,82,TRUE,21,6,21,41,27,66,NA,21,86,19,22,26,11,8,0,0,31,9,29,32,0,17,17,324,s:40~l:54~t:324,Coastal Carolina,Chanticleers,006f71,a27752,59,9,30,31,NA,NA
401818580,2026,11/15/2025,276,s:40~l:54~t:276,Marshall,Thundering Herd,MRSH,00b140,000000,home,44,FALSE,3,4,17,28,14,50,NA,24,59,13,22,0,11,15,2,0,19,3,16,28,0,18,18,96,s:40~l:54~t:96,Kentucky,Wildcats,0033a0,ffffff,76,12,20,17,NA,NA
401827184,2026,11/15/2025,2437,s:40~l:54~t:2437,Omaha,Mavericks,OMA,e3193e,474648,away,69,FALSE,12,1,22,44,24,54,NA,16,67,12,18,9,8,5,1,0,39,9,23,30,0,16,16,328,s:40~l:54~t:328,Utah State,Aggies,0f2439,ffffff,77,2,24,13,NA,NA
401825805,2026,11/15/2025,219,s:40~l:54~t:219,Pennsylvania,Quakers,PENN,082A74,a6163d,away,67,TRUE,14,2,20,40,21,53,NA,8,88,15,17,13,12,8,1,1,42,10,24,32,1,14,14,2275,s:40~l:54~t:2275,Hofstra,Pride,003594,ffc72c,55,2,20,16,NA,NA
401825805,2026,11/15/2025,2275,s:40~l:54~t:2275,Hofstra,Pride,HOF,003594,ffc72c,home,55,FALSE,12,2,21,44,21,48,NA,19,67,4,6,7,7,4,1,1,38,9,24,28,1,18,18,219,s:40~l:54~t:219,Pennsylvania,Quakers,082A74,a6163d,67,0,14,13,NA,NA
401825036,2026,11/15/2025,2329,s:40~l:54~t:2329,Lehigh,Mountain Hawks,LEH,6c2b2a,b69e70,home,49,FALSE,11,1,23,38,19,50,NA,13,75,9,12,6,8,8,1,0,13,2,16,31,0,18,18,261,s:40~l:54~t:261,Vermont,Catamounts,154734,ffc72c,59,4,34,11,NA,NA
401823715,2026,11/15/2025,2349,s:40~l:54~t:2349,UMass Lowell,River Hawks,UML,000000,cf1f2f,away,70,TRUE,11,5,32,40,20,50,NA,17,71,20,28,16,10,9,0,1,40,10,25,42,1,23,23,2115,s:40~l:54~t:2115,Central Connecticut,Blue Devils,1B49A2,d1d5d8,54,11,14,21,NA,NA
401823715,2026,11/15/2025,2115,s:40~l:54~t:2115,Central Connecticut,Blue Devils,CCSU,1B49A2,d1d5d8,home,54,FALSE,11,3,24,28,19,68,NA,20,83,10,12,3,18,16,0,1,26,6,23,42,1,23,23,2349,s:40~l:54~t:2349,UMass Lowell,River Hawks,000000,cf1f2f,70,6,14,19,NA,NA
401817542,2026,11/15/2025,2507,s:40~l:54~t:2507,Providence,Friars,PROV,000000,a3a19e,home,70,TRUE,15,5,25,48,26,54,NA,17,60,12,20,13,12,8,1,0,35,6,17,37,0,22,22,103,s:40~l:54~t:103,Boston College,Eagles,8c2232,dbcca6,61,6,34,16,NA,NA
401824180,2026,11/14/2025,239,s:40~l:54~t:239,Baylor,Bears,BAY,154734,ffb81c,away,62,TRUE,13,11,32,41,24,58,NA,15,90,9,10,8,9,5,0,0,29,5,17,41,0,15,15,2439,s:40~l:54~t:2439,UNLV,Lady Rebels,cf0a2c,cac8c8,54,12,32,14,NA,NA
401824180,2026,11/14/2025,2439,s:40~l:54~t:2439,UNLV,Lady Rebels,UNLV,cf0a2c,cac8c8,home,54,FALSE,12,0,25,32,21,65,NA,12,64,7,11,8,13,9,2,0,23,5,22,38,0,14,14,239,s:40~l:54~t:239,Baylor,Bears,154734,ffb81c,62,8,32,14,NA,NA
401827571,2026,11/14/2025,27,s:40~l:54~t:27,UC Riverside,Highlanders,UCR,14234F,NA,home,41,FALSE,6,1,22,35,17,49,NA,11,50,5,10,3,9,9,1,0,9,2,22,31,0,23,23,2608,s:40~l:54~t:2608,Saint Mary's,Gaels,d80024,003057,51,2,24,15,NA,NA
401822815,2026,11/14/2025,2539,s:40~l:54~t:2539,San Francisco,Dons,SF,005a36,ffffff,home,66,FALSE,13,1,24,42,25,60,NA,27,69,9,13,2,9,11,0,0,32,7,22,33,0,28,28,2550,s:40~l:54~t:2550,Seton Hall,Pirates,0857B1,8a8d8f,80,25,34,20,NA,NA
401818618,2026,11/14/2025,356,s:40~l:54~t:356,Illinois,Fighting Illini,ILL,ff5f05,13294b,away,59,FALSE,10,0,17,34,20,59,NA,15,69,11,16,6,14,4,0,0,42,8,19,31,0,11,11,204,s:40~l:54~t:204,Oregon State,Beavers,dc4405,000000,64,7,12,14,NA,NA
401818618,2026,11/14/2025,204,s:40~l:54~t:204,Oregon State,Beavers,ORST,dc4405,000000,home,64,TRUE,13,3,25,52,25,48,NA,16,83,10,12,9,5,7,0,0,40,4,10,30,0,11,11,356,s:40~l:54~t:356,Illinois,Fighting Illini,ff5f05,13294b,59,5,34,7,NA,NA
401826691,2026,11/14/2025,68,s:40~l:54~t:68,Boise State,Broncos,BOIS,0033a0,d64309,home,91,TRUE,17,5,22,54,32,59,NA,15,84,16,19,21,11,12,0,0,61,11,18,33,0,16,16,302,s:40~l:54~t:302,UC Davis,Aggies,002855,c3c4c6,77,12,28,26,NA,NA
401826960,2026,11/14/2025,2900,s:40~l:54~t:2900,St. Thomas-Minnesota,Tommies,STMN,000000,NA,home,41,FALSE,4,0,28,33,15,45,NA,19,77,10,13,7,5,8,2,1,8,1,13,33,1,24,24,2199,s:40~l:54~t:2199,Eastern Michigan,Eagles,006938,ffffff,52,0,26,4,NA,NA
401825961,2026,11/14/2025,2172,s:40~l:54~t:2172,Denver,Pioneers,DEN,98002e,a8996e,away,56,TRUE,7,0,21,43,21,49,NA,15,67,10,15,10,7,11,2,0,20,4,20,28,0,20,20,2458,s:40~l:54~t:2458,Northern Colorado,Bears,13558D,ffc533,53,7,28,18,NA,NA
401825928,2026,11/14/2025,2492,s:40~l:54~t:2492,Pepperdine,Waves,PEPP,003A72,dc762f,away,56,FALSE,13,2,21,35,18,51,NA,15,59,13,22,0,13,5,0,0,30,7,23,34,0,31,31,3084,s:40~l:54~t:3084,Utah Valley,Wolverines,004812,e1c736,85,4,20,7,NA,NA
401824972,2026,11/14/2025,495,s:40~l:54~t:495,Bluefield,Ramblin' Rams,BLU,000000,NA,away,31,FALSE,8,5,21,29,14,48,NA,23,50,1,2,0,9,7,5,0,15,2,13,30,0,51,51,2344,s:40~l:54~t:2344,Longwood,Lancers,003273,9ea2a3,128,2,20,7,NA,NA
401827751,2026,11/14/2025,282,s:40~l:54~t:282,Indiana State,Sycamores,INST,00669a,f0f0f0,away,65,TRUE,17,2,31,38,24,63,NA,12,50,6,12,7,15,6,1,0,37,11,30,46,0,18,18,98,s:40~l:54~t:98,Western Kentucky,Lady Toppers,e13a3e,ffffff,60,8,24,13,NA,NA
401827751,2026,11/14/2025,98,s:40~l:54~t:98,Western Kentucky,Lady Toppers,WKU,e13a3e,ffffff,home,60,FALSE,14,6,25,39,24,61,NA,16,91,10,11,9,7,9,1,0,15,2,13,32,0,14,14,282,s:40~l:54~t:282,Indiana State,Sycamores,00669a,f0f0f0,65,14,36,16,NA,NA
401826622,2026,11/14/2025,309,s:40~l:54~t:309,Louisiana,Ragin' Cajuns,UL,ce181e,000000,away,64,FALSE,7,2,26,34,25,73,NA,22,71,10,14,3,22,15,2,1,31,4,13,48,1,20,20,2447,s:40~l:54~t:2447,Nicholls,Colonels,C41230,f0f0f0,66,12,30,22,NA,NA
401826622,2026,11/14/2025,2447,s:40~l:54~t:2447,Nicholls,Colonels,NICH,C41230,f0f0f0,home,66,TRUE,11,7,29,42,22,53,NA,16,58,15,26,13,9,8,0,0,32,7,22,38,0,23,23,309,s:40~l:54~t:309,Louisiana,Ragin' Cajuns,ce181e,000000,64,9,28,20,NA,NA
401818659,2026,11/14/2025,2379,s:40~l:54~t:2379,Maryland Eastern Shore,Hawks,UMES,5c2301,b5b7ba,away,54,FALSE,12,1,20,40,22,55,NA,25,58,7,12,3,13,8,0,0,23,3,13,33,0,18,18,77,s:40~l:54~t:77,Northwestern,Wildcats,492f92,ffffff,69,4,28,20,NA,NA
401813197,2026,11/14/2025,189,s:40~l:54~t:189,Bowling Green,Falcons,BGSU,fd5000,4f2c1d,away,55,FALSE,8,4,21,32,19,60,NA,16,67,12,18,1,11,5,1,0,21,5,24,32,0,16,16,269,s:40~l:54~t:269,Marquette,Golden Eagles,003366,ffcc00,71,14,26,14,NA,NA
401813197,2026,11/14/2025,269,s:40~l:54~t:269,Marquette,Golden Eagles,MARQ,003366,ffcc00,home,71,TRUE,24,9,30,57,29,51,NA,18,64,7,11,22,3,10,2,0,40,6,15,33,0,17,17,189,s:40~l:54~t:189,Bowling Green,Falcons,fd5000,4f2c1d,55,16,36,20,NA,NA
401817559,2026,11/14/2025,277,s:40~l:54~t:277,West Virginia,Mountaineers,WVU,eaaa00,002855,home,57,TRUE,11,2,31,36,17,47,NA,14,77,20,26,15,5,8,2,0,20,3,15,36,0,17,17,150,s:40~l:54~t:150,Duke,Blue Devils,00539b,ffffff,49,4,18,12,NA,NA
401863473,2026,11/14/2025,2433,s:40~l:54~t:2433,UL Monroe,Warhawks,ULM,840029,fdb913,home,81,TRUE,21,2,34,33,30,90,NA,5,92,12,13,50,28,20,0,0,21,9,42,62,0,5,5,3079,s:40~l:54~t:3079,Central Baptist,Mustangs,000000,NA,31,18,42,33,0,90
401824915,2026,11/14/2025,46,s:40~l:54~t:46,Georgetown,Hoyas,GTWN,110E42,001c58,away,54,FALSE,11,3,38,38,23,60,NA,15,67,6,9,14,14,3,1,0,14,2,14,52,0,23,23,2244,s:40~l:54~t:2244,George Mason,Patriots,016600,ecb010,61,5,36,6,NA,NA
401824915,2026,11/14/2025,2244,s:40~l:54~t:2244,George Mason,Patriots,GMU,016600,ecb010,home,61,TRUE,10,4,24,36,26,73,NA,14,60,6,10,7,11,10,2,0,17,3,18,35,0,8,8,46,s:40~l:54~t:46,Georgetown,Hoyas,110E42,001c58,54,8,30,17,NA,NA
401824328,2026,11/14/2025,2637,s:40~l:54~t:2637,Texas College,Steers,TXCL,000000,NA,away,63,FALSE,8,2,17,42,25,59,NA,26,42,10,24,3,6,13,3,0,20,3,15,23,0,18,18,2504,s:40~l:54~t:2504,Prairie View A&M,Lady Panthers,582c83,eaaa00,74,11,34,18,NA,NA
401824328,2026,11/14/2025,2504,s:40~l:54~t:2504,Prairie View A&M,Lady Panthers,PV,582c83,eaaa00,home,74,TRUE,15,1,32,42,22,52,NA,19,61,22,36,11,14,9,1,0,35,8,23,46,0,26,26,2637,s:40~l:54~t:2637,Texas College,Steers,000000,NA,63,19,26,18,NA,NA
401822137,2026,11/14/2025,311,s:40~l:54~t:311,Maine,Black Bears,ME,127dbe,NA,away,77,FALSE,17,2,18,47,31,66,NA,21,100,4,4,12,16,5,0,0,37,11,30,34,0,19,19,2670,s:40~l:54~t:2670,VCU,Rams,ffaf00,000000,81,4,36,22,NA,NA
401822137,2026,11/14/2025,2670,s:40~l:54~t:2670,VCU,Rams,VCU,ffaf00,000000,home,81,TRUE,14,2,19,48,29,61,NA,13,80,16,20,12,15,6,0,0,37,7,19,34,0,17,17,311,s:40~l:54~t:311,Maine,Black Bears,127dbe,NA,77,2,30,22,NA,NA
401819606,2026,11/14/2025,24,s:40~l:54~t:24,Stanford,Cardinal,STAN,8c1515,ffffff,away,54,TRUE,11,3,28,41,22,54,NA,15,80,8,10,13,9,9,0,0,11,2,18,37,0,15,15,265,s:40~l:54~t:265,Washington State,Cougars,a60f2d,4d4d4d,46,9,36,18,NA,NA
401822237,2026,11/14/2025,2309,s:40~l:54~t:2309,Kent State,Golden Flashes,KENT,002664,eaab00,away,68,TRUE,11,0,21,41,20,49,NA,18,77,23,30,9,17,9,0,0,29,5,17,38,0,21,21,2752,s:40~l:54~t:2752,Xavier,Musketeers,21304e,a5a7a8,60,13,22,17,0,0
401822237,2026,11/14/2025,2752,s:40~l:54~t:2752,Xavier,Musketeers,XAV,21304e,a5a7a8,home,60,FALSE,15,3,15,45,25,55,NA,29,50,4,8,8,10,7,1,0,25,6,24,25,0,21,21,2309,s:40~l:54~t:2309,Kent State,Golden Flashes,002664,eaab00,68,9,34,26,0,0
401807986,2026,11/14/2025,2617,s:40~l:54~t:2617,Stephen F. Austin,Ladyjacks,SFA,393996,bec0c2,home,77,TRUE,21,4,26,49,30,61,NA,24,41,7,17,13,6,10,1,0,38,10,26,32,0,19,19,2000,s:40~l:54~t:2000,Abilene Christian,Wildcats,592d82,b1b3b3,76,13,38,16,NA,NA
401825193,2026,11/14/2025,2506,s:40~l:54~t:2506,Presbyterian,Blue Hose,PRES,194896,990134,home,53,FALSE,7,1,21,32,19,60,NA,20,75,12,16,7,16,9,2,0,16,3,19,37,0,19,19,2430,s:40~l:54~t:2430,UNC Greensboro,Spartans,003559,ffd90a,57,13,30,14,NA,NA
401823706,2026,11/14/2025,135,s:40~l:54~t:135,Minnesota,Golden Gophers,MINN,5e0a2f,fab41c,home,88,TRUE,25,2,29,53,36,68,NA,13,53,10,19,49,15,16,0,0,33,6,18,44,0,8,8,2885,s:40~l:54~t:2885,NJIT,Highlanders,EE3024,df3e2e,39,22,52,26,NA,NA
401823237,2026,11/14/2025,172,s:40~l:54~t:172,Cornell,Big Red,COR,b31b1b,ffffff,away,53,TRUE,14,0,27,47,20,43,NA,13,62,8,13,12,8,3,1,0,38,5,13,35,0,19,19,2385,s:40~l:54~t:2385,Mercyhurst,Lakers,000000,NA,49,1,22,12,NA,NA
401823237,2026,11/14/2025,2385,s:40~l:54~t:2385,Mercyhurst,Lakers,MERC,000000,NA,home,49,FALSE,17,1,18,33,19,57,NA,17,75,3,4,3,10,5,0,0,31,8,26,28,0,13,13,172,s:40~l:54~t:172,Cornell,Big Red,b31b1b,ffffff,53,2,18,20,NA,NA
401813874,2026,11/14/2025,2099,s:40~l:54~t:2099,Canisius,Golden Griffins,CAN,004a81,dda50f,away,61,FALSE,15,1,25,45,22,49,NA,17,69,9,13,9,7,2,1,0,47,8,17,32,0,18,18,179,s:40~l:54~t:179,St. Bonaventure,Bonnies,70261D,NA,66,5,24,7,NA,NA
401813874,2026,11/14/2025,179,s:40~l:54~t:179,St. Bonaventure,Bonnies,SBU,70261D,NA,home,66,TRUE,10,2,21,46,27,59,NA,19,64,9,14,8,8,6,0,0,20,3,15,29,0,9,9,2099,s:40~l:54~t:2099,Canisius,Golden Griffins,004a81,dda50f,61,7,32,16,NA,NA
401825774,2026,11/14/2025,314,s:40~l:54~t:314,Iona,Gaels,IONA,6f2c3e,f0ab00,away,44,FALSE,10,2,26,29,18,62,NA,17,71,5,7,0,10,6,0,0,17,3,18,36,0,13,13,232,s:40~l:54~t:232,Charleston,Cougars,7a2531,9e8959,75,4,24,9,NA,NA
401833948,2026,11/14/2025,2466,s:40~l:54~t:2466,Northwestern State,Lady Demons,NWST,492F91,ed6118,home,108,TRUE,31,6,28,56,40,72,NA,5,59,10,17,78,15,14,0,0,46,18,39,43,0,12,12,3120,s:40~l:54~t:3120,Ecclesia,Royals,NA,NA,30,18,40,45,NA,NA
401817394,2026,11/14/2025,2599,s:40~l:54~t:2599,St. John's,Red Storm,SJU,d10000,101010,home,88,TRUE,22,4,18,58,35,60,NA,16,56,10,18,32,12,9,0,0,36,8,22,30,0,13,13,43,s:40~l:54~t:43,Yale,Bulldogs,004a81,286dc0,60,6,50,28,NA,NA
401820056,2026,11/14/2025,2454,s:40~l:54~t:2454,North Florida,Ospreys,UNF,004B8D,babcbe,away,46,FALSE,9,4,19,33,18,55,NA,18,53,8,15,2,9,7,1,0,11,2,19,28,0,20,20,6,s:40~l:54~t:6,South Alabama,Jaguars,00205b,bf0d3e,83,7,32,17,NA,NA
401825132,2026,11/14/2025,2453,s:40~l:54~t:2453,North Alabama,Lions,UNA,000000,NA,away,61,FALSE,13,4,28,32,22,68,NA,20,64,9,14,3,12,5,1,0,26,8,31,40,0,18,18,201,s:40~l:54~t:201,Oklahoma,Sooners,990000,ffffff,89,2,14,7,NA,NA
401825132,2026,11/14/2025,201,s:40~l:54~t:201,Oklahoma,Sooners,OU,990000,ffffff,home,89,TRUE,18,5,35,39,29,75,NA,16,82,23,28,36,18,10,0,0,28,8,29,53,0,9,9,2453,s:40~l:54~t:2453,North Alabama,Lions,000000,NA,61,11,32,15,NA,NA
401824990,2026,11/14/2025,2325,s:40~l:54~t:2325,La Salle,Explorers,LAS,003356,ffce00,away,54,FALSE,12,11,23,32,21,65,NA,17,73,11,15,2,11,13,1,0,7,1,15,34,0,17,17,218,s:40~l:54~t:218,Temple,Owls,a41e35,ffffff,75,6,38,18,NA,NA
401829312,2026,11/13/2025,62,s:40~l:54~t:62,Hawai'i,Rainbow Wahine,HAW,005737,000000,home,46,TRUE,7,5,34,31,19,61,NA,15,64,7,11,6,22,10,0,0,4,1,26,56,0,30,30,2606,s:40~l:54~t:2606,Saint Martin's,Saints,000000,NA,41,5,34,15,NA,NA
401819775,2026,11/13/2025,153,s:40~l:54~t:153,North Carolina,Tar Heels,UNC,7bafd4,13294b,away,60,FALSE,14,4,18,35,24,69,NA,9,60,3,5,6,12,5,2,0,27,9,33,30,0,9,9,26,s:40~l:54~t:26,UCLA,Bruins,2774ae,f2a900,78,8,22,11,NA,NA
401819775,2026,11/13/2025,26,s:40~l:54~t:26,UCLA,Bruins,UCLA,2774ae,f2a900,home,78,TRUE,24,4,33,52,32,61,NA,12,73,8,11,19,13,4,1,0,30,6,20,46,0,14,14,153,s:40~l:54~t:153,North Carolina,Tar Heels,7bafd4,13294b,60,11,46,11,NA,NA
401827183,2026,11/13/2025,2437,s:40~l:54~t:2437,Omaha,Mavericks,OMA,e3193e,474648,away,47,FALSE,6,0,23,26,12,47,NA,20,67,18,27,0,11,2,3,0,26,5,19,34,0,27,27,252,s:40~l:54~t:252,BYU,Cougars,0047ba,002e5d,104,5,10,0,NA,NA
401827183,2026,11/13/2025,252,s:40~l:54~t:252,BYU,Cougars,BYU,0047ba,002e5d,home,104,TRUE,25,10,27,53,41,78,NA,22,43,9,21,57,20,18,0,1,35,13,37,47,1,7,7,2437,s:40~l:54~t:2437,Omaha,Mavericks,e3193e,474648,47,21,52,28,NA,NA
401825867,2026,11/13/2025,9,s:40~l:54~t:9,Arizona State,Sun Devils,ASU,ffc627,8c1d40,away,79,TRUE,25,5,27,52,30,58,NA,17,71,5,7,35,9,11,1,0,64,14,22,36,0,14,14,301,s:40~l:54~t:301,San Diego,Toreros,2f99d4,2f99d4,47,6,30,22,NA,NA
401825867,2026,11/13/2025,301,s:40~l:54~t:301,San Diego,Toreros,USD,2f99d4,2f99d4,home,47,FALSE,8,4,20,29,16,55,NA,15,50,9,18,2,16,6,1,0,35,6,17,36,0,20,20,9,s:40~l:54~t:9,Arizona State,Sun Devils,ffc627,8c1d40,79,4,18,10,NA,NA
401808018,2026,11/13/2025,253,s:40~l:54~t:253,Southern Utah,Thunderbirds,SUU,c72026,000000,away,74,TRUE,12,5,35,43,28,65,NA,16,92,12,13,15,15,3,1,0,33,6,18,50,0,16,16,331,s:40~l:54~t:331,Eastern Washington,Eagles,a10022,abb4bc,68,8,32,2,NA,NA
401818628,2026,11/13/2025,2181,s:40~l:54~t:2181,Drake,Bulldogs,DRKE,005596,bec0c2,away,58,FALSE,15,1,26,36,22,61,NA,15,50,6,12,1,12,7,1,0,30,8,27,38,0,23,23,2294,s:40~l:54~t:2294,Iowa,Hawkeyes,231f20,fcd116,100,9,24,13,NA,NA
401818628,2026,11/13/2025,2294,s:40~l:54~t:2294,Iowa,Hawkeyes,IOWA,231f20,fcd116,home,100,TRUE,30,5,28,54,41,76,NA,15,47,8,17,44,16,13,0,0,34,10,29,44,0,12,12,2181,s:40~l:54~t:2181,Drake,Bulldogs,005596,bec0c2,58,20,62,35,NA,NA
401825755,2026,11/13/2025,2612,s:40~l:54~t:2612,Saint Peter's,Peacocks,SPU,004CC2,NA,away,58,FALSE,16,0,21,33,23,69,NA,19,40,4,10,4,19,8,0,0,25,8,32,40,0,12,12,322,s:40~l:54~t:322,Lafayette,Leopards,790000,a59474,76,2,24,12,NA,NA
401825755,2026,11/13/2025,322,s:40~l:54~t:322,Lafayette,Leopards,LAF,790000,a59474,home,76,TRUE,17,3,30,46,25,54,NA,12,83,15,18,20,10,4,0,0,39,11,28,40,0,12,12,2612,s:40~l:54~t:2612,Saint Peter's,Peacocks,004CC2,NA,58,5,26,4,NA,NA
401824204,2026,11/13/2025,2572,s:40~l:54~t:2572,Southern Miss,Lady Eagles,USM,ffc72c,231f20,away,67,TRUE,7,1,23,39,23,59,NA,17,65,17,26,10,12,15,0,0,22,4,18,35,0,13,13,55,s:40~l:54~t:55,Jacksonville State,Gamecocks,cc0000,000000,61,8,38,21,NA,NA
401822274,2026,11/13/2025,2296,s:40~l:54~t:2296,Jackson State,Lady Tigers,JKST,123297,b5b7ba,away,55,FALSE,9,2,23,36,23,64,NA,16,50,3,6,0,13,8,0,0,26,6,23,36,0,22,22,344,s:40~l:54~t:344,Mississippi State,Bulldogs,5d1725,c1c6c8,82,10,30,13,NA,NA
401820500,2026,11/13/2025,202,s:40~l:54~t:202,Tulsa,Golden Hurricane,TLSA,003595,d0b787,home,75,TRUE,15,1,12,44,24,54,NA,24,71,20,28,10,10,12,2,0,32,7,22,22,0,20,20,2277,s:40~l:54~t:2277,Houston Christian,Huskies,00539c,NA,67,18,34,41,NA,NA
401807966,2026,11/13/2025,2545,s:40~l:54~t:2545,SE Louisiana,Lady Lions,SELA,215732,ffc72c,away,60,FALSE,11,5,26,31,19,61,NA,18,75,15,20,5,11,4,0,0,37,7,19,37,0,10,10,8,s:40~l:54~t:8,Arkansas,Razorbacks,a32136,ffffff,68,2,16,14,NA,NA
401807966,2026,11/13/2025,8,s:40~l:54~t:8,Arkansas,Razorbacks,ARK,a32136,ffffff,home,68,TRUE,11,4,30,35,23,65,NA,20,80,16,20,16,17,6,0,0,35,6,17,47,0,13,13,2545,s:40~l:54~t:2545,SE Louisiana,Lady Lions,215732,ffc72c,60,15,30,6,NA,NA
401818639,2026,11/13/2025,120,s:40~l:54~t:120,Maryland,Terrapins,MD,ce1126,ffffff,home,88,TRUE,19,7,31,48,33,69,NA,18,75,15,20,30,21,11,1,0,47,7,15,52,0,22,22,119,s:40~l:54~t:119,Towson,Tigers,FFC229,NA,70,15,44,16,NA,NA
401818590,2026,11/13/2025,2633,s:40~l:54~t:2633,Tennessee,Lady Volunteers,TENN,ff8200,ffffff,home,68,TRUE,8,4,25,35,24,69,NA,15,68,13,19,14,23,13,0,0,21,7,34,48,0,14,14,2057,s:40~l:54~t:2057,Belmont,Bruins,182142,c9262d,58,8,30,23,NA,NA
401827477,2026,11/13/2025,231,s:40~l:54~t:231,Furman,Paladins,FUR,582c83,ffffff,home,90,TRUE,24,7,31,41,30,74,NA,25,72,23,32,5,28,8,0,0,23,7,30,59,0,32,32,2247,s:40~l:54~t:2247,Georgia State,Panthers,0039a6,ffffff,89,11,36,21,NA,NA
401825125,2026,11/13/2025,288,s:40~l:54~t:288,Lipscomb,Bisons,LIP,20366C,f6b734,home,74,TRUE,17,5,33,47,28,60,NA,7,67,8,12,27,10,6,1,0,33,10,30,43,0,12,12,128474,s:40~l:54~t:128474,Johnson University (TN),Royals,NA,NA,49,3,32,16,NA,NA
401825118,2026,11/13/2025,3178,s:40~l:54~t:3178,Ave Maria,Gyrenes,AVEM,000000,NA,away,37,FALSE,8,1,21,21,14,66,NA,13,67,4,6,2,13,7,1,0,16,5,31,34,0,18,18,526,s:40~l:54~t:526,Florida Gulf Coast,Eagles,00885a,076c3b,92,5,18,13,NA,NA
401825118,2026,11/13/2025,526,s:40~l:54~t:526,Florida Gulf Coast,Eagles,FGCU,00885a,076c3b,home,92,TRUE,18,8,40,54,38,71,NA,9,69,9,13,55,15,13,1,0,28,7,25,55,0,12,12,3178,s:40~l:54~t:3178,Ave Maria,Gyrenes,000000,NA,37,29,60,26,NA,NA
401825066,2026,11/13/2025,249,s:40~l:54~t:249,North Texas,Mean Green,UNT,068f33,ffffff,home,102,TRUE,18,4,29,49,42,85,NA,17,60,12,20,55,26,23,1,0,30,6,20,55,0,16,16,2904,s:40~l:54~t:2904,Nelson,Lions,000000,NA,50,26,68,46,NA,NA
401824282,2026,11/13/2025,2011,s:40~l:54~t:2011,Alabama State,Lady Hornets,ALST,e9a900,0a0a0a,away,61,FALSE,6,6,29,37,26,71,NA,27,46,6,13,3,19,10,1,0,19,3,16,48,0,18,18,2698,s:40~l:54~t:2698,West Georgia,Wolves,0033a1,db1a21,64,7,38,16,NA,NA
401823669,2026,11/13/2025,258,s:40~l:54~t:258,Virginia,Cavaliers,UVA,f84c1e,232d4b,home,56,FALSE,11,7,27,32,19,59,NA,21,67,18,27,0,17,9,0,0,0,0,14,44,0,12,12,2378,s:40~l:54~t:2378,UMBC,Retrievers,000000,ad860a,61,14,34,10,NA,NA
401822986,2026,11/13/2025,2641,s:40~l:54~t:2641,Texas Tech,Lady Raiders,TTU,da291c,000000,home,91,TRUE,16,9,31,54,31,57,NA,14,80,20,25,38,7,11,0,0,47,9,19,38,0,13,13,2567,s:40~l:54~t:2567,SMU,Mustangs,a80000,0033a1,60,23,42,18,NA,NA
401819770,2026,11/13/2025,2390,s:40~l:54~t:2390,Miami,Hurricanes,MIA,f47423,035131,home,79,TRUE,13,5,33,54,32,59,NA,14,50,8,16,34,15,6,1,0,47,7,15,48,0,17,17,2226,s:40~l:54~t:2226,Florida Atlantic,Owls,003366,cc0000,47,7,44,17,NA,NA
401819579,2026,11/13/2025,228,s:40~l:54~t:228,Clemson,Tigers,CLEM,f56600,ffffff,home,78,TRUE,16,1,31,48,29,61,NA,14,67,6,9,41,15,6,1,0,44,14,32,46,0,9,9,44,s:40~l:54~t:44,American University,Eagles,c41130,c8102e,38,4,26,11,NA,NA
401818530,2026,11/13/2025,61,s:40~l:54~t:61,Georgia,Lady Bulldogs,UGA,ba0c2f,2c2a29,away,85,TRUE,17,1,32,49,33,68,NA,17,71,15,21,36,12,11,1,0,18,4,22,44,0,14,14,2569,s:40~l:54~t:2569,South Carolina State,Lady Bulldogs,7d1315,104897,49,23,48,21,NA,NA
401818517,2026,11/13/2025,57,s:40~l:54~t:57,Florida,Gators,FLA,0021a5,fa4616,home,87,TRUE,11,4,30,55,34,62,NA,13,79,11,14,47,12,5,0,0,36,8,22,42,0,9,9,2535,s:40~l:54~t:2535,Samford,Bulldogs,005485,bc0023,40,2,46,27,NA,NA
401813799,2026,11/13/2025,2115,s:40~l:54~t:2115,Central Connecticut,Blue Devils,CCSU,1B49A2,d1d5d8,home,64,FALSE,10,3,16,36,20,55,NA,26,71,20,28,1,13,8,2,0,31,4,13,29,0,16,16,2529,s:40~l:54~t:2529,Sacred Heart,Pioneers,a40012,c29472,74,5,26,14,NA,NA
401812929,2026,11/13/2025,2127,s:40~l:54~t:2127,Charleston Southern,Buccaneers,CHSO,2e3192,ded090,away,40,FALSE,13,1,26,23,15,64,NA,11,50,1,2,0,8,6,2,2,26,9,34,34,2,18,18,59,s:40~l:54~t:59,Georgia Tech,Yellow Jackets,b3a369,ffffff,87,2,10,2,NA,NA
401812929,2026,11/13/2025,59,s:40~l:54~t:59,Georgia Tech,Yellow Jackets,GT,b3a369,ffffff,home,87,TRUE,24,4,41,47,34,72,NA,4,64,9,14,50,11,12,0,0,45,10,22,52,0,7,7,2127,s:40~l:54~t:2127,Charleston Southern,Buccaneers,2e3192,ded090,40,13,46,24,NA,NA
401812467,2026,11/13/2025,2598,s:40~l:54~t:2598,Saint Francis,Red Flash,SFPA,a20012,000000,home,61,FALSE,14,1,26,43,24,56,NA,15,50,7,14,1,11,3,1,0,43,6,14,37,0,14,14,2523,s:40~l:54~t:2523,Robert Morris,Colonials,00214D,a21d2b,71,8,32,6,NA,NA
401818668,2026,11/13/2025,194,s:40~l:54~t:194,Ohio State,Buckeyes,OSU,ba0c2f,a8adb4,home,90,TRUE,16,4,46,43,32,75,NA,19,78,18,23,57,19,8,0,0,24,8,34,65,0,10,10,91,s:40~l:54~t:91,Bellarmine,Knights,000000,NA,33,17,36,20,NA,NA
401825761,2026,11/13/2025,2561,s:40~l:54~t:2561,Siena,Saints,SIE,037961,eea60f,away,52,FALSE,6,0,21,45,20,44,NA,20,55,11,20,0,7,10,0,1,10,1,10,28,1,21,21,349,s:40~l:54~t:349,Army,Black Knights,000000,d3bc8d,67,5,34,16,NA,NA
401825761,2026,11/13/2025,349,s:40~l:54~t:349,Army,Black Knights,ARMY,000000,d3bc8d,home,67,TRUE,14,2,21,35,19,54,NA,21,96,22,23,18,15,7,0,0,30,7,23,36,0,18,18,2561,s:40~l:54~t:2561,Siena,Saints,037961,eea60f,52,0,20,19,NA,NA
401819757,2026,11/13/2025,58,s:40~l:54~t:58,South Florida,Bulls,USF,006747,cfc493,away,72,FALSE,14,2,26,38,26,68,NA,28,76,13,17,5,17,4,1,0,35,7,20,43,0,14,14,2217,s:40~l:54~t:2217,Fairfield,Stags,000000,ebebeb,80,10,36,14,NA,NA
401819757,2026,11/13/2025,2217,s:40~l:54~t:2217,Fairfield,Stags,FAIR,000000,ebebeb,home,80,TRUE,20,3,28,37,22,60,NA,18,85,23,27,15,13,5,1,0,32,13,40,41,0,11,11,58,s:40~l:54~t:58,South Florida,Bulls,006747,cfc493,72,2,18,16,NA,NA
401819743,2026,11/13/2025,2241,s:40~l:54~t:2241,Gardner-Webb,Runnin' Bulldogs,GWEB,c12535,909090,away,51,FALSE,7,2,19,38,19,50,NA,25,67,6,9,2,8,7,0,0,35,7,20,27,0,23,23,259,s:40~l:54~t:259,Virginia Tech,Hokies,6a2c3e,cf4520,87,3,18,6,NA,NA
401819743,2026,11/13/2025,259,s:40~l:54~t:259,Virginia Tech,Hokies,VT,6a2c3e,cf4520,home,87,TRUE,18,1,24,37,29,78,NA,10,78,21,27,41,30,11,0,0,24,8,34,54,0,8,8,2241,s:40~l:54~t:2241,Gardner-Webb,Runnin' Bulldogs,c12535,909090,51,15,30,28,NA,NA
401817330,2026,11/13/2025,154,s:40~l:54~t:154,Wake Forest,Demon Deacons,WAKE,ceb888,2c2a29,home,66,TRUE,17,3,25,45,24,53,NA,13,68,15,22,6,9,13,0,0,23,3,13,34,0,20,20,2382,s:40~l:54~t:2382,Mercer,Bears,ff7f29,080808,61,2,42,13,NA,NA
401812513,2026,11/13/2025,2520,s:40~l:54~t:2520,Rider,Broncs,RID,a80532,ebebeb,away,55,FALSE,16,2,23,36,21,59,NA,20,50,4,8,6,8,5,0,0,38,9,24,31,0,13,13,284,s:40~l:54~t:284,Stonehill,Skyhawks,000000,NA,77,2,24,12,NA,NA
401822859,2026,11/13/2025,233,s:40~l:54~t:233,South Dakota,Coyotes,SDAK,CD1241,f0f0f0,away,72,TRUE,12,4,18,40,25,62,NA,26,87,13,15,8,8,6,0,0,32,9,28,26,0,12,12,2306,s:40~l:54~t:2306,Kansas State,Wildcats,330a57,e2e3e4,71,0,26,21,NA,NA
401826102,2026,11/13/2025,2440,s:40~l:54~t:2440,Nevada,Wolf Pack,NEV,041e42,8a8d8f,home,56,TRUE,13,1,19,51,23,45,NA,17,86,6,7,8,6,7,2,0,50,4,8,25,0,19,19,2351,s:40~l:54~t:2351,Loyola Marymount,Lions,880029,00345b,52,4,30,17,NA,NA
401829560,2026,11/13/2025,387,s:40~l:54~t:387,Indiana-Southeast,Grenadiers,IUS,000000,NA,away,40,FALSE,7,4,14,26,11,43,NA,19,76,13,17,7,5,5,3,0,21,5,24,19,0,24,24,193,s:40~l:54~t:193,Miami (OH),RedHawks,c41230,ffffff,94,5,10,6,NA,NA
401828579,2026,11/13/2025,2400,s:40~l:54~t:2400,Mississippi Valley State,Devilettes,MVSU,005328,cf2d34,away,50,FALSE,7,1,11,30,14,47,NA,21,68,19,28,3,8,6,2,0,19,3,16,19,0,20,20,2,s:40~l:54~t:2,Auburn,Tigers,002b5c,f26522,110,9,16,18,NA,NA
401826131,2026,11/13/2025,2627,s:40~l:54~t:2627,Tarleton State,Texans,TAR,000000,NA,away,64,FALSE,13,2,26,40,20,50,NA,26,68,15,22,11,4,9,1,0,38,9,24,30,0,20,20,245,s:40~l:54~t:245,Texas A&M,Aggies,500000,ffffff,79,8,22,23,NA,NA
401827481,2026,11/13/2025,195,s:40~l:54~t:195,Ohio,Bobcats,OHIO,154734,ffffff,home,76,TRUE,10,2,37,35,24,68,NA,14,76,22,29,19,15,15,0,0,21,6,29,52,0,17,17,2413,s:40~l:54~t:2413,Morehead State,Eagles,094FA3,fed91a,60,18,36,22,NA,NA
401813740,2026,11/13/2025,164,s:40~l:54~t:164,Rutgers,Scarlet Knights,RUTG,ce0e2d,ffffff,home,68,TRUE,11,3,29,47,24,51,NA,21,70,14,20,11,11,2,2,0,43,6,14,40,0,15,15,227,s:40~l:54~t:227,Rhode Island,Rams,091f3f,5ab3e8,63,11,30,8,NA,NA
401826683,2026,11/12/2025,2239,s:40~l:54~t:2239,Cal State Fullerton,Titans,CSUF,003767,ff8300,home,81,TRUE,13,3,26,43,27,63,NA,15,78,21,27,30,11,22,1,0,40,6,15,37,0,16,16,3091,s:40~l:54~t:3091,Hope International,Royals,NA,NA,51,16,40,33,NA,NA
401827241,2026,11/12/2025,140,s:40~l:54~t:140,Kansas City,Roos,KC,004b87,ffc72c,away,61,FALSE,7,3,18,31,18,59,NA,21,75,18,24,4,13,6,3,0,33,7,21,31,0,17,17,201,s:40~l:54~t:201,Oklahoma,Sooners,990000,ffffff,89,2,18,18,NA,NA
401827241,2026,11/12/2025,201,s:40~l:54~t:201,Oklahoma,Sooners,OU,990000,ffffff,home,89,TRUE,20,7,29,55,31,56,NA,20,74,17,23,28,8,7,0,0,53,10,19,37,0,15,15,140,s:40~l:54~t:140,Kansas City,Roos,004b87,ffc72c,61,12,40,23,NA,NA
401827566,2026,11/12/2025,300,s:40~l:54~t:300,UC Irvine,Anteaters,UCI,002B5C,fec52e,away,49,FALSE,11,0,28,39,17,44,NA,9,100,8,8,0,4,3,1,0,41,7,17,32,0,23,23,304,s:40~l:54~t:304,Idaho State,Bengals,ef8c00,e9a126,61,4,16,17,NA,NA
401827566,2026,11/12/2025,304,s:40~l:54~t:304,Idaho State,Bengals,IDST,ef8c00,e9a126,home,61,TRUE,14,2,20,39,26,67,NA,13,50,3,6,23,10,15,1,0,38,6,16,30,0,9,9,300,s:40~l:54~t:300,UC Irvine,Anteaters,002B5C,fec52e,49,9,32,21,NA,NA
401826687,2026,11/12/2025,2463,s:40~l:54~t:2463,Cal State Northridge,Matadors,CSUN,b50000,NA,away,70,FALSE,16,1,19,42,25,59,NA,21,73,11,15,6,8,6,0,0,36,9,25,27,0,16,16,21,s:40~l:54~t:21,San Diego State,Aztecs,a6192e,000000,91,2,32,21,NA,NA
401826687,2026,11/12/2025,21,s:40~l:54~t:21,San Diego State,Aztecs,SDSU,a6192e,000000,home,91,TRUE,18,2,27,49,32,65,NA,17,74,14,19,39,15,10,1,0,48,13,27,42,0,16,16,2463,s:40~l:54~t:2463,Cal State Northridge,Matadors,b50000,NA,70,6,32,27,NA,NA
401826120,2026,11/12/2025,2437,s:40~l:54~t:2437,Omaha,Mavericks,OMA,e3193e,474648,away,56,FALSE,7,6,40,26,16,62,NA,22,63,20,32,0,17,4,2,1,17,4,23,57,1,16,16,3101,s:40~l:54~t:3101,Utah Tech,Trailblazers,000000,NA,62,5,18,4,NA,NA
401819545,2026,11/12/2025,299,s:40~l:54~t:299,Long Beach State,Beach,LBSU,000000,f1f2f3,home,60,FALSE,12,2,35,31,21,67,NA,15,64,14,22,0,16,3,0,0,19,4,21,51,0,19,19,2856,s:40~l:54~t:2856,California Baptist,Lancers,000000,NA,83,3,28,5,NA,NA
401818648,2026,11/12/2025,156,s:40~l:54~t:156,Creighton,Bluejays,CREI,005ca9,6cadde,away,50,FALSE,10,3,28,29,15,51,NA,27,74,14,19,1,8,7,0,0,26,6,23,36,0,25,25,158,s:40~l:54~t:158,Nebraska,Cornhuskers,e31937,ffffff,84,6,18,5,NA,NA
401818648,2026,11/12/2025,158,s:40~l:54~t:158,Nebraska,Cornhuskers,NEB,e31937,ffffff,home,84,TRUE,14,3,31,47,29,62,NA,19,80,16,20,35,8,5,0,0,36,10,28,39,0,15,15,156,s:40~l:54~t:156,Creighton,Bluejays,005ca9,6cadde,50,8,30,23,NA,NA
401812776,2026,11/12/2025,16,s:40~l:54~t:16,Sacramento State,Hornets,SAC,00573C,cdb97d,away,71,TRUE,13,6,37,41,24,59,NA,19,65,15,23,18,16,6,3,0,40,8,20,53,0,22,22,28,s:40~l:54~t:28,UC San Diego,Tritons,000000,ffcd00,60,11,32,23,NA,NA
401812776,2026,11/12/2025,28,s:40~l:54~t:28,UC San Diego,Tritons,UCSD,000000,ffcd00,home,60,FALSE,9,1,22,32,20,62,NA,23,67,14,21,3,10,8,0,1,29,6,21,32,1,14,14,16,s:40~l:54~t:16,Sacramento State,Hornets,00573C,cdb97d,71,11,14,12,NA,NA
401817373,2026,11/12/2025,2429,s:40~l:54~t:2429,Charlotte,49ers,CLT,005035,a49665,away,59,FALSE,5,0,16,28,19,69,NA,29,68,17,25,0,21,7,1,2,13,4,30,37,2,22,22,99,s:40~l:54~t:99,LSU,Tigers,461d76,fdd023,117,14,22,11,NA,NA
401822826,2026,11/12/2025,88,s:40~l:54~t:88,Southern Indiana,Screaming Eagles,USI,000000,NA,away,68,TRUE,10,0,28,40,27,68,NA,15,70,7,10,17,13,8,0,0,37,7,19,41,0,11,11,139,s:40~l:54~t:139,Saint Louis,Billikens,00539C,ebebeb,52,15,30,14,NA,NA
401822826,2026,11/12/2025,139,s:40~l:54~t:139,Saint Louis,Billikens,SLU,00539C,ebebeb,home,52,FALSE,13,4,30,30,17,56,NA,15,75,12,16,2,12,6,0,0,24,6,25,42,0,18,18,88,s:40~l:54~t:88,Southern Indiana,Screaming Eagles,000000,NA,68,8,20,9,NA,NA
401817383,2026,11/12/2025,2350,s:40~l:54~t:2350,Loyola Chicago,Ramblers,LUC,9d1244,NA,away,31,FALSE,7,4,21,22,9,41,NA,11,100,8,8,0,9,6,3,0,23,5,22,30,0,36,36,41,s:40~l:54~t:41,UConn,Huskies,0c2340,a2aaad,85,6,6,6,NA,NA
401817383,2026,11/12/2025,41,s:40~l:54~t:41,UConn,Huskies,CONN,0c2340,a2aaad,home,85,TRUE,27,6,22,48,37,77,NA,16,100,4,4,57,19,25,0,0,39,7,18,41,0,12,12,2350,s:40~l:54~t:2350,Loyola Chicago,Ramblers,9d1244,NA,31,14,52,45,NA,NA
401819925,2026,11/12/2025,2674,s:40~l:54~t:2674,Valparaiso,Beacons,VAL,794500,NA,away,50,FALSE,11,3,25,29,18,62,NA,17,60,9,15,2,9,3,0,0,29,5,17,34,0,18,18,66,s:40~l:54~t:66,Iowa State,Cyclones,ae192d,ffc72a,97,0,14,2,NA,NA
401819925,2026,11/12/2025,66,s:40~l:54~t:66,Iowa State,Cyclones,ISU,ae192d,ffc72a,home,97,TRUE,31,4,35,53,39,73,NA,12,65,15,23,47,12,11,0,0,25,4,16,47,0,6,6,2674,s:40~l:54~t:2674,Valparaiso,Beacons,794500,NA,50,4,62,19,NA,NA
401823030,2026,11/12/2025,2628,s:40~l:54~t:2628,TCU,Horned Frogs,TCU,4d1979,ffffff,home,122,TRUE,25,8,28,59,40,68,NA,14,74,25,34,85,16,19,0,0,63,17,27,44,0,12,12,2634,s:40~l:54~t:2634,Tennessee State,Lady Tigers,171796,f0f0f0,39,52,42,46,NA,NA
401825945,2026,11/12/2025,2305,s:40~l:54~t:2305,Kansas,Jayhawks,KU,0051ba,e8000d,home,65,TRUE,14,5,27,44,20,45,NA,19,75,21,28,18,9,9,0,1,27,4,15,36,1,22,22,2320,s:40~l:54~t:2320,Lamar,Cardinals,000000,ebebeb,54,6,28,15,NA,NA
401812567,2026,11/12/2025,189,s:40~l:54~t:189,Bowling Green,Falcons,BGSU,fd5000,4f2c1d,away,78,FALSE,16,1,24,40,26,65,NA,16,91,20,22,0,13,7,0,0,29,6,21,37,0,15,15,275,s:40~l:54~t:275,Wisconsin,Badgers,a00000,ffffff,90,15,32,18,NA,NA
401812567,2026,11/12/2025,275,s:40~l:54~t:275,Wisconsin,Badgers,WIS,a00000,ffffff,home,90,TRUE,26,8,26,55,36,66,NA,21,53,8,15,17,9,1,0,0,38,10,26,35,0,15,15,189,s:40~l:54~t:189,Bowling Green,Falcons,fd5000,4f2c1d,78,27,48,15,NA,NA
401827919,2026,11/12/2025,2582,s:40~l:54~t:2582,Southern,Jaguars,SOU,004B97,ffc82d,away,44,FALSE,10,6,16,32,16,50,NA,26,53,10,19,2,6,5,1,0,33,2,6,22,0,17,17,145,s:40~l:54~t:145,Ole Miss,Rebels,13294b,cf142b,94,4,18,6,NA,NA
401827919,2026,11/12/2025,145,s:40~l:54~t:145,Ole Miss,Rebels,MISS,13294b,cf142b,home,94,TRUE,20,7,34,53,33,62,NA,18,75,21,28,52,17,6,1,0,30,7,23,51,0,13,13,2582,s:40~l:54~t:2582,Southern,Jaguars,004B97,ffc82d,44,12,50,19,NA,NA
401820850,2026,11/12/2025,2006,s:40~l:54~t:2006,Akron,Zips,AKR,041e42,c5b783,away,58,FALSE,6,3,20,51,24,47,NA,18,50,5,10,0,8,10,1,0,33,5,15,28,0,38,38,87,s:40~l:54~t:87,Notre Dame,Fighting Irish,062340,c99700,85,0,32,13,NA,NA
401820850,2026,11/12/2025,87,s:40~l:54~t:87,Notre Dame,Fighting Irish,ND,062340,c99700,home,85,TRUE,12,4,17,47,31,66,NA,17,79,19,24,30,15,30,0,0,20,4,20,32,0,20,20,2006,s:40~l:54~t:2006,Akron,Zips,041e42,c5b783,58,31,52,41,NA,NA
401818607,2026,11/12/2025,2046,s:40~l:54~t:2046,Austin Peay,Governors,APSU,8e0b0b,NA,home,65,FALSE,11,0,18,39,22,56,NA,22,75,15,20,0,10,6,1,1,25,6,24,28,1,15,15,238,s:40~l:54~t:238,Vanderbilt,Commodores,000000,cfae70,75,9,28,22,NA,NA
401817565,2026,11/12/2025,38,s:40~l:54~t:38,Colorado,Buffaloes,COLO,cfb87c,000000,away,68,FALSE,13,2,31,41,25,61,NA,19,74,14,19,11,15,6,2,0,40,4,10,46,0,18,18,97,s:40~l:54~t:97,Louisville,Cardinals,c9001f,ffffff,74,2,36,12,NA,NA
401817565,2026,11/12/2025,97,s:40~l:54~t:97,Louisville,Cardinals,LOU,c9001f,ffffff,home,74,TRUE,11,7,22,39,25,64,NA,16,71,17,24,6,12,11,0,0,25,7,28,34,0,8,8,38,s:40~l:54~t:38,Colorado,Buffaloes,cfb87c,000000,68,6,30,20,NA,NA
401830463,2026,11/12/2025,2016,s:40~l:54~t:2016,Alcorn State,Lady Braves,ALCN,4b0058,46166a,home,81,TRUE,20,2,27,48,31,64,NA,21,67,8,12,22,23,10,1,0,46,11,24,50,0,30,30,2027,s:40~l:54~t:2027,Arkansas Baptist,Buffaloes,000000,NA,65,10,36,21,NA,NA
401829296,2026,11/12/2025,339,s:40~l:54~t:339,Evansville,Purple Aces,EVAN,663399,ef6f00,away,60,FALSE,9,7,22,36,22,61,NA,16,69,9,13,0,15,1,0,0,27,7,26,37,0,20,20,2198,s:40~l:54~t:2198,Eastern Kentucky,Colonels,660819,f0f0f0,83,11,26,10,NA,NA
401828790,2026,11/12/2025,2498,s:40~l:54~t:2498,Pittsburgh-Johnstown,Mountain Cats,PITJ,000000,NA,away,24,FALSE,5,2,11,17,8,48,NA,28,56,5,9,0,11,7,2,0,14,3,22,22,0,30,30,325,s:40~l:54~t:325,Cleveland State,Vikings,006633,231f20,97,3,8,6,NA,NA
401828790,2026,11/12/2025,325,s:40~l:54~t:325,Cleveland State,Vikings,CLE,006633,231f20,home,97,TRUE,19,2,29,57,33,58,NA,16,76,26,34,74,17,15,1,0,42,5,12,46,0,18,18,2498,s:40~l:54~t:2498,Pittsburgh-Johnstown,Mountain Cats,000000,NA,24,21,56,36,NA,NA
401826638,2026,11/12/2025,324,s:40~l:54~t:324,Coastal Carolina,Chanticleers,CCU,006f71,a27752,away,80,TRUE,19,0,30,39,29,74,NA,20,63,12,19,25,20,6,0,0,40,10,25,50,0,9,9,350,s:40~l:54~t:350,UNC Wilmington,Seahawks,00665e,ffda00,56,8,36,18,NA,NA
401825181,2026,11/12/2025,2771,s:40~l:54~t:2771,Merrimack,Warriors,MRMK,2f4f93,e8c535,away,69,FALSE,10,3,30,45,25,55,NA,20,79,11,14,7,9,5,1,0,32,8,25,39,0,27,27,2272,s:40~l:54~t:2272,High Point,Panthers,330072,ffffff,82,9,30,10,NA,NA
401824257,2026,11/12/2025,5,s:40~l:54~t:5,UAB,Blazers,UAB,1a5632,fdb913,home,80,TRUE,18,2,23,49,27,55,NA,28,81,13,16,27,9,15,0,0,62,13,21,32,0,23,23,2010,s:40~l:54~t:2010,Alabama A&M,Bulldogs,790000,ffffff,56,11,24,25,NA,NA
401824217,2026,11/12/2025,2117,s:40~l:54~t:2117,Central Michigan,Chippewas,CMU,4c0027,fbab18,away,68,TRUE,11,1,20,44,26,59,NA,16,80,12,15,10,14,14,0,0,31,4,13,34,0,17,17,2086,s:40~l:54~t:2086,Butler,Bulldogs,0d1361,00a3e0,59,4,40,22,NA,NA
401823058,2026,11/12/2025,2426,s:40~l:54~t:2426,Navy,Midshipmen,NAVY,00225b,b5a67c,home,74,TRUE,20,5,33,45,27,60,NA,14,72,13,18,27,14,5,1,1,24,7,29,47,1,19,19,2344,s:40~l:54~t:2344,Longwood,Lancers,003273,9ea2a3,66,14,38,6,NA,NA
401822189,2026,11/12/2025,2717,s:40~l:54~t:2717,Western Carolina,Catamounts,WCU,492F91,bf9e70,away,54,FALSE,7,1,15,36,15,42,NA,15,85,17,20,7,9,5,2,0,41,7,17,24,0,20,20,2097,s:40~l:54~t:2097,Campbell,Fighting Camels,000000,NA,66,4,16,11,NA,NA
401822189,2026,11/12/2025,2097,s:40~l:54~t:2097,Campbell,Fighting Camels,CAM,000000,NA,home,66,TRUE,8,1,21,50,27,54,NA,20,67,10,15,27,15,11,1,0,20,2,10,36,0,16,16,2717,s:40~l:54~t:2717,Western Carolina,Catamounts,492F91,bf9e70,54,10,44,27,NA,NA
401820309,2026,11/12/2025,257,s:40~l:54~t:257,Richmond,Spiders,RICH,9e0712,b90b2e,away,84,TRUE,16,3,32,55,32,58,NA,10,92,12,13,26,10,7,2,0,44,8,18,42,0,15,15,2729,s:40~l:54~t:2729,William & Mary,Tribe,115740,f0b323,58,6,46,21,NA,NA
401818692,2026,11/12/2025,2509,s:40~l:54~t:2509,Purdue,Boilermakers,PUR,ceb888,000000,away,67,FALSE,9,3,28,47,27,57,NA,21,75,6,8,6,8,9,0,0,30,7,23,36,0,24,24,2870,s:40~l:54~t:2870,Purdue Fort Wayne,Mastodons,cfb991,000000,68,9,28,9,NA,NA
401818692,2026,11/12/2025,2870,s:40~l:54~t:2870,Purdue Fort Wayne,Mastodons,PFW,cfb991,000000,home,68,TRUE,7,1,22,48,24,50,NA,11,65,15,23,5,1,10,0,0,29,5,17,23,0,16,16,2509,s:40~l:54~t:2509,Purdue,Boilermakers,ceb888,000000,67,11,32,24,NA,NA
401817278,2026,11/12/2025,236,s:40~l:54~t:236,Chattanooga,Mocs,UTC,00386b,dca71d,away,56,FALSE,8,1,27,32,18,57,NA,16,87,13,15,4,2,7,1,0,33,7,21,29,0,15,15,2653,s:40~l:54~t:2653,Troy,Trojans,862633,b1b1b1,73,11,20,9,NA,NA
401817278,2026,11/12/2025,2653,s:40~l:54~t:2653,Troy,Trojans,TROY,862633,b1b1b1,home,73,TRUE,16,4,34,41,28,68,NA,19,75,9,12,29,11,9,0,0,35,8,23,45,0,15,15,236,s:40~l:54~t:236,Chattanooga,Mocs,00386b,dca71d,56,12,36,16,NA,NA
401812422,2026,11/12/2025,2363,s:40~l:54~t:2363,Manhattan,Jaspers,MAN,4f8537,b5b7ba,home,63,FALSE,17,4,23,40,23,58,NA,18,71,10,14,1,11,8,0,0,50,7,14,34,0,14,14,161,s:40~l:54~t:161,Fairleigh Dickinson,Knights,72293c,28334a,65,6,30,10,NA,NA
401825978,2026,11/12/2025,2754,s:40~l:54~t:2754,Youngstown State,Penguins,YSU,E51937,690717,away,52,FALSE,11,3,18,47,22,47,NA,17,43,3,7,0,6,10,4,0,36,5,14,24,0,27,27,127,s:40~l:54~t:127,Michigan State,Spartans,173f35,ffffff,96,8,28,16,NA,NA
401825978,2026,11/12/2025,127,s:40~l:54~t:127,Michigan State,Spartans,MSU,173f35,ffffff,home,96,TRUE,26,4,19,54,37,68,NA,14,56,10,18,44,17,17,0,0,48,12,25,36,0,14,14,2754,s:40~l:54~t:2754,Youngstown State,Penguins,E51937,690717,52,24,46,32,NA,NA
401829773,2026,11/12/2025,159,s:40~l:54~t:159,Dartmouth,Big Green,DART,005730,000000,home,98,TRUE,23,7,33,58,37,64,NA,4,92,11,12,65,9,14,0,0,54,13,24,42,0,15,15,109542,s:40~l:54~t:109542,Colby Sawyer,Chargers,NA,NA,33,13,44,35,NA,NA
401822263,2026,11/12/2025,48,s:40~l:54~t:48,Delaware,Blue Hens,DEL,00539f,ffd200,away,66,FALSE,9,5,29,34,22,65,NA,17,59,17,29,12,15,14,1,0,50,5,10,44,0,24,24,295,s:40~l:54~t:295,Old Dominion,Monarchs,003768,a1d2f1,73,21,32,21,NA,NA
401822263,2026,11/12/2025,295,s:40~l:54~t:295,Old Dominion,Monarchs,ODU,003768,a1d2f1,home,73,TRUE,15,12,35,32,23,72,NA,23,96,22,23,10,20,16,0,0,25,5,20,55,0,22,22,48,s:40~l:54~t:48,Delaware,Blue Hens,00539f,ffd200,66,21,28,23,NA,NA
401820861,2026,11/12/2025,94,s:40~l:54~t:94,Northern Kentucky,Norse,NKU,ffc82e,000000,away,64,FALSE,8,0,26,40,25,62,NA,19,53,9,17,0,12,8,0,0,21,5,24,38,0,21,21,2050,s:40~l:54~t:2050,Ball State,Cardinals,ba0c2f,ffffff,95,3,34,12,NA,NA
401825804,2026,11/12/2025,219,s:40~l:54~t:219,Pennsylvania,Quakers,PENN,082A74,a6163d,away,55,FALSE,10,2,21,29,17,59,NA,12,83,15,18,2,18,5,0,0,21,6,28,39,0,16,16,2182,s:40~l:54~t:2182,Drexel,Dragons,020260,ffd65a,72,11,16,16,NA,NA
401825804,2026,11/12/2025,2182,s:40~l:54~t:2182,Drexel,Dragons,DREX,020260,ffd65a,home,72,TRUE,17,2,24,44,27,62,NA,17,75,9,12,35,13,11,1,0,50,9,18,37,0,13,13,219,s:40~l:54~t:219,Pennsylvania,Quakers,082A74,a6163d,55,9,24,19,NA,NA
401824709,2026,11/12/2025,2335,s:40~l:54~t:2335,Liberty,Flames,LIB,0a254e,b72025,away,61,FALSE,8,3,30,38,23,61,NA,12,67,10,15,12,18,4,1,0,31,5,16,48,0,21,21,256,s:40~l:54~t:256,James Madison,Dukes,450084,cbb677,74,5,26,9,NA,NA
401824709,2026,11/12/2025,256,s:40~l:54~t:256,James Madison,Dukes,JMU,450084,cbb677,home,74,TRUE,13,5,22,43,30,70,NA,14,100,7,7,13,10,12,0,0,28,7,25,32,0,9,9,2335,s:40~l:54~t:2335,Liberty,Flames,0a254e,b72025,61,10,36,12,NA,NA
401824314,2026,11/12/2025,3082,s:40~l:54~t:3082,Texas A&M International,Dustdevils,TAMI,000000,NA,away,63,FALSE,5,1,22,27,18,67,NA,15,62,23,37,0,21,5,0,0,17,4,24,43,0,19,19,2640,s:40~l:54~t:2640,Texas Southern,Tigers,860038,ffffff,101,10,24,8,NA,NA
401823107,2026,11/12/2025,107,s:40~l:54~t:107,Holy Cross,Crusaders,HC,582c83,ffffff,home,65,TRUE,12,7,21,43,25,58,NA,21,83,10,12,5,8,13,0,0,25,5,20,29,0,12,12,225,s:40~l:54~t:225,Brown,Bears,411e09,949300,64,4,28,14,NA,NA
401822228,2026,11/12/2025,305,s:40~l:54~t:305,DePaul,Blue Demons,DEP,2d649c,ce1125,away,64,FALSE,12,5,21,36,27,74,NA,22,44,7,16,5,19,9,1,0,17,3,18,40,0,17,17,71,s:40~l:54~t:71,Bradley,Braves,b70002,c0c0c0,78,15,44,10,NA,NA
401822228,2026,11/12/2025,71,s:40~l:54~t:71,Bradley,Braves,BRAD,b70002,c0c0c0,home,78,TRUE,16,2,32,44,25,57,NA,18,81,21,26,16,14,10,1,0,35,7,20,46,0,22,22,305,s:40~l:54~t:305,DePaul,Blue Demons,2d649c,ce1125,64,10,32,14,NA,NA
401820300,2026,11/12/2025,2619,s:40~l:54~t:2619,Stony Brook,Seawolves,STBK,990000,NA,away,52,FALSE,8,1,23,29,16,55,NA,23,89,17,19,10,10,7,1,0,18,3,17,33,0,17,17,2230,s:40~l:54~t:2230,Fordham,Rams,830032,909090,58,10,24,9,NA,NA
401817541,2026,11/12/2025,2520,s:40~l:54~t:2520,Rider,Broncs,RID,a80532,ebebeb,away,52,FALSE,13,3,18,38,21,55,NA,27,71,5,7,0,6,4,0,0,23,5,22,24,0,18,18,103,s:40~l:54~t:103,Boston College,Eagles,8c2232,dbcca6,92,6,24,4,NA,NA
401827460,2026,11/12/2025,2534,s:40~l:54~t:2534,Sam Houston,Bearkats,SHSU,f56423,ffffff,away,78,TRUE,18,1,23,42,29,69,NA,15,67,14,21,37,17,24,1,0,30,6,20,40,0,19,19,2029,s:40~l:54~t:2029,Arkansas-Pine Bluff,Golden Lions,e0aa0f,eaaa00,44,15,42,38,NA,NA
401827460,2026,11/12/2025,2029,s:40~l:54~t:2029,Arkansas-Pine Bluff,Golden Lions,UAPB,e0aa0f,eaaa00,home,44,FALSE,10,4,27,35,17,48,NA,22,64,9,14,0,11,11,0,0,14,1,7,38,0,35,35,2534,s:40~l:54~t:2534,Sam Houston,Bearkats,f56423,ffffff,78,5,32,16,NA,NA
401817302,2026,11/12/2025,2193,s:40~l:54~t:2193,East Tennessee State,Bucs,ETSU,002d61,ffc423,home,63,FALSE,9,4,16,38,20,52,NA,17,71,17,24,3,12,6,1,0,35,6,17,28,0,14,14,338,s:40~l:54~t:338,Kennesaw State,Owls,fdbb30,0b1315,64,9,24,23,NA,NA
401807943,2026,11/12/2025,2443,s:40~l:54~t:2443,New Orleans,Privateers,UNO,005da6,a2a9ae,away,65,FALSE,11,0,18,42,22,53,NA,20,76,13,17,0,5,9,0,0,42,8,19,23,0,27,27,167,s:40~l:54~t:167,New Mexico,Lobos,ba0c2f,a7a8aa,99,11,20,18,NA,NA
401807943,2026,11/12/2025,167,s:40~l:54~t:167,New Mexico,Lobos,UNM,ba0c2f,a7a8aa,home,99,TRUE,21,3,27,52,35,67,NA,19,87,20,23,44,14,18,0,0,35,9,26,41,0,21,21,2443,s:40~l:54~t:2443,New Orleans,Privateers,005da6,a2a9ae,65,28,46,30,NA,NA
401825082,2026,11/12/2025,2454,s:40~l:54~t:2454,North Florida,Ospreys,UNF,004B8D,babcbe,away,54,FALSE,12,8,19,30,21,69,NA,15,67,6,9,6,13,8,0,0,19,6,32,32,0,16,16,2655,s:40~l:54~t:2655,Tulane,Green Wave,006747,418fde,77,5,30,15,NA,NA
401825082,2026,11/12/2025,2655,s:40~l:54~t:2655,Tulane,Green Wave,TULN,006747,418fde,home,77,TRUE,12,6,33,39,31,79,NA,12,63,10,16,23,25,12,0,0,25,5,20,58,0,15,15,2454,s:40~l:54~t:2454,North Florida,Ospreys,004B8D,babcbe,54,10,44,22,NA,NA
401824233,2026,11/12/2025,2287,s:40~l:54~t:2287,Illinois State,Redbirds,ILST,CE1126,ffe716,home,101,TRUE,21,7,42,50,34,68,NA,19,77,24,31,53,20,10,2,0,31,9,29,62,0,20,20,2130,s:40~l:54~t:2130,Chicago State,Cougars,006700,NA,52,25,50,21,NA,NA
401830947,2026,11/12/2025,2854,s:40~l:54~t:2854,Bloomfield,Deacons,BFC,000000,NA,away,58,FALSE,6,0,29,33,18,54,NA,22,69,18,26,7,13,10,3,1,19,4,21,42,1,22,22,2169,s:40~l:54~t:2169,Delaware State,Hornets,009cdb,d51c28,74,2,28,13,NA,NA
401819747,2026,11/12/2025,2447,s:40~l:54~t:2447,Nicholls,Colonels,NICH,C41230,f0f0f0,away,64,FALSE,6,3,17,42,27,64,NA,13,67,6,9,13,14,9,0,0,29,4,14,31,0,21,21,52,s:40~l:54~t:52,Florida State,Seminoles,782f40,ceb888,89,11,36,11,NA,NA
401819747,2026,11/12/2025,52,s:40~l:54~t:52,Florida State,Seminoles,FSU,782f40,ceb888,home,89,TRUE,18,7,25,48,32,66,NA,12,71,10,14,30,16,11,0,0,44,15,34,41,0,17,17,2447,s:40~l:54~t:2447,Nicholls,Colonels,C41230,f0f0f0,64,20,32,37,NA,NA
401817549,2026,11/11/2025,25,s:40~l:54~t:25,California,Golden Bears,CAL,041e42,ffc72c,home,60,TRUE,10,1,32,39,21,54,NA,16,73,16,22,10,11,7,3,0,13,2,16,43,0,18,18,279,s:40~l:54~t:279,Pacific,Tigers,F47820,c2c3c0,52,14,38,20,NA,NA
401827854,2026,11/11/2025,2547,s:40~l:54~t:2547,Seattle U,Redhawks,SEA,BF2E1A,c2c3c0,away,53,FALSE,7,0,21,45,17,38,NA,16,75,18,24,0,2,3,7,1,10,1,10,23,1,24,24,278,s:40~l:54~t:278,Fresno State,Bulldogs,b1102b,13284c,78,12,32,14,NA,NA
401826077,2026,11/11/2025,2501,s:40~l:54~t:2501,Portland,Pilots,PORT,330072,a8b3ba,home,107,TRUE,25,11,29,63,40,64,NA,12,83,15,18,81,12,21,2,0,57,12,21,41,0,15,15,106392,s:40~l:54~t:106392,Warner Pacific,Knights,NA,NA,26,6,52,42,NA,NA
401822219,2026,11/11/2025,254,s:40~l:54~t:254,Utah,Utes,UTAH,be0000,ffffff,home,75,TRUE,21,4,33,55,28,51,NA,14,55,6,11,23,5,11,0,0,54,13,24,38,0,22,22,3084,s:40~l:54~t:3084,Utah Valley,Wolverines,004812,e1c736,52,5,28,15,NA,NA
401818676,2026,11/11/2025,2253,s:40~l:54~t:2253,Grand Canyon,Lopes,GCU,522398,ffffff,away,66,FALSE,10,2,20,43,24,56,NA,21,73,11,15,0,11,8,2,0,44,7,16,31,0,23,23,2483,s:40~l:54~t:2483,Oregon,Ducks,00934b,fff41b,84,6,30,17,NA,NA
401818676,2026,11/11/2025,2483,s:40~l:54~t:2483,Oregon,Ducks,ORE,00934b,fff41b,home,84,TRUE,18,6,20,57,31,54,NA,19,81,17,21,26,7,12,0,0,24,5,21,27,0,17,17,2253,s:40~l:54~t:2253,Grand Canyon,Lopes,522398,ffffff,66,19,46,22,NA,NA
401826975,2026,11/11/2025,93,s:40~l:54~t:93,Murray State,Racers,MUR,002148,000e00,away,60,FALSE,7,2,24,29,21,72,NA,16,87,13,15,6,15,8,1,0,17,5,29,39,0,12,12,2571,s:40~l:54~t:2571,South Dakota State,Jackrabbits,0033a0,ffd100,91,0,26,9,NA,NA
401826975,2026,11/11/2025,2571,s:40~l:54~t:2571,South Dakota State,Jackrabbits,SDST,0033a0,ffd100,home,91,TRUE,19,9,37,58,38,66,NA,11,64,7,11,33,7,6,0,0,36,8,22,44,0,11,11,93,s:40~l:54~t:93,Murray State,Racers,002148,000e00,60,10,56,20,NA,NA
401825960,2026,11/11/2025,492,s:40~l:54~t:492,Bethany (KS),BETHANY (KS),BYKS,000000,NA,away,52,FALSE,10,2,21,39,22,56,NA,19,100,4,4,0,11,10,5,0,33,4,12,32,0,30,30,2458,s:40~l:54~t:2458,Northern Colorado,Bears,13558D,ffc533,84,2,26,19,NA,NA
401825836,2026,11/11/2025,2464,s:40~l:54~t:2464,Northern Arizona,Lumberjacks,NAU,003976,1b3069,home,100,TRUE,19,2,26,47,37,79,NA,27,62,18,29,43,16,24,0,1,33,8,24,42,1,15,15,111228,s:40~l:54~t:111228,Embry Riddle (AZ),Eagles,NA,NA,59,21,52,42,NA,NA
401822782,2026,11/11/2025,269,s:40~l:54~t:269,Marquette,Golden Eagles,MARQ,003366,ffcc00,away,47,FALSE,11,5,22,33,18,55,NA,11,100,3,3,0,6,6,1,0,29,8,28,28,0,19,19,135,s:40~l:54~t:135,Minnesota,Golden Gophers,5e0a2f,fab41c,90,3,12,7,NA,NA
401822782,2026,11/11/2025,135,s:40~l:54~t:135,Minnesota,Golden Gophers,MINN,5e0a2f,fab41c,home,90,TRUE,24,3,31,51,38,75,NA,6,60,3,5,43,16,9,0,0,41,11,27,47,0,8,8,269,s:40~l:54~t:269,Marquette,Golden Eagles,003366,ffcc00,47,5,48,18,NA,NA
401820509,2026,11/11/2025,357,s:40~l:54~t:357,Texas A&M-Corpus Christi,Islanders,AMCC,0067c5,007f3e,home,62,FALSE,13,3,26,37,20,54,NA,19,46,13,28,0,11,4,1,0,47,9,19,37,0,19,19,2541,s:40~l:54~t:2541,Santa Clara,Broncos,690b0b,101010,85,2,20,20,NA,NA
401826161,2026,11/11/2025,2433,s:40~l:54~t:2433,UL Monroe,Warhawks,ULM,840029,fdb913,home,74,TRUE,10,2,31,47,27,58,NA,27,60,18,30,27,15,13,4,0,25,2,8,46,0,24,24,2755,s:40~l:54~t:2755,Grambling,Lady Tigers,ee8601,ffd10a,55,7,40,13,NA,NA
401825101,2026,11/11/2025,2724,s:40~l:54~t:2724,Wichita State,Shockers,WICH,ffcd00,27251f,away,71,FALSE,17,3,19,39,29,75,NA,25,63,5,8,15,17,10,0,1,31,8,26,36,1,13,13,98,s:40~l:54~t:98,Western Kentucky,Lady Toppers,e13a3e,ffffff,73,11,36,19,NA,NA
401825101,2026,11/11/2025,98,s:40~l:54~t:98,Western Kentucky,Lady Toppers,WKU,e13a3e,ffffff,home,73,TRUE,12,7,31,47,23,49,NA,12,61,23,38,7,12,5,1,0,40,4,10,43,0,17,17,2724,s:40~l:54~t:2724,Wichita State,Shockers,ffcd00,27251f,71,0,30,16,NA,NA
401824757,2026,11/11/2025,2348,s:40~l:54~t:2348,Louisiana Tech,Lady Techsters,LT,003087,cb333b,home,121,TRUE,27,9,36,51,50,98,NA,13,69,9,13,87,27,25,0,0,38,12,32,63,0,14,14,2347,s:40~l:54~t:2347,Louisiana Christian,Wildcats,000000,NA,34,15,74,43,NA,NA
401817407,2026,11/11/2025,2032,s:40~l:54~t:2032,Arkansas State,Red Wolves,ARST,cc092f,000000,away,75,FALSE,14,0,15,36,24,66,NA,17,74,14,19,2,13,10,0,0,43,13,30,28,0,19,19,142,s:40~l:54~t:142,Missouri,Tigers,f1b82d,000000,97,4,20,22,NA,NA
401817575,2026,11/11/2025,311,s:40~l:54~t:311,Maine,Black Bears,ME,127dbe,NA,away,47,FALSE,9,1,27,29,20,69,NA,12,33,1,3,0,9,5,0,0,19,6,32,36,0,8,8,152,s:40~l:54~t:152,NC State,Wolfpack,cc0000,ffffff,66,4,22,9,NA,NA
401817575,2026,11/11/2025,152,s:40~l:54~t:152,NC State,Wolfpack,NCSU,cc0000,ffffff,home,66,TRUE,14,6,41,40,27,67,NA,10,82,9,11,24,13,5,0,0,15,3,20,54,0,9,9,311,s:40~l:54~t:311,Maine,Black Bears,127dbe,NA,47,12,42,6,NA,NA
401832537,2026,11/11/2025,112358,s:40~l:54~t:112358,Long Island University,Sharks,LIU,50c9f7,ffbf00,home,89,TRUE,19,3,28,41,32,78,NA,16,83,20,24,62,25,18,0,0,24,5,21,53,0,13,13,2871,s:40~l:54~t:2871,Kean,Cougars,092f56,ffffff,27,19,48,42,NA,NA
401829548,2026,11/11/2025,2710,s:40~l:54~t:2710,Western Illinois,Leathernecks,WIU,4e1e8a,ffc90a,away,68,TRUE,11,4,28,45,24,53,NA,16,67,16,24,18,12,5,1,0,50,4,8,40,0,14,14,2459,s:40~l:54~t:2459,Northern Illinois,Huskies,c8102e,000000,50,12,34,12,NA,NA
401829359,2026,11/11/2025,2424,s:40~l:54~t:2424,New Mexico Highlands,Cowboys,NMHU,000000,NA,away,61,FALSE,5,1,19,32,24,75,NA,26,56,9,16,0,16,16,0,0,17,4,23,35,0,22,22,166,s:40~l:54~t:166,New Mexico State,Aggies,7e141b,231f20,78,4,30,25,NA,NA
401828586,2026,11/11/2025,277,s:40~l:54~t:277,West Virginia,Mountaineers,WVU,eaaa00,002855,home,89,TRUE,16,2,31,53,31,59,NA,17,74,17,23,32,10,6,0,0,43,10,23,41,0,18,18,218,s:40~l:54~t:218,Temple,Owls,a41e35,ffffff,61,10,34,24,NA,NA
401828507,2026,11/11/2025,2393,s:40~l:54~t:2393,Middle Tennessee,Blue Raiders,MTSU,036eb7,ffffff,away,54,FALSE,5,4,17,42,21,50,NA,14,58,7,12,10,11,5,2,0,28,5,18,28,0,19,19,2635,s:40~l:54~t:2635,Tennessee Tech,Golden Eagles,5A4099,ffde00,63,2,26,16,NA,NA
401827750,2026,11/11/2025,282,s:40~l:54~t:282,Indiana State,Sycamores,INST,00669a,f0f0f0,home,90,TRUE,18,6,31,48,33,69,NA,21,53,17,32,23,18,9,1,0,47,7,15,49,0,20,20,2197,s:40~l:54~t:2197,Eastern Illinois,Panthers,000000,bebab9,69,29,36,25,NA,NA
401827224,2026,11/11/2025,155,s:40~l:54~t:155,North Dakota,Fighting Hawks,UND,00A26B,c2c3c0,away,43,FALSE,8,4,33,29,14,48,NA,16,56,9,16,7,8,6,2,0,24,6,25,41,0,26,26,2739,s:40~l:54~t:2739,Green Bay,Phoenix,006633,ffffff,67,2,16,5,NA,NA
401826614,2026,11/11/2025,276,s:40~l:54~t:276,Marshall,Thundering Herd,MRSH,00b140,000000,away,51,FALSE,9,2,18,29,18,63,NA,25,79,11,14,0,12,18,2,0,18,4,22,30,0,16,16,84,s:40~l:54~t:84,Indiana,Hoosiers,970310,ffffff,57,5,26,22,NA,NA
401826614,2026,11/11/2025,84,s:40~l:54~t:84,Indiana,Hoosiers,IU,970310,ffffff,home,57,TRUE,11,2,32,41,20,49,NA,15,67,14,21,16,14,8,2,0,21,3,14,46,0,28,28,276,s:40~l:54~t:276,Marshall,Thundering Herd,00b140,000000,51,8,32,10,NA,NA
401826155,2026,11/11/2025,292,s:40~l:54~t:292,UT Rio Grande Valley,Vaqueros,RGV,dc6000,e1732d,away,58,FALSE,13,3,30,49,20,41,NA,14,67,10,15,6,3,6,3,0,44,8,18,33,0,25,25,2000,s:40~l:54~t:2000,Abilene Christian,Wildcats,592d82,b1b3b3,76,7,16,4,NA,NA
401825010,2026,11/11/2025,2132,s:40~l:54~t:2132,Cincinnati,Bearcats,CIN,000000,e00122,away,65,FALSE,12,2,17,37,24,65,NA,15,50,9,18,7,23,6,2,0,50,8,16,40,0,11,11,2603,s:40~l:54~t:2603,Saint Joseph's,Hawks,9e1b32,6c6f70,70,1,22,15,NA,NA
401825010,2026,11/11/2025,2603,s:40~l:54~t:2603,Saint Joseph's,Hawks,JOES,9e1b32,6c6f70,home,70,TRUE,17,4,21,48,24,50,NA,14,78,14,18,11,9,5,1,0,35,8,23,30,0,13,13,2132,s:40~l:54~t:2132,Cincinnati,Bearcats,000000,e00122,65,3,28,11,NA,NA
401823692,2026,11/11/2025,179,s:40~l:54~t:179,St. Bonaventure,Bonnies,SBU,70261D,NA,away,68,TRUE,13,2,27,42,25,60,NA,17,72,13,18,3,15,8,1,0,31,5,16,42,0,15,15,2066,s:40~l:54~t:2066,Binghamton,Bearcats,00614A,f0f0f0,65,9,34,10,NA,NA
401813932,2026,11/11/2025,2368,s:40~l:54~t:2368,Marist,Red Foxes,MRST,e53730,f0f0f0,home,56,FALSE,14,3,24,36,20,56,NA,19,80,12,15,13,9,6,2,0,20,4,20,33,0,18,18,2803,s:40~l:54~t:2803,Bryant,Bulldogs,000000,9f8343,66,2,26,11,NA,NA
401813873,2026,11/11/2025,2099,s:40~l:54~t:2099,Canisius,Golden Griffins,CAN,004a81,dda50f,away,72,FALSE,17,1,19,52,24,46,NA,19,77,17,22,2,11,4,2,0,50,7,14,30,0,28,28,183,s:40~l:54~t:183,Syracuse,Orange,000e54,ff431b,96,9,30,10,NA,NA
401813873,2026,11/11/2025,183,s:40~l:54~t:183,Syracuse,Orange,SYR,000e54,ff431b,home,96,TRUE,15,1,13,54,37,69,NA,16,73,19,26,28,17,13,0,0,33,3,9,30,0,11,11,2099,s:40~l:54~t:2099,Canisius,Golden Griffins,004a81,dda50f,72,16,56,39,NA,NA
401820135,2026,11/11/2025,2168,s:40~l:54~t:2168,Dayton,Flyers,DAY,004B8D,ffffff,away,71,TRUE,16,3,36,45,26,58,NA,24,57,13,23,14,12,6,1,0,32,6,19,48,0,20,20,2752,s:40~l:54~t:2752,Xavier,Musketeers,21304e,a5a7a8,66,11,34,13,NA,NA
401820135,2026,11/11/2025,2752,s:40~l:54~t:2752,Xavier,Musketeers,XAV,21304e,a5a7a8,home,66,FALSE,11,5,25,31,20,65,NA,22,87,20,23,5,9,4,0,0,22,6,27,34,0,13,13,2168,s:40~l:54~t:2168,Dayton,Flyers,004B8D,ffffff,71,9,22,11,NA,NA
401811125,2026,11/11/2025,228,s:40~l:54~t:228,Clemson,Tigers,CLEM,f56600,ffffff,away,37,FALSE,9,1,21,23,14,61,NA,14,100,4,4,0,10,5,2,0,15,5,33,31,0,10,10,2579,s:40~l:54~t:2579,South Carolina,Gamecocks,73000a,000000,65,3,18,13,NA,NA
401811125,2026,11/11/2025,2579,s:40~l:54~t:2579,South Carolina,Gamecocks,SC,73000a,000000,home,65,TRUE,11,10,37,45,26,58,NA,10,80,8,10,28,11,3,0,0,56,5,9,48,0,12,12,228,s:40~l:54~t:228,Clemson,Tigers,f56600,ffffff,37,7,36,11,NA,NA
401827762,2026,11/11/2025,2379,s:40~l:54~t:2379,Maryland Eastern Shore,Hawks,UMES,5c2301,b5b7ba,home,71,TRUE,8,1,23,42,22,53,NA,30,67,24,36,19,14,18,2,1,27,3,11,37,1,21,21,2405,s:40~l:54~t:2405,Monmouth,Hawks,051844,NA,66,14,34,27,NA,NA
401824989,2026,11/11/2025,2325,s:40~l:54~t:2325,La Salle,Explorers,LAS,003356,ffce00,away,81,TRUE,13,0,24,49,27,55,NA,16,69,20,29,17,12,14,0,0,58,7,12,36,0,17,17,2329,s:40~l:54~t:2329,Lehigh,Mountain Hawks,6c2b2a,b69e70,70,12,38,15,NA,NA
401824989,2026,11/11/2025,2329,s:40~l:54~t:2329,Lehigh,Mountain Hawks,LEH,6c2b2a,b69e70,home,70,FALSE,15,2,20,44,24,55,NA,21,80,12,15,6,8,9,0,0,33,10,30,28,0,21,21,2325,s:40~l:54~t:2325,La Salle,Explorers,003356,ffce00,81,9,26,21,NA,NA
401824984,2026,11/11/2025,47,s:40~l:54~t:47,Howard,Bison,HOW,003a63,e51937,away,62,TRUE,7,5,21,38,21,55,NA,19,69,18,26,15,10,13,0,0,13,2,16,31,0,11,11,45,s:40~l:54~t:45,George Washington,Revolutionaries,002843,e8d2a1,60,10,28,16,NA,NA
401824984,2026,11/11/2025,45,s:40~l:54~t:45,George Washington,Revolutionaries,GW,002843,e8d2a1,home,60,FALSE,9,4,25,41,21,51,NA,23,94,15,16,1,10,5,0,0,18,3,17,35,0,19,19,47,s:40~l:54~t:47,Howard,Bison,003a63,e51937,62,2,32,8,NA,NA
401824163,2026,11/11/2025,2127,s:40~l:54~t:2127,Charleston Southern,Buccaneers,CHSO,2e3192,ded090,away,62,FALSE,17,0,28,41,23,56,NA,15,55,6,11,7,7,3,1,0,33,10,30,35,0,24,24,151,s:40~l:54~t:151,East Carolina,Pirates,582c83,ffc72c,91,10,18,15,NA,NA
401824163,2026,11/11/2025,151,s:40~l:54~t:151,East Carolina,Pirates,ECU,582c83,ffc72c,home,91,TRUE,20,2,28,46,34,74,NA,17,75,12,16,31,13,14,1,1,44,11,25,41,1,10,10,2127,s:40~l:54~t:2127,Charleston Southern,Buccaneers,2e3192,ded090,62,28,38,31,NA,NA
401824096,2026,11/11/2025,2275,s:40~l:54~t:2275,Hofstra,Pride,HOF,003594,ffc72c,away,73,TRUE,15,0,18,45,27,60,NA,17,72,13,18,10,17,9,1,0,26,6,23,35,0,19,19,43,s:40~l:54~t:43,Yale,Bulldogs,004a81,286dc0,66,10,40,24,NA,NA
401824076,2026,11/11/2025,108,s:40~l:54~t:108,Harvard,Crimson,HARV,990000,dbdbdb,away,55,FALSE,14,4,22,34,21,61,NA,16,75,3,4,7,19,6,1,0,38,10,26,41,0,23,23,113,s:40~l:54~t:113,Massachusetts,Minutewomen,881c1c,ffffff,68,0,22,7,NA,NA
401824076,2026,11/11/2025,113,s:40~l:54~t:113,Massachusetts,Minutewomen,MASS,881c1c,ffffff,home,68,TRUE,18,1,19,38,23,60,NA,6,81,13,16,13,13,13,1,0,45,9,20,32,0,13,13,108,s:40~l:54~t:108,Harvard,Crimson,990000,dbdbdb,55,9,24,28,NA,NA
401823705,2026,11/11/2025,2681,s:40~l:54~t:2681,Wagner,Seahawks,WAG,00483A,ffffff,away,58,FALSE,9,2,26,32,20,62,NA,16,58,14,24,1,18,6,0,0,33,4,12,44,0,19,19,2885,s:40~l:54~t:2885,NJIT,Highlanders,EE3024,df3e2e,78,2,26,9,NA,NA
401819779,2026,11/11/2025,172,s:40~l:54~t:172,Cornell,Big Red,COR,b31b1b,ffffff,away,54,FALSE,16,2,22,38,20,53,NA,11,60,6,10,7,8,5,3,0,35,8,23,30,0,15,15,221,s:40~l:54~t:221,Pittsburgh,Panthers,003594,ffb81c,56,0,14,8,NA,NA
401822159,2026,11/11/2025,56,s:40~l:54~t:56,Stetson,Hatters,STET,0a5640,56854e,away,54,FALSE,9,1,34,35,22,62,NA,14,58,7,12,3,11,3,1,0,21,3,14,45,0,18,18,119,s:40~l:54~t:119,Towson,Tigers,FFC229,NA,76,0,36,8,NA,NA
401812635,2026,11/11/2025,2599,s:40~l:54~t:2599,St. John's,Red Storm,SJU,d10000,101010,away,53,TRUE,7,2,20,37,20,54,NA,17,54,7,13,6,11,10,2,1,35,6,17,31,1,23,23,2514,s:40~l:54~t:2514,Quinnipiac,Bobcats,041B43,NA,51,8,24,19,NA,NA
401822254,2026,11/11/2025,2934,s:40~l:54~t:2934,Cal State Bakersfield,Roadrunners,CSUB,003BAB,NA,home,65,FALSE,13,5,18,40,24,60,NA,21,71,12,17,5,16,9,3,0,31,5,16,34,0,16,16,328,s:40~l:54~t:328,Utah State,Aggies,0f2439,ffffff,68,8,28,12,NA,NA
401827889,2026,11/11/2025,104,s:40~l:54~t:104,Boston University,Terriers,BU,cc0000,ffffff,away,61,TRUE,13,5,24,41,20,49,NA,8,78,14,18,4,8,5,1,0,44,7,16,32,0,15,15,111,s:40~l:54~t:111,Northeastern,Huskies,CC0001,c2c3c0,57,4,26,18,NA,NA
401812512,2026,11/11/2025,315,s:40~l:54~t:315,Niagara,Purple Eagles,NIA,69207E,f0f0f0,away,50,FALSE,8,6,16,31,19,61,NA,21,67,8,12,2,15,13,1,0,31,4,13,31,0,23,23,284,s:40~l:54~t:284,Stonehill,Skyhawks,000000,NA,65,10,28,20,NA,NA
401828744,2026,11/11/2025,2638,s:40~l:54~t:2638,UTEP,Miners,UTEP,ff8200,041e42,home,81,TRUE,17,0,31,37,34,93,NA,13,54,7,13,27,33,9,1,0,24,6,25,64,0,15,15,2703,s:40~l:54~t:2703,Western New Mexico,Mustangs,000000,NA,56,27,48,20,NA,NA
401824191,2026,11/11/2025,2504,s:40~l:54~t:2504,Prairie View A&M,Lady Panthers,PV,582c83,eaaa00,away,55,FALSE,6,2,23,44,24,55,NA,13,50,4,8,0,7,2,0,0,20,3,15,30,0,29,29,197,s:40~l:54~t:197,Oklahoma State,Cowgirls,fe5c00,000000,105,7,32,4,NA,NA
401824191,2026,11/11/2025,197,s:40~l:54~t:197,Oklahoma State,Cowgirls,OKST,fe5c00,000000,home,105,TRUE,29,5,27,50,41,82,NA,13,83,10,12,50,18,19,0,0,34,13,38,45,0,10,10,2504,s:40~l:54~t:2504,Prairie View A&M,Lady Panthers,582c83,eaaa00,55,40,54,35,NA,NA
401823085,2026,11/11/2025,2352,s:40~l:54~t:2352,Loyola Maryland,Greyhounds,L-MD,76a7a0,c9cbca,away,50,FALSE,13,1,25,49,21,43,NA,17,67,2,3,4,8,8,5,0,43,6,14,33,0,27,27,2515,s:40~l:54~t:2515,Radford,Highlanders,BC1515,c2c3c0,59,0,28,10,NA,NA
401830623,2026,11/10/2025,201,s:40~l:54~t:201,Oklahoma,Sooners,OU,990000,ffffff,away,59,FALSE,15,5,30,30,23,76,NA,14,60,9,15,3,16,10,0,0,24,4,17,46,0,9,9,26,s:40~l:54~t:26,UCLA,Bruins,2774ae,f2a900,73,13,26,12,NA,NA
401830623,2026,11/10/2025,26,s:40~l:54~t:26,UCLA,Bruins,UCLA,2774ae,f2a900,home,73,TRUE,19,7,42,40,29,73,NA,16,78,7,9,16,15,7,0,0,36,8,22,57,0,15,15,201,s:40~l:54~t:201,Oklahoma,Sooners,990000,ffffff,59,11,30,9,NA,NA
401825776,2026,11/10/2025,149,s:40~l:54~t:149,Montana,Lady Griz,MONT,751D4A,666666,away,56,FALSE,12,4,21,29,18,62,NA,19,64,7,11,0,2,3,1,0,32,13,40,23,0,10,10,264,s:40~l:54~t:264,Washington,Huskies,33006f,e8d3a2,87,0,8,4,NA,NA
401825109,2026,11/10/2025,2110,s:40~l:54~t:2110,Central Arkansas,Sugar Bears,CARK,a7a9ac,8e959a,away,77,FALSE,13,1,33,39,30,77,NA,27,63,10,16,10,14,3,1,0,24,7,29,47,0,10,10,8,s:40~l:54~t:8,Arkansas,Razorbacks,a32136,ffffff,89,0,36,17,NA,NA
401825109,2026,11/10/2025,8,s:40~l:54~t:8,Arkansas,Razorbacks,ARK,a32136,ffffff,home,89,TRUE,13,4,34,36,26,72,NA,15,78,28,36,12,16,5,0,0,35,9,26,50,0,10,10,2110,s:40~l:54~t:2110,Central Arkansas,Sugar Bears,a7a9ac,8e959a,77,20,30,16,NA,NA
401822787,2026,11/10/2025,204,s:40~l:54~t:204,Oregon State,Beavers,ORST,dc4405,000000,home,60,TRUE,12,4,31,51,22,43,NA,9,47,9,19,12,12,4,0,0,33,7,21,43,0,21,21,2005,s:40~l:54~t:2005,Air Force,Falcons,003594,ffffff,49,2,28,10,NA,NA
401818597,2026,11/10/2025,309,s:40~l:54~t:309,Louisiana,Ragin' Cajuns,UL,ce181e,000000,away,38,FALSE,5,0,16,26,13,50,NA,21,71,10,14,2,11,5,2,0,15,2,13,27,0,32,32,251,s:40~l:54~t:251,Texas,Longhorns,af5c37,ffffff,100,14,10,9,NA,NA
401818597,2026,11/10/2025,251,s:40~l:54~t:251,Texas,Longhorns,TEX,af5c37,ffffff,home,100,TRUE,19,7,25,59,39,66,NA,12,64,18,28,62,14,18,1,0,29,4,14,39,0,14,14,309,s:40~l:54~t:309,Louisiana,Ragin' Cajuns,ce181e,000000,38,16,62,37,NA,NA
401826984,2026,11/10/2025,233,s:40~l:54~t:233,South Dakota,Coyotes,SDAK,CD1241,f0f0f0,home,104,TRUE,24,8,32,47,40,86,NA,15,92,12,13,50,23,10,0,0,31,12,39,55,0,10,10,63,s:40~l:54~t:63,Buena Vista,Beavers,feba12,001440,54,6,44,33,NA,NA
401812566,2026,11/10/2025,275,s:40~l:54~t:275,Wisconsin,Badgers,WIS,a00000,ffffff,home,75,TRUE,14,8,26,45,27,60,NA,16,93,14,15,32,6,16,1,0,29,7,24,32,0,11,11,270,s:40~l:54~t:270,Milwaukee,Panthers,000000,ffc20e,46,8,34,32,NA,NA
401818606,2026,11/10/2025,231,s:40~l:54~t:231,Furman,Paladins,FUR,582c83,ffffff,away,48,FALSE,9,2,20,33,17,51,NA,21,50,7,14,0,8,5,5,0,33,7,21,28,0,28,28,238,s:40~l:54~t:238,Vanderbilt,Commodores,000000,cfae70,96,4,14,5,NA,NA
401826606,2026,11/10/2025,108827,s:40~l:54~t:108827,Blue Mountain Christian,Toppers,BMCU,NA,NA,away,39,FALSE,8,1,17,25,15,59,NA,19,100,4,4,0,5,6,0,0,22,5,23,22,0,23,23,2572,s:40~l:54~t:2572,Southern Miss,Lady Eagles,ffc72c,231f20,113,4,16,7,NA,NA
401826606,2026,11/10/2025,2572,s:40~l:54~t:2572,Southern Miss,Lady Eagles,USM,ffc72c,231f20,home,113,TRUE,16,3,39,64,46,72,NA,6,68,13,19,77,13,12,0,0,50,8,16,52,0,11,11,108827,s:40~l:54~t:108827,Blue Mountain Christian,Toppers,NA,NA,39,25,62,41,NA,NA
401825731,2026,11/10/2025,2115,s:40~l:54~t:2115,Central Connecticut,Blue Devils,CCSU,1B49A2,d1d5d8,away,40,FALSE,6,2,27,22,13,58,NA,12,67,12,18,4,12,3,1,0,13,2,16,39,0,20,20,2507,s:40~l:54~t:2507,Providence,Friars,000000,a3a19e,65,2,18,4,NA,NA
401825731,2026,11/10/2025,2507,s:40~l:54~t:2507,Providence,Friars,PROV,000000,a3a19e,home,65,TRUE,18,6,34,38,27,71,NA,13,44,8,18,29,21,15,0,0,15,3,20,55,0,14,14,2115,s:40~l:54~t:2115,Central Connecticut,Blue Devils,1B49A2,d1d5d8,40,13,40,21,NA,NA
401824914,2026,11/10/2025,50,s:40~l:54~t:50,Florida A&M,Rattlers,FAMU,F89728,00843d,away,40,FALSE,7,1,28,30,16,54,NA,17,63,5,8,0,7,1,1,0,16,3,19,35,0,19,19,2244,s:40~l:54~t:2244,George Mason,Patriots,016600,ecb010,88,7,16,5,NA,NA
401824914,2026,11/10/2025,2244,s:40~l:54~t:2244,George Mason,Patriots,GMU,016600,ecb010,home,88,TRUE,25,4,32,42,32,76,NA,10,58,11,19,53,21,13,0,0,42,13,31,53,0,6,6,50,s:40~l:54~t:50,Florida A&M,Rattlers,F89728,00843d,40,20,26,28,NA,NA
401824281,2026,11/10/2025,2625,s:40~l:54~t:2625,Talladega,Tornadoes,TLDG,000000,NA,away,55,FALSE,13,5,14,28,19,69,NA,17,46,12,26,0,17,21,2,0,29,5,17,31,0,20,20,2011,s:40~l:54~t:2011,Alabama State,Lady Hornets,e9a900,0a0a0a,72,13,20,28,NA,NA
401824281,2026,11/10/2025,2011,s:40~l:54~t:2011,Alabama State,Lady Hornets,ALST,e9a900,0a0a0a,home,72,TRUE,12,11,36,46,27,59,NA,29,75,15,20,31,19,11,0,0,19,3,16,55,0,34,34,2625,s:40~l:54~t:2625,Talladega,Tornadoes,000000,NA,55,23,42,28,NA,NA
401824203,2026,11/10/2025,2453,s:40~l:54~t:2453,North Alabama,Lions,UNA,000000,NA,home,66,TRUE,16,4,28,37,24,65,NA,17,53,10,19,25,12,14,1,0,33,8,24,40,0,10,10,55,s:40~l:54~t:55,Jacksonville State,Gamecocks,cc0000,000000,54,9,32,17,NA,NA
401818516,2026,11/10/2025,294,s:40~l:54~t:294,Jacksonville,Dolphins,JAX,00523e,NA,away,55,FALSE,8,2,24,36,21,59,NA,29,59,10,17,0,11,8,0,1,27,3,11,35,1,25,25,57,s:40~l:54~t:57,Florida,Gators,0021a5,fa4616,100,5,22,11,NA,NA
401818516,2026,11/10/2025,57,s:40~l:54~t:57,Florida,Gators,FLA,0021a5,fa4616,home,100,TRUE,14,1,32,51,35,68,NA,18,74,26,35,46,14,14,1,1,21,4,19,46,1,13,13,294,s:40~l:54~t:294,Jacksonville,Dolphins,00523e,NA,55,22,60,32,NA,NA
401817329,2026,11/10/2025,2241,s:40~l:54~t:2241,Gardner-Webb,Runnin' Bulldogs,GWEB,c12535,909090,away,56,FALSE,11,3,17,42,22,53,NA,15,39,7,18,6,13,10,2,0,31,5,16,30,0,18,18,2382,s:40~l:54~t:2382,Mercer,Bears,ff7f29,080808,61,11,30,21,NA,NA
401813263,2026,11/10/2025,2016,s:40~l:54~t:2016,Alcorn State,Lady Braves,ALCN,4b0058,46166a,away,39,FALSE,8,2,18,27,13,48,NA,20,53,9,17,0,8,3,1,0,31,4,13,26,0,24,24,333,s:40~l:54~t:333,Alabama,Crimson Tide,9e1b32,ffffff,92,4,14,12,NA,NA
401813263,2026,11/10/2025,333,s:40~l:54~t:333,Alabama,Crimson Tide,ALA,9e1b32,ffffff,home,92,TRUE,19,6,31,56,33,59,NA,18,83,15,18,53,8,15,1,0,50,11,22,39,0,15,15,2016,s:40~l:54~t:2016,Alcorn State,Lady Braves,4b0058,46166a,39,15,44,27,NA,NA
401812421,2026,11/10/2025,2854,s:40~l:54~t:2854,Bloomfield,Deacons,BFC,000000,NA,away,60,FALSE,10,0,21,34,20,58,NA,11,92,11,12,0,8,10,0,0,35,9,26,29,0,20,20,161,s:40~l:54~t:161,Fairleigh Dickinson,Knights,72293c,28334a,92,0,16,4,NA,NA
401809050,2026,11/10/2025,3195,s:40~l:54~t:3195,St. Thomas (TX),Celts,STTX,NA,NA,away,72,FALSE,9,4,17,41,25,61,NA,23,73,8,11,6,9,16,1,0,52,14,27,26,0,19,19,2916,s:40~l:54~t:2916,Incarnate Word,Cardinals,000000,080808,86,6,22,19,NA,NA
401829559,2026,11/10/2025,2473,s:40~l:54~t:2473,Oakland,Golden Grizzlies,OAK,04091c,bc955c,home,80,TRUE,17,3,29,47,30,64,NA,20,79,11,14,18,13,7,2,0,29,9,31,42,0,21,21,193,s:40~l:54~t:193,Miami (OH),RedHawks,c41230,ffffff,75,10,38,13,NA,NA
401829271,2026,11/10/2025,159,s:40~l:54~t:159,Dartmouth,Big Green,DART,005730,000000,away,41,FALSE,6,3,16,35,17,48,NA,10,50,4,8,7,10,2,1,0,21,3,14,26,0,17,17,399,s:40~l:54~t:399,UAlbany,Great Danes,3D2777,ffffff,65,0,22,6,NA,NA
401829271,2026,11/10/2025,399,s:40~l:54~t:399,UAlbany,Great Danes,UALB,3D2777,ffffff,home,65,TRUE,18,1,21,49,27,55,NA,13,57,4,7,24,11,12,1,0,44,7,16,32,0,8,8,159,s:40~l:54~t:159,Dartmouth,Big Green,005730,000000,41,10,34,15,NA,NA
401818529,2026,11/10/2025,61,s:40~l:54~t:61,Georgia,Lady Bulldogs,UGA,ba0c2f,2c2a29,home,78,TRUE,16,5,16,50,28,56,NA,20,70,14,20,36,13,12,0,0,42,8,19,29,0,13,13,2908,s:40~l:54~t:2908,South Carolina Upstate,Spartans,008545,000000,44,13,38,26,NA,NA
401825803,2026,11/10/2025,219,s:40~l:54~t:219,Pennsylvania,Quakers,PENN,082A74,a6163d,away,63,TRUE,12,2,36,44,23,52,NA,12,81,13,16,25,11,8,0,0,29,4,14,47,0,19,19,2169,s:40~l:54~t:2169,Delaware State,Hornets,009cdb,d51c28,41,4,26,14,NA,NA
401824977,2026,11/10/2025,2612,s:40~l:54~t:2612,Saint Peter's,Peacocks,SPU,004CC2,NA,away,56,FALSE,5,1,24,35,17,48,NA,19,61,17,28,3,9,7,1,0,25,5,20,33,0,20,20,2230,s:40~l:54~t:2230,Fordham,Rams,830032,909090,70,7,20,13,NA,NA
401829556,2026,11/10/2025,2309,s:40~l:54~t:2309,Kent State,Golden Flashes,KENT,002664,eaab00,home,79,TRUE,17,4,25,42,25,59,NA,13,69,20,29,26,12,18,1,0,31,9,29,37,0,19,19,2682,s:40~l:54~t:2682,Walsh,Cavaliers,000000,NA,55,26,30,30,NA,NA
401827192,2026,11/10/2025,2152,s:40~l:54~t:2152,Concordia (MN),Cobbers,CCMN,701d45,ffffff,away,60,FALSE,11,0,23,48,22,46,NA,14,61,11,18,1,7,2,1,0,50,5,10,30,0,23,23,2449,s:40~l:54~t:2449,North Dakota State,Bison,01402A,ffffff,84,4,28,11,NA,NA
401825192,2026,11/10/2025,2506,s:40~l:54~t:2506,Presbyterian,Blue Hose,PRES,194896,990134,away,48,FALSE,11,1,12,32,16,50,NA,20,64,9,14,1,9,5,0,0,41,7,17,21,0,19,19,2210,s:40~l:54~t:2210,Elon,Phoenix,020303,b59a57,93,5,16,10,NA,NA
401825192,2026,11/10/2025,2210,s:40~l:54~t:2210,Elon,Phoenix,ELON,020303,b59a57,home,93,TRUE,26,2,24,64,37,58,NA,15,65,13,20,48,12,7,0,0,50,6,12,36,0,10,10,2506,s:40~l:54~t:2506,Presbyterian,Blue Hose,194896,990134,48,8,48,24,NA,NA
401812775,2026,11/9/2025,16,s:40~l:54~t:16,Sacramento State,Hornets,SAC,00573C,cdb97d,away,52,FALSE,10,4,24,38,22,58,NA,21,100,2,2,5,10,3,2,0,25,6,24,34,0,19,19,25,s:40~l:54~t:25,California,Golden Bears,041e42,ffc72c,69,2,30,10,NA,NA
401812775,2026,11/9/2025,25,s:40~l:54~t:25,California,Golden Bears,CAL,041e42,ffc72c,home,69,TRUE,13,7,25,43,26,61,NA,8,55,12,22,17,14,9,0,0,24,5,21,39,0,11,11,16,s:40~l:54~t:16,Sacramento State,Hornets,00573C,cdb97d,52,7,36,20,NA,NA
401823029,2026,11/9/2025,2534,s:40~l:54~t:2534,Sam Houston,Bearkats,SHSU,f56423,ffffff,away,46,FALSE,8,1,16,29,19,66,NA,18,56,5,9,0,14,10,1,0,25,3,12,30,0,16,16,2628,s:40~l:54~t:2628,TCU,Horned Frogs,4d1979,ffffff,88,7,24,14,NA,NA
401823029,2026,11/9/2025,2628,s:40~l:54~t:2628,TCU,Horned Frogs,TCU,4d1979,ffffff,home,88,TRUE,25,7,34,58,35,60,NA,13,62,8,13,44,13,4,0,0,45,10,22,47,0,20,20,2534,s:40~l:54~t:2534,Sam Houston,Bearkats,f56423,ffffff,46,24,50,9,NA,NA
401824327,2026,11/9/2025,2504,s:40~l:54~t:2504,Prairie View A&M,Lady Panthers,PV,582c83,eaaa00,away,59,FALSE,9,2,26,37,23,62,NA,24,50,5,10,2,7,7,0,0,36,8,22,33,0,21,21,202,s:40~l:54~t:202,Tulsa,Golden Hurricane,003595,d0b787,79,7,22,12,NA,NA
401824327,2026,11/9/2025,202,s:40~l:54~t:202,Tulsa,Golden Hurricane,TLSA,003595,d0b787,home,79,TRUE,17,5,33,43,27,63,NA,19,63,19,30,23,14,7,1,0,27,6,22,47,0,17,17,2504,s:40~l:54~t:2504,Prairie View A&M,Lady Panthers,582c83,eaaa00,59,19,40,25,NA,NA
401824190,2026,11/9/2025,197,s:40~l:54~t:197,Oklahoma State,Cowgirls,OKST,fe5c00,000000,home,112,TRUE,30,5,32,55,43,78,NA,17,82,14,17,53,18,10,1,0,44,12,27,50,0,11,11,198,s:40~l:54~t:198,Oral Roberts,Golden Eagles,002462,dac792,62,17,60,27,NA,NA
401826682,2026,11/9/2025,325,s:40~l:54~t:325,Cleveland State,Vikings,CLE,006633,231f20,away,68,TRUE,10,4,31,47,21,45,NA,27,72,21,29,7,14,11,0,1,31,5,16,45,1,32,32,2239,s:40~l:54~t:2239,Cal State Fullerton,Titans,003767,ff8300,61,13,32,9,NA,NA
401826682,2026,11/9/2025,2239,s:40~l:54~t:2239,Cal State Fullerton,Titans,CSUF,003767,ff8300,home,61,FALSE,10,3,14,35,19,54,NA,25,57,21,37,12,11,16,1,0,13,2,15,25,0,18,18,325,s:40~l:54~t:325,Cleveland State,Vikings,006633,231f20,68,12,26,26,NA,NA
401826101,2026,11/9/2025,2172,s:40~l:54~t:2172,Denver,Pioneers,DEN,98002e,a8996e,away,57,FALSE,10,2,18,39,21,54,NA,19,77,10,13,0,13,5,1,0,29,5,17,31,0,19,19,2351,s:40~l:54~t:2351,Loyola Marymount,Lions,880029,00345b,64,6,26,14,NA,NA
401825714,2026,11/9/2025,156,s:40~l:54~t:156,Creighton,Bluejays,CREI,005ca9,6cadde,away,83,TRUE,17,3,29,44,28,64,NA,16,88,15,17,14,7,9,0,0,40,12,30,36,0,10,10,2181,s:40~l:54~t:2181,Drake,Bulldogs,005596,bec0c2,74,12,26,12,NA,NA
401825714,2026,11/9/2025,2181,s:40~l:54~t:2181,Drake,Bulldogs,DRKE,005596,bec0c2,home,74,FALSE,13,3,29,41,26,63,NA,17,82,14,17,0,9,2,0,0,38,8,21,38,0,12,12,156,s:40~l:54~t:156,Creighton,Bluejays,005ca9,6cadde,83,22,34,10,NA,NA
401822825,2026,11/9/2025,2460,s:40~l:54~t:2460,Northern Iowa,Panthers,UNI,473282,ffffff,away,58,FALSE,14,5,30,33,21,64,NA,22,63,10,16,11,15,9,0,0,26,6,23,45,0,20,20,139,s:40~l:54~t:139,Saint Louis,Billikens,00539C,ebebeb,62,13,24,18,NA,NA
401822825,2026,11/9/2025,139,s:40~l:54~t:139,Saint Louis,Billikens,SLU,00539C,ebebeb,home,62,TRUE,8,6,30,32,20,62,NA,23,70,14,20,5,13,8,0,0,40,8,20,43,0,18,18,2460,s:40~l:54~t:2460,Northern Iowa,Panthers,473282,ffffff,58,14,18,14,NA,NA
401822227,2026,11/9/2025,305,s:40~l:54~t:305,DePaul,Blue Demons,DEP,2d649c,ce1125,away,78,FALSE,15,5,27,45,31,69,NA,23,60,9,15,7,10,6,0,0,47,7,15,37,0,12,12,2439,s:40~l:54~t:2439,UNLV,Lady Rebels,cf0a2c,cac8c8,85,13,42,16,NA,NA
401822227,2026,11/9/2025,2439,s:40~l:54~t:2439,UNLV,Lady Rebels,UNLV,cf0a2c,cac8c8,home,85,TRUE,12,6,31,45,30,66,NA,14,85,22,26,10,10,8,0,0,19,3,16,41,0,12,12,305,s:40~l:54~t:305,DePaul,Blue Demons,2d649c,ce1125,78,10,50,8,NA,NA
401808049,2026,11/9/2025,70,s:40~l:54~t:70,Idaho,Vandals,IDHO,000000,8c6e4a,home,94,TRUE,25,4,32,49,38,77,NA,7,78,7,9,58,16,15,0,0,46,11,24,48,0,9,9,3152,s:40~l:54~t:3152,Walla Walla,Wolves,NA,NA,39,40,48,36,NA,NA
401817382,2026,11/9/2025,52,s:40~l:54~t:52,Florida State,Seminoles,FSU,782f40,ceb888,away,67,FALSE,10,3,17,38,24,63,NA,13,78,7,9,2,10,6,0,0,39,12,31,27,0,23,23,41,s:40~l:54~t:41,UConn,Huskies,0c2340,a2aaad,99,4,22,21,NA,NA
401817382,2026,11/9/2025,41,s:40~l:54~t:41,UConn,Huskies,CONN,0c2340,a2aaad,home,99,TRUE,20,6,28,57,39,69,NA,13,93,14,15,39,12,15,1,0,37,7,19,40,0,16,16,52,s:40~l:54~t:52,Florida State,Seminoles,782f40,ceb888,67,24,46,42,NA,NA
401825143,2026,11/9/2025,256,s:40~l:54~t:256,James Madison,Dukes,JMU,450084,cbb677,home,87,TRUE,21,12,34,51,34,67,NA,15,61,11,18,49,12,14,1,0,40,8,20,46,0,10,10,2511,s:40~l:54~t:2511,Queens University,Royals,192C66,857040,38,19,48,30,NA,NA
401822847,2026,11/9/2025,300,s:40~l:54~t:300,UC Irvine,Anteaters,UCI,002B5C,fec52e,away,61,FALSE,7,3,26,38,17,45,NA,23,70,23,33,8,9,3,0,0,24,4,17,35,0,17,17,12,s:40~l:54~t:12,Arizona,Wildcats,cc0033,003366,75,6,18,11,NA,NA
401822847,2026,11/9/2025,12,s:40~l:54~t:12,Arizona,Wildcats,ARIZ,cc0033,003366,home,75,TRUE,16,0,25,39,24,61,NA,32,88,21,24,21,13,7,0,0,24,6,25,38,0,13,13,300,s:40~l:54~t:300,UC Irvine,Anteaters,002B5C,fec52e,61,12,28,13,NA,NA
401822814,2026,11/9/2025,2539,s:40~l:54~t:2539,San Francisco,Dons,SF,005a36,ffffff,away,68,FALSE,14,4,20,41,25,61,NA,18,41,9,22,0,10,9,0,0,36,9,25,30,0,21,21,68,s:40~l:54~t:68,Boise State,Broncos,0033a0,d64309,83,10,28,19,NA,NA
401822814,2026,11/9/2025,68,s:40~l:54~t:68,Boise State,Broncos,BOIS,0033a0,d64309,home,83,TRUE,19,5,30,47,29,62,NA,19,94,15,16,18,13,10,3,0,53,10,19,43,0,24,24,2539,s:40~l:54~t:2539,San Francisco,Dons,005a36,ffffff,68,11,28,26,NA,NA
401819605,2026,11/9/2025,13,s:40~l:54~t:13,Cal Poly,Mustangs,CP,1E4D2B,eed897,away,55,FALSE,2,0,19,39,21,54,NA,14,100,10,10,0,7,3,0,0,38,3,8,26,0,21,21,24,s:40~l:54~t:24,Stanford,Cardinal,8c1515,ffffff,90,10,24,6,NA,NA
401819605,2026,11/9/2025,24,s:40~l:54~t:24,Stanford,Cardinal,STAN,8c1515,ffffff,home,90,TRUE,17,6,26,51,33,65,NA,10,85,17,20,37,13,12,2,0,32,7,22,39,0,12,12,13,s:40~l:54~t:13,Cal Poly,Mustangs,1E4D2B,eed897,55,17,42,25,NA,NA
401830626,2026,11/9/2025,2905,s:40~l:54~t:2905,UT Dallas,Comets,UTD,000000,NA,away,42,FALSE,10,6,25,23,15,65,NA,31,79,11,14,2,21,6,0,0,4,1,25,46,0,26,26,2837,s:40~l:54~t:2837,East Texas A&M,Lions,000000,NA,81,8,22,13,NA,NA
401822188,2026,11/9/2025,2097,s:40~l:54~t:2097,Campbell,Fighting Camels,CAM,000000,NA,home,88,TRUE,20,2,35,38,31,81,NA,8,63,15,24,69,29,14,0,0,38,11,29,64,0,14,14,3229,s:40~l:54~t:3229,Virginia Lynchburg,Dragons,NA,NA,23,23,38,45,NA,NA
401818589,2026,11/9/2025,2633,s:40~l:54~t:2633,Tennessee,Lady Volunteers,TENN,ff8200,ffffff,away,72,TRUE,14,6,25,45,26,58,NA,17,65,11,17,15,15,12,0,0,31,9,29,40,0,22,22,2630,s:40~l:54~t:2630,UT Martin,Skyhawks,FF6700,102a5c,61,21,32,28,NA,NA
401817574,2026,11/9/2025,152,s:40~l:54~t:152,NC State,Wolfpack,NCSU,cc0000,ffffff,home,68,FALSE,11,1,37,39,28,71,NA,13,64,7,11,11,17,3,0,0,26,5,19,54,0,18,18,30,s:40~l:54~t:30,USC,Trojans,9d2235,ffc72c,69,19,38,8,NA,NA
401824232,2026,11/9/2025,87,s:40~l:54~t:87,Notre Dame,Fighting Irish,ND,062340,c99700,home,116,TRUE,18,4,27,53,39,73,NA,13,86,31,36,64,20,19,0,0,33,7,21,47,0,12,12,2130,s:40~l:54~t:2130,Chicago State,Cougars,006700,NA,58,33,56,44,NA,NA
401824179,2026,11/9/2025,239,s:40~l:54~t:239,Baylor,Bears,BAY,154734,ffb81c,home,76,TRUE,14,2,28,48,25,52,NA,20,88,14,16,23,6,7,0,0,46,12,26,34,0,16,16,2815,s:40~l:54~t:2815,Lindenwood,Lions,000000,NA,63,7,22,15,NA,NA
401818627,2026,11/9/2025,339,s:40~l:54~t:339,Evansville,Purple Aces,EVAN,663399,ef6f00,away,43,FALSE,9,0,18,26,16,61,NA,21,71,5,7,0,3,6,3,0,25,6,24,21,0,20,20,2294,s:40~l:54~t:2294,Iowa,Hawkeyes,231f20,fcd116,119,11,16,8,NA,NA
401818627,2026,11/9/2025,2294,s:40~l:54~t:2294,Iowa,Hawkeyes,IOWA,231f20,fcd116,home,119,TRUE,31,3,41,65,42,65,NA,11,75,21,28,79,9,11,0,0,54,14,26,50,0,13,13,339,s:40~l:54~t:339,Evansville,Purple Aces,663399,ef6f00,43,29,54,32,NA,NA
401829507,2026,11/9/2025,2540,s:40~l:54~t:2540,UC Santa Barbara,Gauchos,UCSB,1e1840,febc11,away,89,TRUE,20,4,30,52,35,67,NA,15,60,6,10,45,7,6,1,0,45,13,29,37,0,9,9,2547,s:40~l:54~t:2547,Seattle U,Redhawks,BF2E1A,c2c3c0,49,11,40,26,NA,NA
401829507,2026,11/9/2025,2547,s:40~l:54~t:2547,Seattle U,Redhawks,SEA,BF2E1A,c2c3c0,home,49,FALSE,7,3,22,32,18,57,NA,16,82,9,11,1,5,5,1,0,19,4,21,27,0,17,17,2540,s:40~l:54~t:2540,UC Santa Barbara,Gauchos,1e1840,febc11,89,0,26,6,NA,NA
401825944,2026,11/9/2025,2466,s:40~l:54~t:2466,Northwestern State,Lady Demons,NWST,492F91,ed6118,away,60,FALSE,10,1,21,32,19,60,NA,25,89,16,18,0,12,6,1,0,26,6,23,33,0,18,18,2305,s:40~l:54~t:2305,Kansas,Jayhawks,0051ba,e8000d,75,6,18,11,NA,NA
401825944,2026,11/9/2025,2305,s:40~l:54~t:2305,Kansas,Jayhawks,KU,0051ba,e8000d,home,75,TRUE,10,2,30,50,27,54,NA,19,79,19,24,20,8,3,0,0,14,2,14,38,0,17,17,2466,s:40~l:54~t:2466,Northwestern State,Lady Demons,492F91,ed6118,60,4,44,17,NA,NA
401822985,2026,11/9/2025,2641,s:40~l:54~t:2641,Texas Tech,Lady Raiders,TTU,da291c,000000,home,83,TRUE,21,6,23,52,29,56,NA,21,71,12,17,36,13,14,0,0,54,13,24,36,0,21,21,326,s:40~l:54~t:326,Texas State,Bobcats,501214,6a5638,50,7,26,24,NA,NA
401822273,2026,11/9/2025,2400,s:40~l:54~t:2400,Mississippi Valley State,Devilettes,MVSU,005328,cf2d34,away,43,FALSE,8,4,16,30,18,60,NA,23,75,3,4,0,9,10,0,0,17,4,23,25,0,21,21,344,s:40~l:54~t:344,Mississippi State,Bulldogs,5d1725,c1c6c8,107,9,24,9,NA,NA
401820499,2026,11/9/2025,2627,s:40~l:54~t:2627,Tarleton State,Texans,TAR,000000,NA,home,75,TRUE,7,4,32,41,26,64,NA,23,75,18,24,15,9,6,2,0,22,5,23,41,0,19,19,2277,s:40~l:54~t:2277,Houston Christian,Huskies,00539c,NA,71,12,40,16,NA,NA
401819544,2026,11/9/2025,299,s:40~l:54~t:299,Long Beach State,Beach,LBSU,000000,f1f2f3,away,34,FALSE,7,3,34,23,12,52,NA,21,50,4,8,0,8,2,0,0,26,6,23,42,0,24,24,36,s:40~l:54~t:36,Colorado State,Rams,004c23,c8c372,73,7,2,8,NA,NA
401817277,2026,11/9/2025,236,s:40~l:54~t:236,Chattanooga,Mocs,UTC,00386b,dca71d,away,59,TRUE,8,2,29,36,23,64,NA,24,75,9,12,11,9,11,0,0,25,4,16,38,0,8,8,288,s:40~l:54~t:288,Lipscomb,Bisons,20366C,f6b734,56,8,34,10,NA,NA
401817277,2026,11/9/2025,288,s:40~l:54~t:288,Lipscomb,Bisons,LIP,20366C,f6b734,home,56,FALSE,10,7,34,38,19,50,NA,18,42,10,24,4,8,5,0,0,27,8,30,42,0,15,15,236,s:40~l:54~t:236,Chattanooga,Mocs,00386b,dca71d,59,1,20,7,NA,NA
401813789,2026,11/9/2025,167,s:40~l:54~t:167,New Mexico,Lobos,UNM,ba0c2f,a7a8aa,home,71,TRUE,12,6,21,38,24,64,NA,23,59,16,27,13,15,16,2,0,29,7,24,36,0,16,16,2448,s:40~l:54~t:2448,North Carolina A&T,Aggies,0505aa,004684,64,8,32,31,NA,NA
401813222,2026,11/9/2025,2649,s:40~l:54~t:2649,Toledo,Rockets,TOL,0b2240,ffcd00,home,69,FALSE,14,1,16,45,28,62,NA,20,83,5,6,6,12,8,1,0,38,8,21,28,0,14,14,2250,s:40~l:54~t:2250,Gonzaga,Bulldogs,041e42,c8102e,72,9,38,16,NA,NA
401813798,2026,11/9/2025,66,s:40~l:54~t:66,Iowa State,Cyclones,ISU,ae192d,ffc72a,home,99,TRUE,23,1,29,56,36,64,NA,7,78,18,23,65,14,11,1,0,39,9,23,43,0,12,12,2529,s:40~l:54~t:2529,Sacred Heart,Pioneers,a40012,c29472,34,2,52,33,NA,NA
401817564,2026,11/9/2025,94,s:40~l:54~t:94,Northern Kentucky,Norse,NKU,ffc82e,000000,away,61,FALSE,15,2,20,39,24,62,NA,19,43,3,7,5,13,4,0,0,33,10,30,33,0,18,18,97,s:40~l:54~t:97,Louisville,Cardinals,c9001f,ffffff,89,0,22,10,NA,NA
401817564,2026,11/9/2025,97,s:40~l:54~t:97,Louisville,Cardinals,LOU,c9001f,ffffff,home,89,TRUE,16,2,27,55,36,65,NA,16,69,9,13,29,11,9,0,0,42,8,19,38,0,10,10,94,s:40~l:54~t:94,Northern Kentucky,Norse,ffc82e,000000,61,8,48,25,NA,NA
401825977,2026,11/9/2025,127,s:40~l:54~t:127,Michigan State,Spartans,MSU,173f35,ffffff,home,92,TRUE,23,3,17,52,33,63,NA,12,78,18,23,32,13,15,0,0,33,8,24,30,0,14,14,2199,s:40~l:54~t:2199,Eastern Michigan,Eagles,006938,ffffff,60,16,44,36,NA,NA
401827466,2026,11/9/2025,2717,s:40~l:54~t:2717,Western Carolina,Catamounts,WCU,492F91,bf9e70,home,86,TRUE,14,4,33,41,32,79,NA,19,71,17,24,43,27,13,0,0,25,5,20,60,0,10,10,2839,s:40~l:54~t:2839,Tusculum,Pioneers,f2682a,000000,45,20,48,23,NA,NA
401825044,2026,11/9/2025,2429,s:40~l:54~t:2429,Charlotte,49ers,CLT,005035,a49665,away,66,TRUE,10,3,20,34,21,62,NA,22,69,18,26,11,19,8,0,0,33,6,18,39,0,17,17,2116,s:40~l:54~t:2116,UCF,Knights,000000,b4a169,64,11,26,21,NA,NA
401825044,2026,11/9/2025,2116,s:40~l:54~t:2116,UCF,Knights,UCF,000000,b4a169,home,64,FALSE,14,5,26,42,23,55,NA,23,57,12,21,11,13,5,2,0,35,6,17,39,0,23,23,2429,s:40~l:54~t:2429,Charlotte,49ers,005035,a49665,66,19,30,16,NA,NA
401823682,2026,11/9/2025,2261,s:40~l:54~t:2261,Hampton,Lady Pirates,HAMP,0067AC,NA,away,48,FALSE,15,3,19,31,19,62,NA,21,75,3,4,2,11,6,2,0,25,7,28,30,0,17,17,154,s:40~l:54~t:154,Wake Forest,Demon Deacons,ceb888,2c2a29,77,0,8,9,NA,NA
401823682,2026,11/9/2025,154,s:40~l:54~t:154,Wake Forest,Demon Deacons,WAKE,ceb888,2c2a29,home,77,TRUE,22,4,32,56,31,55,NA,9,60,12,20,31,10,8,0,0,19,3,16,42,0,15,15,2261,s:40~l:54~t:2261,Hampton,Lady Pirates,0067AC,NA,48,8,56,12,NA,NA
401823152,2026,11/9/2025,258,s:40~l:54~t:258,Virginia,Cavaliers,UVA,f84c1e,232d4b,home,80,TRUE,16,7,35,48,31,65,NA,8,59,13,22,47,17,10,0,0,24,5,21,52,0,8,8,2083,s:40~l:54~t:2083,Bucknell,Bison,000060,00316e,35,22,42,16,NA,NA
401822158,2026,11/9/2025,56,s:40~l:54~t:56,Stetson,Hatters,STET,0a5640,56854e,away,70,TRUE,14,1,30,40,24,60,NA,16,75,15,20,14,15,8,0,0,26,7,27,45,0,12,12,2415,s:40~l:54~t:2415,Morgan State,Lady Bears,014786,f47937,56,14,34,12,NA,NA
401822136,2026,11/9/2025,2670,s:40~l:54~t:2670,VCU,Rams,VCU,ffaf00,000000,away,40,FALSE,6,2,26,33,17,51,NA,12,40,4,10,4,6,7,0,0,14,2,14,32,0,22,22,222,s:40~l:54~t:222,Villanova,Wildcats,00205b,13b5ea,74,2,30,4,NA,NA
401819742,2026,11/9/2025,2352,s:40~l:54~t:2352,Loyola Maryland,Greyhounds,L-MD,76a7a0,c9cbca,away,48,FALSE,8,4,19,34,19,56,NA,27,69,9,13,6,11,8,4,0,17,1,6,30,0,15,15,259,s:40~l:54~t:259,Virginia Tech,Hokies,6a2c3e,cf4520,64,0,26,14,NA,NA
401819742,2026,11/9/2025,259,s:40~l:54~t:259,Virginia Tech,Hokies,VT,6a2c3e,cf4520,home,64,TRUE,16,4,24,40,21,53,NA,14,67,18,27,16,14,7,0,0,27,4,15,38,0,16,16,2352,s:40~l:54~t:2352,Loyola Maryland,Greyhounds,76a7a0,c9cbca,48,11,26,15,NA,NA
401813739,2026,11/9/2025,2619,s:40~l:54~t:2619,Stony Brook,Seawolves,STBK,990000,NA,away,71,TRUE,9,4,23,38,25,65,NA,23,64,16,25,22,22,7,0,0,28,5,18,45,0,12,12,164,s:40~l:54~t:164,Rutgers,Scarlet Knights,ce0e2d,ffffff,54,5,36,22,NA,NA
401813739,2026,11/9/2025,164,s:40~l:54~t:164,Rutgers,Scarlet Knights,RUTG,ce0e2d,ffffff,home,54,FALSE,8,6,23,36,17,47,NA,19,76,13,17,3,7,7,0,1,37,7,19,30,1,19,19,2619,s:40~l:54~t:2619,Stony Brook,Seawolves,990000,NA,71,7,20,11,NA,NA
401812928,2026,11/9/2025,59,s:40~l:54~t:59,Georgia Tech,Yellow Jackets,GT,b3a369,ffffff,home,61,FALSE,14,4,31,48,22,46,NA,17,70,14,20,9,8,6,0,0,33,3,9,39,0,26,26,163,s:40~l:54~t:163,Princeton,Tigers,000000,ff6000,67,8,28,10,NA,NA
401817557,2026,11/9/2025,107,s:40~l:54~t:107,Holy Cross,Crusaders,HC,582c83,ffffff,away,48,FALSE,12,1,15,28,19,67,NA,16,33,2,6,4,13,11,1,0,32,8,25,28,0,11,11,150,s:40~l:54~t:150,Duke,Blue Devils,00539b,ffffff,91,8,12,16,NA,NA
401818638,2026,11/9/2025,46,s:40~l:54~t:46,Georgetown,Hoyas,GTWN,110E42,001c58,away,66,FALSE,8,2,16,38,19,50,NA,24,71,20,28,10,11,6,2,0,36,8,22,27,0,18,18,120,s:40~l:54~t:120,Maryland,Terrapins,ce1126,ffffff,85,6,18,14,NA,NA
401818638,2026,11/9/2025,120,s:40~l:54~t:120,Maryland,Terrapins,MD,ce1126,ffffff,home,85,TRUE,13,2,23,45,30,66,NA,23,80,20,25,20,22,11,0,0,24,5,21,45,0,17,17,46,s:40~l:54~t:46,Georgetown,Hoyas,110E42,001c58,66,21,46,28,NA,NA
401826637,2026,11/9/2025,324,s:40~l:54~t:324,Coastal Carolina,Chanticleers,CCU,006f71,a27752,home,111,TRUE,20,5,33,53,35,66,NA,24,76,25,33,59,13,10,1,0,50,16,32,46,0,14,14,2327,s:40~l:54~t:2327,Lees McRae,Bobcats,000000,NA,53,22,30,26,NA,NA
401825773,2026,11/9/2025,314,s:40~l:54~t:314,Iona,Gaels,IONA,6f2c3e,f0ab00,away,57,TRUE,13,3,26,32,21,65,NA,12,67,12,18,15,19,11,5,0,13,3,24,45,0,10,10,2441,s:40~l:54~t:2441,New Haven,Chargers,041e42,ffc425,45,7,30,11,NA,NA
401824216,2026,11/9/2025,2117,s:40~l:54~t:2117,Central Michigan,Chippewas,CMU,4c0027,fbab18,home,71,TRUE,18,1,31,36,25,69,NA,20,52,15,29,27,23,9,2,0,38,6,16,54,0,13,13,3092,s:40~l:54~t:3092,Davenport,Panthers,NA,NA,44,9,34,19,NA,NA
401818667,2026,11/9/2025,194,s:40~l:54~t:194,Ohio State,Buckeyes,OSU,ba0c2f,a8adb4,home,88,TRUE,19,5,31,47,36,77,NA,21,56,10,18,29,14,13,0,0,23,6,26,45,0,15,15,2154,s:40~l:54~t:2154,Coppin State,Eagles,2e3192,ffd204,59,27,50,29,NA,NA
401818617,2026,11/9/2025,2287,s:40~l:54~t:2287,Illinois State,Redbirds,ILST,CE1126,ffe716,away,65,FALSE,18,1,20,48,27,56,NA,17,88,7,8,0,4,6,1,0,29,4,14,24,0,16,16,356,s:40~l:54~t:356,Illinois,Fighting Illini,ff5f05,13294b,75,6,42,7,NA,NA
401818617,2026,11/9/2025,356,s:40~l:54~t:356,Illinois,Fighting Illini,ILL,ff5f05,13294b,home,75,TRUE,16,2,24,47,27,58,NA,14,78,18,23,13,9,9,0,0,27,3,11,33,0,9,9,2287,s:40~l:54~t:2287,Illinois State,Redbirds,CE1126,ffe716,65,4,42,13,NA,NA
401824075,2026,11/9/2025,108,s:40~l:54~t:108,Harvard,Crimson,HARV,990000,dbdbdb,away,55,FALSE,4,1,18,33,18,55,NA,26,80,16,20,0,16,8,3,0,16,3,19,34,0,26,26,130,s:40~l:54~t:130,Michigan,Wolverines,00274c,ffcb05,84,3,30,10,NA,NA
401824075,2026,11/9/2025,130,s:40~l:54~t:130,Michigan,Wolverines,MICH,00274c,ffcb05,home,84,TRUE,12,1,24,55,31,56,NA,24,64,14,22,29,12,10,0,0,40,8,20,36,0,20,20,108,s:40~l:54~t:108,Harvard,Crimson,990000,dbdbdb,55,12,38,27,NA,NA
401823193,2026,11/9/2025,195,s:40~l:54~t:195,Ohio,Bobcats,OHIO,154734,ffffff,home,74,FALSE,14,2,15,42,26,62,NA,25,61,11,18,6,9,8,1,0,33,11,33,24,0,16,16,171,s:40~l:54~t:171,Columbia,Lions,7ba4db,183863,92,3,30,22,NA,NA
401817540,2026,11/9/2025,2349,s:40~l:54~t:2349,UMass Lowell,River Hawks,UML,000000,cf1f2f,away,53,FALSE,10,4,22,37,19,52,NA,13,70,7,10,1,6,2,3,0,28,8,29,28,0,18,18,103,s:40~l:54~t:103,Boston College,Eagles,8c2232,dbcca6,82,0,18,4,NA,NA
401827894,2026,11/9/2025,322,s:40~l:54~t:322,Lafayette,Leopards,LAF,790000,a59474,home,79,FALSE,10,4,25,40,27,67,NA,15,71,17,24,8,7,14,0,0,31,8,26,32,0,8,8,2330,s:40~l:54~t:2330,Le Moyne,Dolphins,000000,NA,82,7,30,14,NA,NA
401827284,2026,11/8/2025,2447,s:40~l:54~t:2447,Nicholls,Colonels,NICH,C41230,f0f0f0,away,61,FALSE,14,1,27,35,21,60,NA,25,63,15,24,3,11,8,2,1,20,4,20,38,1,18,18,2638,s:40~l:54~t:2638,UTEP,Miners,ff8200,041e42,76,12,30,12,NA,NA
401827284,2026,11/8/2025,2638,s:40~l:54~t:2638,UTEP,Miners,UTEP,ff8200,041e42,home,76,TRUE,14,1,30,46,26,57,NA,24,72,18,25,24,8,8,0,0,29,6,21,38,0,15,15,2447,s:40~l:54~t:2447,Nicholls,Colonels,C41230,f0f0f0,61,15,36,17,NA,NA
401829310,2026,11/8/2025,304,s:40~l:54~t:304,Idaho State,Bengals,IDST,ef8c00,e9a126,away,67,TRUE,17,0,23,41,26,63,NA,23,83,10,12,17,12,13,3,1,28,5,18,35,1,17,17,2253,s:40~l:54~t:2253,Grand Canyon,Lopes,522398,ffffff,55,5,32,22,NA,NA
401829310,2026,11/8/2025,2253,s:40~l:54~t:2253,Grand Canyon,Lopes,GCU,522398,ffffff,home,55,FALSE,9,2,22,38,16,42,NA,17,61,17,28,2,6,7,0,0,35,6,17,28,0,24,24,304,s:40~l:54~t:304,Idaho State,Bengals,ef8c00,e9a126,67,8,18,19,NA,NA
401825117,2026,11/8/2025,526,s:40~l:54~t:526,Florida Gulf Coast,Eagles,FGCU,00885a,076c3b,home,51,FALSE,3,2,27,40,17,43,NA,14,60,15,25,3,7,5,2,0,20,2,10,34,0,21,21,2166,s:40~l:54~t:2166,Davidson,Wildcats,000000,e51837,77,7,26,7,NA,NA
401819756,2026,11/8/2025,2329,s:40~l:54~t:2329,Lehigh,Mountain Hawks,LEH,6c2b2a,b69e70,away,60,FALSE,8,1,22,33,17,51,NA,10,88,21,24,2,9,5,0,0,22,5,23,31,0,16,16,2217,s:40~l:54~t:2217,Fairfield,Stags,000000,ebebeb,88,2,24,10,NA,NA
401819756,2026,11/8/2025,2217,s:40~l:54~t:2217,Fairfield,Stags,FAIR,000000,ebebeb,home,88,TRUE,24,6,26,45,32,71,NA,19,83,10,12,30,17,8,0,0,38,14,37,43,0,10,10,2329,s:40~l:54~t:2329,Lehigh,Mountain Hawks,6c2b2a,b69e70,60,10,36,29,NA,NA
401830413,2026,11/8/2025,21,s:40~l:54~t:21,San Diego State,Aztecs,SDSU,a6192e,000000,home,95,TRUE,19,0,26,52,34,65,NA,16,73,16,22,60,14,15,1,0,37,11,30,40,0,11,11,3182,s:40~l:54~t:3182,Cal State San Marcos,Cougars,NA,NA,35,16,42,30,NA,NA
401818647,2026,11/8/2025,158,s:40~l:54~t:158,Nebraska,Cornhuskers,NEB,e31937,ffffff,home,80,TRUE,22,5,26,51,33,65,NA,11,67,8,12,34,11,17,1,0,26,6,23,37,0,14,14,2535,s:40~l:54~t:2535,Samford,Bulldogs,005485,bc0023,46,17,44,29,NA,NA
401826060,2026,11/8/2025,301,s:40~l:54~t:301,San Diego,Toreros,USD,2f99d4,2f99d4,away,48,FALSE,9,5,23,30,17,56,NA,18,52,11,21,4,15,13,0,0,19,3,16,38,0,22,22,2463,s:40~l:54~t:2463,Cal State Northridge,Matadors,b50000,NA,63,5,18,17,NA,NA
401826060,2026,11/8/2025,2463,s:40~l:54~t:2463,Cal State Northridge,Matadors,CSUN,b50000,NA,home,63,TRUE,16,6,28,36,23,64,NA,21,89,8,9,16,18,9,0,1,36,9,25,46,1,23,23,301,s:40~l:54~t:301,San Diego,Toreros,2f99d4,2f99d4,48,13,28,13,NA,NA
401825927,2026,11/8/2025,2492,s:40~l:54~t:2492,Pepperdine,Waves,PEPP,003A72,dc762f,home,74,TRUE,22,3,31,45,30,66,NA,18,67,4,6,26,18,6,0,0,37,10,27,49,0,14,14,2716,s:40~l:54~t:2716,Westmont,Warriors,000000,NA,51,9,38,14,NA,NA
401818675,2026,11/8/2025,149,s:40~l:54~t:149,Montana,Lady Griz,MONT,751D4A,666666,away,47,FALSE,9,4,21,35,19,54,NA,17,67,2,3,0,10,4,0,0,25,7,28,31,0,23,23,2483,s:40~l:54~t:2483,Oregon,Ducks,00934b,fff41b,90,0,24,12,NA,NA
401818675,2026,11/8/2025,2483,s:40~l:54~t:2483,Oregon,Ducks,ORE,00934b,fff41b,home,90,TRUE,21,5,25,51,35,68,NA,15,86,12,14,44,12,16,0,0,40,8,20,37,0,10,10,149,s:40~l:54~t:149,Montana,Lady Griz,751D4A,666666,47,15,52,23,NA,NA
401829299,2026,11/8/2025,252,s:40~l:54~t:252,BYU,Cougars,BYU,0047ba,002e5d,home,70,TRUE,18,9,33,33,25,76,NA,17,85,11,13,22,21,12,0,0,22,9,41,54,0,17,17,23,s:40~l:54~t:23,San José State,Spartans,0038a8,ffb81a,51,20,28,16,NA,NA
401825835,2026,11/8/2025,2464,s:40~l:54~t:2464,Northern Arizona,Lumberjacks,NAU,003976,1b3069,away,73,FALSE,12,3,34,43,29,67,NA,30,57,8,14,8,12,12,0,0,44,7,16,46,0,22,22,3101,s:40~l:54~t:3101,Utah Tech,Trailblazers,000000,NA,78,6,30,12,NA,NA
401825199,2026,11/8/2025,2213,s:40~l:54~t:2213,Emory & Henry,Wasps,EHC,1e376d,daad27,away,36,FALSE,8,3,29,19,11,58,NA,21,60,9,15,0,14,3,2,0,23,5,22,43,0,23,23,2515,s:40~l:54~t:2515,Radford,Highlanders,BC1515,c2c3c0,69,2,10,12,NA,NA
401822795,2026,11/8/2025,253,s:40~l:54~t:253,Southern Utah,Thunderbirds,SUU,c72026,000000,home,77,TRUE,20,2,28,44,28,64,NA,19,75,15,20,14,19,4,0,0,32,6,19,47,0,12,12,265,s:40~l:54~t:265,Washington State,Cougars,a60f2d,4d4d4d,64,11,40,9,NA,NA
401822243,2026,11/8/2025,224,s:40~l:54~t:224,Westminster (UT),Griffins,WUUT,000000,NA,away,47,FALSE,5,3,26,28,18,65,NA,17,78,7,9,0,15,5,1,0,19,4,21,41,0,17,17,2692,s:40~l:54~t:2692,Weber State,Wildcats,18005a,ebebeb,84,0,28,4,NA,NA
401808017,2026,11/8/2025,9,s:40~l:54~t:9,Arizona State,Sun Devils,ASU,ffc627,8c1d40,home,73,TRUE,14,4,29,45,28,62,NA,20,50,13,26,26,12,11,0,0,31,4,13,41,0,11,11,331,s:40~l:54~t:331,Eastern Washington,Eagles,a10022,abb4bc,58,20,46,22,NA,NA
401827240,2026,11/8/2025,140,s:40~l:54~t:140,Kansas City,Roos,KC,004b87,ffc72c,home,90,TRUE,16,6,31,47,38,81,NA,18,56,10,18,56,26,19,0,0,29,4,14,57,0,14,14,2911,s:40~l:54~t:2911,William Jewell,Cardinals,000000,NA,35,16,58,38,NA,NA
401826959,2026,11/8/2025,349,s:40~l:54~t:349,Army,Black Knights,ARMY,000000,d3bc8d,away,67,TRUE,17,3,20,47,26,55,NA,20,50,7,14,6,13,7,1,0,47,8,17,33,0,15,15,2900,s:40~l:54~t:2900,St. Thomas-Minnesota,Tommies,000000,NA,61,7,36,16,NA,NA
401826959,2026,11/8/2025,2900,s:40~l:54~t:2900,St. Thomas-Minnesota,Tommies,STMN,000000,NA,home,61,FALSE,12,8,20,46,21,46,NA,19,69,18,26,12,9,6,1,0,14,1,7,29,0,14,14,349,s:40~l:54~t:349,Army,Black Knights,000000,d3bc8d,67,2,40,17,NA,NA
401820054,2026,11/8/2025,5,s:40~l:54~t:5,UAB,Blazers,UAB,1a5632,fdb913,home,68,FALSE,11,0,22,38,23,60,NA,18,87,13,15,10,13,8,1,0,31,9,29,35,0,18,18,6,s:40~l:54~t:6,South Alabama,Jaguars,00205b,bf0d3e,91,10,22,11,NA,NA
401812565,2026,11/8/2025,275,s:40~l:54~t:275,Wisconsin,Badgers,WIS,a00000,ffffff,away,62,FALSE,11,5,28,35,23,66,NA,21,71,10,14,10,12,14,4,0,22,6,27,40,0,16,16,269,s:40~l:54~t:269,Marquette,Golden Eagles,003366,ffcc00,65,10,28,13,NA,NA
401812565,2026,11/8/2025,269,s:40~l:54~t:269,Marquette,Golden Eagles,MARQ,003366,ffcc00,home,65,TRUE,12,8,26,39,23,59,NA,15,74,14,19,3,9,8,0,0,33,5,15,35,0,20,20,275,s:40~l:54~t:275,Wisconsin,Badgers,a00000,ffffff,62,18,30,13,NA,NA
401807985,2026,11/8/2025,2617,s:40~l:54~t:2617,Stephen F. Austin,Ladyjacks,SFA,393996,bec0c2,home,76,TRUE,21,10,38,41,31,76,NA,18,86,6,7,39,16,20,0,0,21,8,38,54,0,23,23,122210,s:40~l:54~t:122210,Texas A&M-Texarkana,Eagles,NA,NA,37,19,44,27,NA,NA
401827837,2026,11/8/2025,50,s:40~l:54~t:50,Florida A&M,Rattlers,FAMU,F89728,00843d,away,53,FALSE,9,1,23,30,20,67,NA,14,36,5,14,0,15,10,2,0,29,8,28,38,0,27,27,47,s:40~l:54~t:47,Howard,Bison,003a63,e51937,89,10,22,23,NA,NA
401827837,2026,11/8/2025,47,s:40~l:54~t:47,Howard,Bison,HOW,003a63,e51937,home,89,TRUE,18,8,38,46,32,70,NA,18,81,17,21,50,18,19,1,0,42,8,19,56,0,21,21,50,s:40~l:54~t:50,Florida A&M,Rattlers,F89728,00843d,53,30,32,36,NA,NA
401827761,2026,11/8/2025,2379,s:40~l:54~t:2379,Maryland Eastern Shore,Hawks,UMES,5c2301,b5b7ba,home,91,TRUE,19,6,26,49,37,76,NA,19,52,12,23,54,27,22,2,0,22,5,23,53,0,19,19,2129,s:40~l:54~t:2129,Cheyney (PA),Wolves,000000,NA,37,18,54,35,NA,NA
401825760,2026,11/8/2025,2561,s:40~l:54~t:2561,Siena,Saints,SIE,037961,eea60f,away,73,FALSE,14,3,20,41,24,58,NA,14,65,17,26,2,14,7,1,0,38,8,21,34,0,24,24,113,s:40~l:54~t:113,Massachusetts,Minutewomen,881c1c,ffffff,84,13,32,15,NA,NA
401825760,2026,11/8/2025,113,s:40~l:54~t:113,Massachusetts,Minutewomen,MASS,881c1c,ffffff,home,84,TRUE,26,7,23,51,35,69,NA,21,50,8,16,22,12,13,2,0,33,6,18,35,0,17,17,2561,s:40~l:54~t:2561,Siena,Saints,037961,eea60f,73,24,48,27,NA,NA
401825150,2026,11/8/2025,2241,s:40~l:54~t:2241,Gardner-Webb,Runnin' Bulldogs,GWEB,c12535,909090,away,68,FALSE,13,1,18,40,22,55,NA,24,58,14,24,9,15,6,1,4,40,10,25,33,4,15,15,2698,s:40~l:54~t:2698,West Georgia,Wolves,0033a1,db1a21,91,4,22,11,NA,NA
401824280,2026,11/8/2025,2011,s:40~l:54~t:2011,Alabama State,Lady Hornets,ALST,e9a900,0a0a0a,away,41,FALSE,5,1,32,27,14,52,NA,16,56,9,16,0,12,8,3,0,31,4,13,44,0,29,29,2,s:40~l:54~t:2,Auburn,Tigers,002b5c,f26522,82,0,16,5,NA,NA
401824762,2026,11/8/2025,2674,s:40~l:54~t:2674,Valparaiso,Beacons,VAL,794500,NA,away,48,FALSE,8,3,30,29,18,63,NA,23,46,6,13,0,14,5,1,0,25,6,24,44,0,24,24,2174,s:40~l:54~t:2174,Detroit Mercy,Titans,165b9e,d31733,78,7,20,16,NA,NA
401824971,2026,11/8/2025,98,s:40~l:54~t:98,Western Kentucky,Lady Toppers,WKU,e13a3e,ffffff,away,42,FALSE,10,8,26,28,16,57,NA,13,75,9,12,0,11,10,2,0,5,1,21,37,0,30,30,2344,s:40~l:54~t:2344,Longwood,Lancers,003273,9ea2a3,80,7,28,12,NA,NA
401812466,2026,11/8/2025,2598,s:40~l:54~t:2598,Saint Francis,Red Flash,SFPA,a20012,000000,away,73,FALSE,20,2,27,47,27,58,NA,16,58,11,19,0,8,5,0,0,38,8,21,35,0,19,19,2325,s:40~l:54~t:2325,La Salle,Explorers,003356,ffce00,84,5,24,11,NA,NA
401812466,2026,11/8/2025,2325,s:40~l:54~t:2325,La Salle,Explorers,LAS,003356,ffce00,home,84,TRUE,21,0,27,48,34,71,NA,17,54,7,13,14,12,8,1,0,35,9,26,39,0,14,14,2598,s:40~l:54~t:2598,Saint Francis,Red Flash,a20012,000000,73,9,48,26,NA,NA
401822253,2026,11/7/2025,2934,s:40~l:54~t:2934,Cal State Bakersfield,Roadrunners,CSUB,003BAB,NA,home,51,FALSE,7,3,21,45,21,47,NA,13,53,9,17,2,2,9,1,0,0,0,6,23,0,19,19,278,s:40~l:54~t:278,Fresno State,Bulldogs,b1102b,13284c,74,13,40,9,NA,NA
401827250,2026,11/7/2025,2172,s:40~l:54~t:2172,Denver,Pioneers,DEN,98002e,a8996e,away,54,FALSE,8,4,27,30,16,53,NA,14,55,18,33,2,19,3,3,0,19,4,21,46,0,23,23,28,s:40~l:54~t:28,UC San Diego,Tritons,000000,ffcd00,72,6,14,7,NA,NA
401827250,2026,11/7/2025,28,s:40~l:54~t:28,UC San Diego,Tritons,UCSD,000000,ffcd00,home,72,TRUE,10,5,22,41,27,66,NA,26,85,11,13,25,12,11,0,0,29,7,24,34,0,12,12,2172,s:40~l:54~t:2172,Denver,Pioneers,98002e,a8996e,54,17,38,20,NA,NA
401825952,2026,11/7/2025,2501,s:40~l:54~t:2501,Portland,Pilots,PORT,330072,a8b3ba,home,72,FALSE,14,3,20,41,23,56,NA,24,90,19,21,0,12,11,3,0,26,7,27,32,0,33,33,147,s:40~l:54~t:147,Montana State,Bobcats,00205c,bc955c,86,11,28,17,NA,NA
401819543,2026,11/7/2025,299,s:40~l:54~t:299,Long Beach State,Beach,LBSU,000000,f1f2f3,away,39,FALSE,6,2,21,27,15,55,NA,12,63,5,8,0,7,9,1,0,18,4,22,28,0,14,14,2751,s:40~l:54~t:2751,Wyoming,Cowgirls,492f24,ffc425,72,2,20,10,NA,NA
401818596,2026,11/7/2025,257,s:40~l:54~t:257,Richmond,Spiders,RICH,9e0712,b90b2e,away,56,FALSE,11,1,22,41,22,54,NA,19,100,5,5,5,8,8,0,0,30,7,23,30,0,24,24,251,s:40~l:54~t:251,Texas,Longhorns,af5c37,ffffff,85,6,30,8,NA,NA
401818596,2026,11/7/2025,251,s:40~l:54~t:251,Texas,Longhorns,TEX,af5c37,ffffff,home,85,TRUE,17,2,24,55,35,64,NA,14,46,11,24,32,13,15,0,0,33,4,12,37,0,10,10,257,s:40~l:54~t:257,Richmond,Spiders,9e0712,b90b2e,56,14,38,26,NA,NA
401824256,2026,11/7/2025,145,s:40~l:54~t:145,Ole Miss,Rebels,MISS,13294b,cf142b,away,84,TRUE,15,6,21,45,28,62,NA,22,70,21,30,44,16,13,1,0,29,7,24,37,0,14,14,2010,s:40~l:54~t:2010,Alabama A&M,Bulldogs,790000,ffffff,45,18,40,36,NA,NA
401827223,2026,11/7/2025,2754,s:40~l:54~t:2754,Youngstown State,Penguins,YSU,E51937,690717,away,65,TRUE,13,4,31,37,22,60,NA,20,72,13,18,7,7,8,0,0,35,8,23,38,0,12,12,155,s:40~l:54~t:155,North Dakota,Fighting Hawks,00A26B,c2c3c0,58,17,18,23,NA,NA
401827223,2026,11/7/2025,155,s:40~l:54~t:155,North Dakota,Fighting Hawks,UND,00A26B,c2c3c0,home,58,FALSE,16,3,34,32,19,59,NA,19,92,12,13,13,8,3,2,0,23,8,35,42,0,19,19,2754,s:40~l:54~t:2754,Youngstown State,Penguins,E51937,690717,65,6,20,13,NA,NA
401825070,2026,11/7/2025,2571,s:40~l:54~t:2571,South Dakota State,Jackrabbits,SDST,0033a0,ffd100,home,79,TRUE,8,6,37,42,25,59,NA,17,74,25,34,14,8,7,0,0,25,4,16,45,0,8,8,242,s:40~l:54~t:242,Rice,Owls,00205b,c1c6c8,65,10,40,11,NA,NA
401822218,2026,11/7/2025,254,s:40~l:54~t:254,Utah,Utes,UTAH,be0000,ffffff,away,90,TRUE,25,5,32,58,37,64,NA,22,57,4,7,40,11,5,2,0,50,12,24,43,0,20,20,328,s:40~l:54~t:328,Utah State,Aggies,0f2439,ffffff,53,8,48,23,NA,NA
401817393,2026,11/7/2025,2599,s:40~l:54~t:2599,St. John's,Red Storm,SJU,d10000,101010,away,56,FALSE,8,12,24,47,21,45,NA,21,53,9,17,2,6,9,2,0,36,5,14,30,0,24,24,108,s:40~l:54~t:108,Harvard,Crimson,990000,dbdbdb,61,15,30,14,NA,NA
401817393,2026,11/7/2025,108,s:40~l:54~t:108,Harvard,Crimson,HARV,990000,dbdbdb,home,61,TRUE,7,1,22,32,20,62,NA,19,82,18,22,11,19,14,1,0,19,3,16,41,0,16,16,2599,s:40~l:54~t:2599,St. John's,Red Storm,d10000,101010,56,9,30,18,NA,NA
401813826,2026,11/7/2025,2363,s:40~l:54~t:2363,Manhattan,Jaspers,MAN,4f8537,b5b7ba,away,36,FALSE,11,4,21,30,15,50,NA,25,50,6,12,0,7,6,1,0,0,0,6,28,0,24,24,135,s:40~l:54~t:135,Minnesota,Golden Gophers,5e0a2f,fab41c,99,6,28,5,NA,NA
401813826,2026,11/7/2025,135,s:40~l:54~t:135,Minnesota,Golden Gophers,MINN,5e0a2f,fab41c,home,99,TRUE,24,3,30,52,32,62,NA,14,75,24,32,63,11,12,0,0,52,11,21,41,0,9,9,2363,s:40~l:54~t:2363,Manhattan,Jaspers,4f8537,b5b7ba,36,8,36,24,NA,NA
401827276,2026,11/7/2025,292,s:40~l:54~t:292,UT Rio Grande Valley,Vaqueros,RGV,dc6000,e1732d,home,110,TRUE,36,5,39,54,45,84,NA,9,46,6,13,74,28,11,0,0,38,14,37,67,0,13,13,3166,s:40~l:54~t:3166,Arlington Baptist,Patriots,NA,NA,36,29,60,25,NA,NA
401825108,2026,11/7/2025,2110,s:40~l:54~t:2110,Central Arkansas,Sugar Bears,CARK,a7a9ac,8e959a,home,115,TRUE,26,3,31,57,46,81,NA,20,47,8,17,73,19,27,0,0,42,15,36,50,0,15,15,2358,s:40~l:54~t:2358,Lyon,Scots,000000,NA,43,26,56,51,NA,NA
401824756,2026,11/7/2025,2348,s:40~l:54~t:2348,Louisiana Tech,Lady Techsters,LT,003087,cb333b,away,62,FALSE,15,4,21,34,21,62,NA,23,65,13,20,2,17,6,0,0,29,7,24,38,0,20,20,2433,s:40~l:54~t:2433,UL Monroe,Warhawks,840029,fdb913,70,0,24,9,NA,NA
401824756,2026,11/7/2025,2433,s:40~l:54~t:2433,UL Monroe,Warhawks,ULM,840029,fdb913,home,70,TRUE,12,2,25,45,25,56,NA,24,71,15,21,13,10,9,2,0,36,5,14,35,0,16,16,2348,s:40~l:54~t:2348,Louisiana Tech,Lady Techsters,003087,cb333b,62,3,40,16,NA,NA
401827875,2026,11/7/2025,175,s:40~l:54~t:175,Ithaca,Bombers,ITH,000000,NA,away,45,FALSE,11,3,26,33,15,46,NA,16,60,9,15,3,4,5,0,0,32,6,19,30,0,24,24,2142,s:40~l:54~t:2142,Colgate,Raiders,821019,ffffff,66,0,8,9,NA,NA
401811124,2026,11/7/2025,189,s:40~l:54~t:189,Bowling Green,Falcons,BGSU,fd5000,4f2c1d,away,47,FALSE,9,2,8,24,18,74,NA,20,83,5,6,2,17,11,3,0,23,6,26,25,0,18,18,2579,s:40~l:54~t:2579,South Carolina,Gamecocks,73000a,000000,114,2,18,13,NA,NA
401811124,2026,11/7/2025,2579,s:40~l:54~t:2579,South Carolina,Gamecocks,SC,73000a,000000,home,114,TRUE,26,11,37,64,42,66,NA,9,80,24,30,68,16,9,0,0,43,6,14,53,0,14,14,189,s:40~l:54~t:189,Bowling Green,Falcons,fd5000,4f2c1d,47,37,66,21,NA,NA
401826662,2026,11/7/2025,84,s:40~l:54~t:84,Indiana,Hoosiers,IU,970310,ffffff,home,72,TRUE,15,1,25,47,28,60,NA,18,78,7,9,18,9,3,0,0,41,9,22,34,0,8,8,82,s:40~l:54~t:82,UIC,Flames,001e62,d50032,56,13,36,15,NA,NA
401825065,2026,11/7/2025,249,s:40~l:54~t:249,North Texas,Mean Green,UNT,068f33,ffffff,home,89,TRUE,20,5,39,57,30,53,NA,27,65,20,31,42,14,10,0,0,64,9,14,53,0,28,28,2755,s:40~l:54~t:2755,Grambling,Lady Tigers,ee8601,ffd10a,49,14,38,25,NA,NA
401824983,2026,11/7/2025,45,s:40~l:54~t:45,George Washington,Revolutionaries,GW,002843,e8d2a1,away,50,FALSE,10,4,21,34,20,58,NA,15,58,7,12,1,10,4,0,0,18,3,17,31,0,15,15,218,s:40~l:54~t:218,Temple,Owls,a41e35,ffffff,86,2,30,6,NA,NA
401824410,2026,11/7/2025,2296,s:40~l:54~t:2296,Jackson State,Lady Tigers,JKST,123297,b5b7ba,home,53,FALSE,11,1,17,35,21,60,NA,24,59,10,17,6,14,7,0,0,8,1,13,31,0,19,19,2635,s:40~l:54~t:2635,Tennessee Tech,Golden Eagles,5A4099,ffde00,59,6,38,24,NA,NA
401823661,2026,11/7/2025,399,s:40~l:54~t:399,UAlbany,Great Danes,UALB,3D2777,ffffff,away,45,FALSE,10,2,24,41,16,39,NA,18,64,9,14,2,5,4,3,0,25,4,16,29,0,27,27,183,s:40~l:54~t:183,Syracuse,Orange,000e54,ff431b,64,2,18,7,NA,NA
401823661,2026,11/7/2025,183,s:40~l:54~t:183,Syracuse,Orange,SYR,000e54,ff431b,home,64,TRUE,10,2,21,43,24,56,NA,15,64,14,22,36,12,17,0,0,20,2,10,33,0,13,13,399,s:40~l:54~t:399,UAlbany,Great Danes,3D2777,ffffff,45,22,36,27,NA,NA
401822978,2026,11/7/2025,2309,s:40~l:54~t:2309,Kent State,Golden Flashes,KENT,002664,eaab00,away,47,FALSE,12,1,21,33,16,49,NA,24,83,10,12,1,11,5,4,0,36,5,14,32,0,32,32,277,s:40~l:54~t:277,West Virginia,Mountaineers,eaaa00,002855,88,6,20,11,NA,NA
401822978,2026,11/7/2025,277,s:40~l:54~t:277,West Virginia,Mountaineers,WVU,eaaa00,002855,home,88,TRUE,15,4,23,48,31,64,NA,17,65,17,26,44,14,16,0,0,33,9,27,37,0,16,16,2309,s:40~l:54~t:2309,Kent State,Golden Flashes,002664,eaab00,47,21,44,45,NA,NA
401822839,2026,11/7/2025,2603,s:40~l:54~t:2603,Saint Joseph's,Hawks,JOES,9e1b32,6c6f70,away,63,TRUE,21,5,30,43,23,53,NA,14,65,11,17,12,8,2,0,0,38,6,16,38,0,9,9,311,s:40~l:54~t:311,Maine,Black Bears,127dbe,NA,62,5,28,4,NA,NA
401822839,2026,11/7/2025,311,s:40~l:54~t:311,Maine,Black Bears,ME,127dbe,NA,home,62,FALSE,16,4,24,35,23,66,NA,15,50,8,16,3,15,6,0,0,31,8,26,39,0,4,4,2603,s:40~l:54~t:2603,Saint Joseph's,Hawks,9e1b32,6c6f70,63,0,28,10,NA,NA
401822262,2026,11/7/2025,2426,s:40~l:54~t:2426,Navy,Midshipmen,NAVY,00225b,b5a67c,away,68,TRUE,9,1,30,40,21,53,NA,29,74,20,27,21,12,6,0,0,25,6,24,42,0,21,21,48,s:40~l:54~t:48,Delaware,Blue Hens,00539f,ffd200,61,10,26,15,NA,NA
401822262,2026,11/7/2025,48,s:40~l:54~t:48,Delaware,Blue Hens,DEL,00539f,ffd200,home,61,FALSE,5,3,21,36,20,55,NA,25,64,21,33,4,11,10,0,0,0,0,10,32,0,17,17,2426,s:40~l:54~t:2426,Navy,Midshipmen,00225b,b5a67c,68,11,36,24,NA,NA
401822197,2026,11/7/2025,112358,s:40~l:54~t:112358,Long Island University,Sharks,LIU,50c9f7,ffbf00,away,72,FALSE,12,2,24,43,26,60,NA,22,60,9,15,11,8,4,0,0,44,11,25,32,0,14,14,58,s:40~l:54~t:58,South Florida,Bulls,006747,cfc493,79,2,16,14,NA,NA
401822197,2026,11/7/2025,58,s:40~l:54~t:58,South Florida,Bulls,USF,006747,cfc493,home,79,TRUE,16,2,27,43,31,72,NA,17,65,15,23,8,21,5,0,0,18,2,11,48,0,11,11,112358,s:40~l:54~t:112358,Long Island University,Sharks,50c9f7,ffbf00,72,13,48,15,NA,NA
401813931,2026,11/7/2025,2182,s:40~l:54~t:2182,Drexel,Dragons,DREX,020260,ffd65a,away,71,TRUE,10,5,30,44,27,61,NA,16,75,12,16,19,14,5,1,0,42,5,12,44,0,12,12,2368,s:40~l:54~t:2368,Marist,Red Foxes,e53730,f0f0f0,61,10,40,13,NA,NA
401813931,2026,11/7/2025,2368,s:40~l:54~t:2368,Marist,Red Foxes,MRST,e53730,f0f0f0,home,61,FALSE,11,3,21,41,23,56,NA,16,73,8,11,2,4,6,1,0,50,7,14,25,0,9,9,2182,s:40~l:54~t:2182,Drexel,Dragons,020260,ffd65a,71,7,24,13,NA,NA
401820299,2026,11/7/2025,2619,s:40~l:54~t:2619,Stony Brook,Seawolves,STBK,990000,NA,home,91,TRUE,16,0,22,52,36,69,NA,13,73,11,15,35,14,18,0,0,42,8,19,36,0,14,14,2404,s:40~l:54~t:2404,Molloy,Lions,000000,NA,59,14,48,32,NA,NA
401817301,2026,11/7/2025,2193,s:40~l:54~t:2193,East Tennessee State,Bucs,ETSU,002d61,ffc423,away,47,FALSE,4,0,24,28,14,50,NA,22,70,16,23,0,12,5,1,0,19,3,16,36,0,26,26,2633,s:40~l:54~t:2633,Tennessee,Lady Volunteers,ff8200,ffffff,97,10,18,10,NA,NA
401817301,2026,11/7/2025,2633,s:40~l:54~t:2633,Tennessee,Lady Volunteers,TENN,ff8200,ffffff,home,97,TRUE,18,5,28,46,32,70,NA,23,78,21,27,50,17,17,0,0,32,12,38,45,0,13,13,2193,s:40~l:54~t:2193,East Tennessee State,Bucs,002d61,ffc423,47,20,40,32,NA,NA
401826646,2026,11/7/2025,109546,s:40~l:54~t:109546,Bob Jones,Bruins,BOBJ,NA,NA,away,35,FALSE,8,0,14,23,13,57,NA,17,100,4,4,0,4,4,3,0,19,5,27,18,0,15,15,2026,s:40~l:54~t:2026,App State,Mountaineers,000000,ffcd00,110,0,10,0,NA,NA
401826608,2026,11/7/2025,295,s:40~l:54~t:295,Old Dominion,Monarchs,ODU,003768,a1d2f1,home,106,TRUE,19,5,34,52,41,79,NA,16,65,17,26,74,27,23,0,0,28,7,25,61,0,13,13,2207,s:40~l:54~t:2207,Elizabeth City State,Vikings,000000,NA,32,36,66,41,NA,NA
401822236,2026,11/7/2025,2870,s:40~l:54~t:2870,Purdue Fort Wayne,Mastodons,PFW,cfb991,000000,away,61,FALSE,15,1,25,38,24,63,NA,17,50,4,8,3,6,7,1,0,35,9,26,31,0,12,12,2752,s:40~l:54~t:2752,Xavier,Musketeers,21304e,a5a7a8,62,4,28,16,NA,NA
401822236,2026,11/7/2025,2752,s:40~l:54~t:2752,Xavier,Musketeers,XAV,21304e,a5a7a8,home,62,TRUE,12,1,33,41,24,58,NA,18,69,9,13,10,10,4,0,0,25,5,20,43,0,21,21,2870,s:40~l:54~t:2870,Purdue Fort Wayne,Mastodons,cfb991,000000,61,12,30,6,NA,NA
401813872,2026,11/7/2025,2099,s:40~l:54~t:2099,Canisius,Golden Griffins,CAN,004a81,dda50f,home,39,FALSE,5,2,20,17,7,42,NA,17,81,22,27,0,8,1,3,0,17,3,18,28,0,21,21,2199,s:40~l:54~t:2199,Eastern Michigan,Eagles,006938,ffffff,70,0,6,11,NA,NA
401827888,2026,11/7/2025,159,s:40~l:54~t:159,Dartmouth,Big Green,DART,005730,000000,away,52,TRUE,9,4,23,39,17,44,NA,11,73,11,15,12,7,5,3,0,32,7,22,30,0,18,18,104,s:40~l:54~t:104,Boston University,Terriers,cc0000,ffffff,50,3,14,18,NA,NA
401827888,2026,11/7/2025,104,s:40~l:54~t:104,Boston University,Terriers,BU,cc0000,ffffff,home,50,FALSE,13,5,22,35,19,55,NA,18,56,5,9,1,15,9,1,0,27,7,26,37,0,18,18,159,s:40~l:54~t:159,Dartmouth,Big Green,005730,000000,52,5,22,10,NA,NA
401827778,2026,11/7/2025,93,s:40~l:54~t:93,Murray State,Racers,MUR,002148,000e00,away,79,TRUE,7,0,29,42,22,52,NA,22,88,30,34,9,13,7,0,0,26,5,19,42,0,18,18,88,s:40~l:54~t:88,Southern Indiana,Screaming Eagles,000000,NA,77,22,28,13,NA,NA
401827778,2026,11/7/2025,88,s:40~l:54~t:88,Southern Indiana,Screaming Eagles,USI,000000,NA,home,77,FALSE,9,3,20,42,32,76,NA,27,62,8,13,7,18,7,1,0,26,5,19,38,0,12,12,93,s:40~l:54~t:93,Murray State,Racers,002148,000e00,79,6,44,16,NA,NA
401826668,2026,11/7/2025,2132,s:40~l:54~t:2132,Cincinnati,Bearcats,CIN,000000,e00122,away,77,FALSE,14,3,24,38,30,80,NA,13,83,10,12,4,21,10,0,0,33,7,21,45,0,17,17,213,s:40~l:54~t:213,Penn State,Lady Lions,061440,ffffff,82,6,26,17,NA,NA
401826621,2026,11/7/2025,2170,s:40~l:54~t:2170,Delta State,Statesmen,DLST,00753e,000000,away,76,TRUE,11,1,35,43,26,61,NA,27,67,20,30,17,18,11,1,0,21,4,19,53,0,22,22,309,s:40~l:54~t:309,Louisiana,Ragin' Cajuns,ce181e,000000,68,7,42,24,NA,NA
401826621,2026,11/7/2025,309,s:40~l:54~t:309,Louisiana,Ragin' Cajuns,UL,ce181e,000000,home,68,FALSE,6,2,21,33,21,63,NA,20,71,22,31,2,13,9,0,0,29,4,14,34,0,16,16,2170,s:40~l:54~t:2170,Delta State,Statesmen,00753e,000000,76,14,24,20,NA,NA
401825003,2026,11/7/2025,2771,s:40~l:54~t:2771,Merrimack,Warriors,MRMK,2f4f93,e8c535,away,46,FALSE,10,1,16,29,18,63,NA,15,67,4,6,0,10,9,0,0,24,6,25,26,0,16,16,227,s:40~l:54~t:227,Rhode Island,Rams,091f3f,5ab3e8,84,4,22,9,NA,NA
401823236,2026,11/7/2025,172,s:40~l:54~t:172,Cornell,Big Red,COR,b31b1b,ffffff,away,38,FALSE,11,1,21,26,13,50,NA,24,54,7,13,0,13,4,2,0,28,5,18,34,0,17,17,2803,s:40~l:54~t:2803,Bryant,Bulldogs,000000,9f8343,64,1,14,3,NA,NA
401822786,2026,11/7/2025,204,s:40~l:54~t:204,Oregon State,Beavers,ORST,dc4405,000000,home,86,TRUE,17,14,32,46,34,74,NA,6,65,11,17,42,18,13,1,0,32,7,22,50,0,11,11,3106,s:40~l:54~t:3106,Corban,Warriors,000000,NA,45,14,42,26,NA,NA
401820849,2026,11/7/2025,2006,s:40~l:54~t:2006,Akron,Zips,AKR,041e42,c5b783,away,61,FALSE,14,2,22,44,22,50,NA,27,67,12,18,2,4,7,0,0,29,5,17,26,0,19,19,2523,s:40~l:54~t:2523,Robert Morris,Colonials,00214D,a21d2b,70,12,32,16,NA,NA
401813848,2026,11/7/2025,179,s:40~l:54~t:179,St. Bonaventure,Bonnies,SBU,70261D,NA,away,74,TRUE,11,2,33,42,22,52,NA,20,77,24,31,25,9,9,1,0,33,6,18,42,0,22,22,315,s:40~l:54~t:315,Niagara,Purple Eagles,69207E,f0f0f0,56,17,24,17,NA,NA
401813848,2026,11/7/2025,315,s:40~l:54~t:315,Niagara,Purple Eagles,NIA,69207E,f0f0f0,home,56,FALSE,9,4,24,37,21,57,NA,26,59,10,17,2,6,9,2,0,31,4,13,30,0,22,22,179,s:40~l:54~t:179,St. Bonaventure,Bonnies,70261D,NA,74,19,34,19,NA,NA
401825802,2026,11/7/2025,219,s:40~l:54~t:219,Pennsylvania,Quakers,PENN,082A74,a6163d,home,105,TRUE,29,6,28,55,42,76,NA,13,67,10,15,74,19,19,0,0,35,11,31,47,0,8,8,247,s:40~l:54~t:247,King's,Monarchs,c41230,000000,31,20,56,38,NA,NA
401824162,2026,11/7/2025,151,s:40~l:54~t:151,East Carolina,Pirates,ECU,582c83,ffc72c,away,53,FALSE,7,1,15,27,17,63,NA,22,71,15,21,3,16,7,0,0,15,4,27,31,0,14,14,2335,s:40~l:54~t:2335,Liberty,Flames,0a254e,b72025,69,5,20,24,NA,NA
401824162,2026,11/7/2025,2335,s:40~l:54~t:2335,Liberty,Flames,LIB,0a254e,b72025,home,69,TRUE,19,3,33,53,24,45,NA,18,69,11,16,20,8,9,2,0,56,10,18,41,0,25,25,151,s:40~l:54~t:151,East Carolina,Pirates,582c83,ffc72c,53,7,24,12,NA,NA
401808048,2026,11/7/2025,70,s:40~l:54~t:70,Idaho,Vandals,IDHO,000000,8c6e4a,away,76,FALSE,17,3,26,36,29,81,NA,17,61,11,18,7,21,8,0,0,29,7,24,47,0,15,15,302,s:40~l:54~t:302,UC Davis,Aggies,002855,c3c4c6,89,14,40,14,NA,NA
401826983,2026,11/7/2025,233,s:40~l:54~t:233,South Dakota,Coyotes,SDAK,CD1241,f0f0f0,home,75,TRUE,11,3,26,57,31,54,NA,15,75,9,12,25,12,12,0,0,36,4,11,38,0,16,16,2005,s:40~l:54~t:2005,Air Force,Falcons,003594,ffffff,50,7,54,17,NA,NA
401826605,2026,11/7/2025,2572,s:40~l:54~t:2572,Southern Miss,Lady Eagles,USM,ffc72c,231f20,home,92,TRUE,22,4,24,47,33,70,NA,20,76,16,21,18,15,8,0,0,45,10,22,39,0,10,10,2730,s:40~l:54~t:2730,William Carey,Crusaders,000000,NA,80,15,36,21,NA,NA
401826130,2026,11/7/2025,2032,s:40~l:54~t:2032,Arkansas State,Red Wolves,ARST,cc092f,000000,away,87,TRUE,10,2,28,41,30,73,NA,26,65,17,26,10,11,15,0,0,36,10,28,39,0,16,16,2627,s:40~l:54~t:2627,Tarleton State,Texans,000000,NA,77,22,38,21,NA,NA
401826130,2026,11/7/2025,2627,s:40~l:54~t:2627,Tarleton State,Texans,TAR,000000,NA,home,77,FALSE,11,2,38,41,22,54,NA,25,72,28,39,9,7,7,2,0,28,5,18,45,0,29,29,2032,s:40~l:54~t:2032,Arkansas State,Red Wolves,cc092f,000000,87,11,28,9,NA,NA
401829543,2026,11/7/2025,2029,s:40~l:54~t:2029,Arkansas-Pine Bluff,Golden Lions,UAPB,e0aa0f,eaaa00,away,49,FALSE,7,0,24,29,19,66,NA,17,58,7,12,0,12,4,0,0,31,4,13,36,0,18,18,8,s:40~l:54~t:8,Arkansas,Razorbacks,a32136,ffffff,101,9,20,5,NA,NA
401829543,2026,11/7/2025,8,s:40~l:54~t:8,Arkansas,Razorbacks,ARK,a32136,ffffff,home,101,TRUE,17,8,38,49,33,68,NA,12,80,20,25,52,14,13,0,0,45,15,33,52,0,12,12,2029,s:40~l:54~t:2029,Arkansas-Pine Bluff,Golden Lions,e0aa0f,eaaa00,49,30,28,22,NA,NA
401824196,2026,11/7/2025,2127,s:40~l:54~t:2127,Charleston Southern,Buccaneers,CHSO,2e3192,ded090,away,65,FALSE,13,2,25,41,24,58,NA,14,60,6,10,4,7,4,4,0,39,11,28,32,0,14,14,232,s:40~l:54~t:232,Charleston,Cougars,7a2531,9e8959,80,6,24,3,NA,NA
401819604,2026,11/6/2025,24,s:40~l:54~t:24,Stanford,Cardinal,STAN,8c1515,ffffff,home,79,TRUE,15,6,38,42,26,62,NA,13,73,16,22,21,14,6,1,0,50,11,22,52,0,14,14,2541,s:40~l:54~t:2541,Santa Clara,Broncos,690b0b,101010,58,10,28,16,NA,NA
401807965,2026,11/6/2025,2545,s:40~l:54~t:2545,SE Louisiana,Lady Lions,SELA,215732,ffc72c,away,26,FALSE,6,0,11,19,10,52,NA,14,33,3,9,0,9,7,0,0,16,3,19,20,0,29,29,99,s:40~l:54~t:99,LSU,Tigers,461d76,fdd023,115,0,8,9,NA,NA
401827182,2026,11/6/2025,2437,s:40~l:54~t:2437,Omaha,Mavericks,OMA,e3193e,474648,home,88,TRUE,22,3,33,41,31,76,NA,15,71,12,17,41,19,8,1,0,38,14,37,52,0,12,12,3148,s:40~l:54~t:3148,College of Saint Mary,Flames,NA,NA,47,18,30,20,NA,NA
401825874,2026,11/6/2025,167,s:40~l:54~t:167,New Mexico,Lobos,UNM,ba0c2f,a7a8aa,away,59,FALSE,8,3,25,34,21,61,NA,16,62,8,13,5,11,6,0,0,36,9,25,36,0,21,21,38,s:40~l:54~t:38,Colorado,Buffaloes,cfb87c,000000,84,2,24,7,NA,NA
401825874,2026,11/6/2025,38,s:40~l:54~t:38,Colorado,Buffaloes,COLO,cfb87c,000000,home,84,TRUE,17,4,32,45,34,75,NA,13,86,12,14,25,16,15,0,0,20,4,20,48,0,10,10,167,s:40~l:54~t:167,New Mexico,Lobos,ba0c2f,a7a8aa,59,24,50,27,NA,NA
401822846,2026,11/6/2025,27,s:40~l:54~t:27,UC Riverside,Highlanders,UCR,14234F,NA,away,59,FALSE,14,3,23,44,22,50,NA,15,70,7,10,5,10,8,2,0,35,8,23,33,0,23,23,12,s:40~l:54~t:12,Arizona,Wildcats,cc0033,003366,62,4,26,11,NA,NA
401822846,2026,11/6/2025,12,s:40~l:54~t:12,Arizona,Wildcats,ARIZ,cc0033,003366,home,62,TRUE,13,3,19,46,23,50,NA,20,69,11,16,9,5,11,0,0,33,5,15,24,0,16,16,27,s:40~l:54~t:27,UC Riverside,Highlanders,14234F,NA,59,2,32,18,NA,NA
401824189,2026,11/6/2025,197,s:40~l:54~t:197,Oklahoma State,Cowgirls,OKST,fe5c00,000000,home,105,TRUE,26,8,28,54,36,67,NA,19,79,15,19,71,19,15,2,0,46,18,39,47,0,15,15,2324,s:40~l:54~t:2324,Langston,Lions,000000,NA,35,27,32,33,NA,NA
401817406,2026,11/6/2025,2655,s:40~l:54~t:2655,Tulane,Green Wave,TULN,006747,418fde,home,69,FALSE,18,2,30,41,29,70,NA,15,46,6,13,5,14,11,0,0,21,5,24,44,0,21,21,142,s:40~l:54~t:142,Missouri,Tigers,f1b82d,000000,77,14,38,18,NA,NA
401807517,2026,11/6/2025,2210,s:40~l:54~t:2210,Elon,Phoenix,ELON,020303,b59a57,away,37,FALSE,6,4,25,29,15,52,NA,17,80,4,5,3,10,8,1,0,16,3,19,35,0,27,27,153,s:40~l:54~t:153,North Carolina,Tar Heels,7bafd4,13294b,71,1,14,7,NA,NA
401807517,2026,11/6/2025,153,s:40~l:54~t:153,North Carolina,Tar Heels,UNC,7bafd4,13294b,home,71,TRUE,16,3,26,39,28,71,NA,11,65,11,17,34,21,19,2,0,15,4,26,47,0,13,13,2210,s:40~l:54~t:2210,Elon,Phoenix,020303,b59a57,37,23,44,28,NA,NA
401825100,2026,11/6/2025,2466,s:40~l:54~t:2466,Northwestern State,Lady Demons,NWST,492F91,ed6118,away,55,TRUE,9,4,27,32,20,62,NA,12,78,7,9,22,12,9,0,0,33,8,24,39,0,17,17,2724,s:40~l:54~t:2724,Wichita State,Shockers,ffcd00,27251f,42,13,20,12,NA,NA
401825100,2026,11/6/2025,2724,s:40~l:54~t:2724,Wichita State,Shockers,WICH,ffcd00,27251f,home,42,FALSE,5,3,31,26,15,58,NA,21,70,7,10,2,17,6,0,0,19,5,26,48,0,25,25,2466,s:40~l:54~t:2466,Northwestern State,Lady Demons,492F91,ed6118,55,9,20,9,NA,NA
401824913,2026,11/6/2025,2244,s:40~l:54~t:2244,George Mason,Patriots,GMU,016600,ecb010,away,72,TRUE,15,8,36,39,24,61,NA,20,67,10,15,25,9,11,2,0,47,14,30,45,0,22,22,256,s:40~l:54~t:256,James Madison,Dukes,450084,cbb677,57,13,18,20,NA,NA
401824913,2026,11/6/2025,256,s:40~l:54~t:256,James Madison,Dukes,JMU,450084,cbb677,home,57,FALSE,9,2,28,27,21,78,NA,15,61,11,18,2,25,14,0,0,14,4,29,53,0,19,19,2244,s:40~l:54~t:2244,George Mason,Patriots,016600,ecb010,72,20,34,15,NA,NA
401823084,2026,11/6/2025,2325,s:40~l:54~t:2325,La Salle,Explorers,LAS,003356,ffce00,away,71,TRUE,16,1,24,50,26,52,NA,13,61,17,28,17,11,12,0,0,20,2,10,35,0,21,21,2352,s:40~l:54~t:2352,Loyola Maryland,Greyhounds,76a7a0,c9cbca,59,18,44,22,NA,NA
401823084,2026,11/6/2025,2352,s:40~l:54~t:2352,Loyola Maryland,Greyhounds,L-MD,76a7a0,c9cbca,home,59,FALSE,16,1,20,44,24,54,NA,24,47,8,17,2,8,12,0,0,17,3,18,28,0,21,21,2325,s:40~l:54~t:2325,La Salle,Explorers,003356,ffce00,71,0,40,12,NA,NA
401822984,2026,11/6/2025,2641,s:40~l:54~t:2641,Texas Tech,Lady Raiders,TTU,da291c,000000,home,79,TRUE,17,5,25,43,26,61,NA,25,64,16,25,28,12,13,1,1,37,11,30,37,1,19,19,2636,s:40~l:54~t:2636,UTSA,Roadrunners,0c2340,f15a22,52,12,26,29,NA,NA
401820134,2026,11/6/2025,2385,s:40~l:54~t:2385,Mercyhurst,Lakers,MERC,000000,NA,away,44,FALSE,8,2,13,23,13,57,NA,19,63,10,16,1,12,9,3,0,25,8,32,25,0,23,23,2168,s:40~l:54~t:2168,Dayton,Flyers,004B8D,ffffff,86,4,10,17,NA,NA
401820134,2026,11/6/2025,2168,s:40~l:54~t:2168,Dayton,Flyers,DAY,004B8D,ffffff,home,86,TRUE,19,9,33,60,35,58,NA,16,77,10,13,46,12,8,0,1,33,6,18,45,1,23,23,2385,s:40~l:54~t:2385,Mercyhurst,Lakers,000000,NA,44,24,50,23,NA,NA
401818691,2026,11/6/2025,2509,s:40~l:54~t:2509,Purdue,Boilermakers,PUR,ceb888,000000,home,82,TRUE,16,6,26,52,30,58,NA,22,62,13,21,18,10,4,0,0,43,9,21,36,0,14,14,2197,s:40~l:54~t:2197,Eastern Illinois,Panthers,000000,bebab9,67,3,34,14,NA,NA
401817328,2026,11/6/2025,228,s:40~l:54~t:228,Clemson,Tigers,CLEM,f56600,ffffff,away,72,TRUE,17,2,33,54,27,50,NA,18,67,8,12,23,11,3,1,0,48,10,21,44,0,15,15,2382,s:40~l:54~t:2382,Mercer,Bears,ff7f29,080808,51,5,32,5,NA,NA
401812634,2026,11/6/2025,164,s:40~l:54~t:164,Rutgers,Scarlet Knights,RUTG,ce0e2d,ffffff,home,64,TRUE,15,4,25,42,20,48,NA,17,54,20,37,11,15,7,1,0,29,4,14,40,0,14,14,2514,s:40~l:54~t:2514,Quinnipiac,Bobcats,041B43,NA,55,13,28,15,NA,NA
401812511,2026,11/6/2025,46,s:40~l:54~t:46,Georgetown,Hoyas,GTWN,110E42,001c58,home,90,TRUE,19,5,23,50,32,64,NA,16,74,17,23,45,13,16,1,0,53,9,17,36,0,11,11,284,s:40~l:54~t:284,Stonehill,Skyhawks,000000,NA,45,16,44,35,NA,NA
401807916,2026,11/6/2025,333,s:40~l:54~t:333,Alabama,Crimson Tide,ALA,9e1b32,ffffff,home,64,TRUE,10,11,32,49,20,41,NA,12,78,18,23,20,9,6,0,0,32,6,19,41,0,22,22,2377,s:40~l:54~t:2377,McNeese,Cowgirls,00529C,ffd204,44,2,28,6,NA,NA
401822187,2026,11/6/2025,2097,s:40~l:54~t:2097,Campbell,Fighting Camels,CAM,000000,NA,away,50,FALSE,7,5,19,33,19,57,NA,12,75,6,8,0,14,3,1,0,21,6,29,33,0,14,14,2429,s:40~l:54~t:2429,Charlotte,49ers,005035,a49665,61,4,24,14,NA,NA
401822187,2026,11/6/2025,2429,s:40~l:54~t:2429,Charlotte,49ers,CLT,005035,a49665,home,61,TRUE,12,4,25,31,22,71,NA,10,71,10,14,13,32,12,3,0,29,7,24,57,0,13,13,2097,s:40~l:54~t:2097,Campbell,Fighting Camels,000000,NA,50,9,28,16,NA,NA
401822157,2026,11/6/2025,56,s:40~l:54~t:56,Stetson,Hatters,STET,0a5640,56854e,home,105,TRUE,29,4,35,47,37,79,NA,18,75,18,24,65,19,19,0,0,37,13,35,54,0,14,14,2683,s:40~l:54~t:2683,Warner University,Royals,000000,NA,40,29,44,36,NA,NA
401818528,2026,11/6/2025,231,s:40~l:54~t:231,Furman,Paladins,FUR,582c83,ffffff,away,45,FALSE,6,6,22,24,15,63,NA,18,53,9,17,0,18,10,1,0,21,6,29,40,0,26,26,61,s:40~l:54~t:61,Georgia,Lady Bulldogs,ba0c2f,2c2a29,91,0,12,14,NA,NA
401818528,2026,11/6/2025,61,s:40~l:54~t:61,Georgia,Lady Bulldogs,UGA,ba0c2f,2c2a29,home,91,TRUE,17,3,33,49,35,71,NA,19,74,14,19,46,18,14,0,0,47,7,15,51,0,19,19,231,s:40~l:54~t:231,Furman,Paladins,582c83,ffffff,45,25,44,26,NA,NA
401818637,2026,11/6/2025,120,s:40~l:54~t:120,Maryland,Terrapins,MD,ce1126,ffffff,home,87,TRUE,23,2,26,54,32,59,NA,17,75,15,20,33,14,11,1,0,31,8,26,40,0,18,18,2378,s:40~l:54~t:2378,UMBC,Retrievers,000000,ad860a,54,17,42,23,NA,NA
401829370,2026,11/6/2025,322,s:40~l:54~t:322,Lafayette,Leopards,LAF,790000,a59474,away,58,FALSE,3,5,27,34,20,58,NA,10,80,16,20,5,11,7,0,0,14,2,14,38,0,15,15,2520,s:40~l:54~t:2520,Rider,Broncs,a80532,ebebeb,65,5,30,14,NA,NA
401829370,2026,11/6/2025,2520,s:40~l:54~t:2520,Rider,Broncs,RID,a80532,ebebeb,home,65,TRUE,14,6,27,40,25,63,NA,19,71,5,7,19,11,9,2,0,43,10,23,38,0,17,17,322,s:40~l:54~t:322,Lafayette,Leopards,790000,a59474,58,15,22,22,NA,NA
401827821,2026,11/6/2025,2177,s:40~l:54~t:2177,District of Columbia,DISTRICT OF COLUMBIA,UDC,000000,NA,away,39,FALSE,12,4,22,35,15,43,NA,21,50,6,12,2,8,7,3,0,27,3,11,30,0,38,38,2450,s:40~l:54~t:2450,Norfolk State,Spartans,0c8968,fdb813,85,2,14,14,NA,NA
401827465,2026,11/6/2025,2717,s:40~l:54~t:2717,Western Carolina,Catamounts,WCU,492F91,bf9e70,home,99,TRUE,27,10,31,46,35,76,NA,16,55,16,29,42,26,17,0,0,48,13,27,57,0,19,19,3229,s:40~l:54~t:3229,Virginia Lynchburg,Dragons,NA,NA,58,25,42,33,NA,NA
401827176,2026,11/6/2025,109466,s:40~l:54~t:109466,Haskell,Jayhawks,HSKL,NA,NA,away,50,FALSE,7,3,23,30,17,56,NA,24,91,10,11,0,6,5,3,0,27,6,22,29,0,28,28,198,s:40~l:54~t:198,Oral Roberts,Golden Eagles,002462,dac792,92,4,18,6,NA,NA
401826613,2026,11/6/2025,94,s:40~l:54~t:94,Northern Kentucky,Norse,NKU,ffc82e,000000,away,53,FALSE,15,6,23,35,19,55,NA,14,100,7,7,5,13,5,1,0,38,8,21,36,0,20,20,276,s:40~l:54~t:276,Marshall,Thundering Herd,00b140,000000,68,2,20,9,NA,NA
401826613,2026,11/6/2025,276,s:40~l:54~t:276,Marshall,Thundering Herd,MRSH,00b140,000000,home,68,TRUE,13,2,23,41,27,66,NA,14,67,6,9,23,17,14,2,0,31,8,26,40,0,13,13,94,s:40~l:54~t:94,Northern Kentucky,Norse,ffc82e,000000,53,11,36,23,NA,NA
401824996,2026,11/6/2025,2350,s:40~l:54~t:2350,Loyola Chicago,Ramblers,LUC,9d1244,NA,home,46,FALSE,10,3,23,32,18,56,NA,23,60,3,5,5,8,8,0,0,25,7,28,31,0,18,18,2739,s:40~l:54~t:2739,Green Bay,Phoenix,006633,ffffff,55,7,18,13,NA,NA
401823681,2026,11/6/2025,2506,s:40~l:54~t:2506,Presbyterian,Blue Hose,PRES,194896,990134,away,41,FALSE,10,4,17,23,15,66,NA,22,38,5,13,0,13,6,2,0,29,6,21,30,0,14,14,154,s:40~l:54~t:154,Wake Forest,Demon Deacons,ceb888,2c2a29,78,10,16,13,NA,NA
401823681,2026,11/6/2025,154,s:40~l:54~t:154,Wake Forest,Demon Deacons,WAKE,ceb888,2c2a29,home,78,TRUE,18,7,36,51,28,55,NA,15,74,17,23,37,11,6,1,0,33,5,15,47,0,18,18,2506,s:40~l:54~t:2506,Presbyterian,Blue Hose,194896,990134,41,11,46,16,NA,NA
401820142,2026,11/6/2025,215,s:40~l:54~t:215,Slippery Rock,The Rock,SRU,000000,NA,away,53,FALSE,13,6,21,34,20,59,NA,18,75,3,4,0,8,5,3,0,34,10,29,29,0,29,29,2184,s:40~l:54~t:2184,Duquesne,Dukes,002D62,b90b2e,108,14,18,5,NA,NA
401819746,2026,11/6/2025,52,s:40~l:54~t:52,Florida State,Seminoles,FSU,782f40,ceb888,home,80,TRUE,12,8,36,39,28,72,NA,24,76,16,21,10,18,2,0,0,33,8,24,54,0,13,13,290,s:40~l:54~t:290,Georgia Southern,Eagles,041e42,a3aaae,72,3,38,4,NA,NA
401813788,2026,11/6/2025,2628,s:40~l:54~t:2628,TCU,Horned Frogs,TCU,4d1979,ffffff,home,82,TRUE,24,12,28,47,32,68,NA,19,64,7,11,39,19,7,0,0,31,11,35,47,0,16,16,2448,s:40~l:54~t:2448,North Carolina A&T,Aggies,0505aa,004684,43,18,38,22,NA,NA
401822824,2026,11/6/2025,2393,s:40~l:54~t:2393,Middle Tennessee,Blue Raiders,MTSU,036eb7,ffffff,away,73,TRUE,8,4,29,38,20,53,NA,16,84,26,31,21,12,9,1,0,33,7,21,41,0,17,17,139,s:40~l:54~t:139,Saint Louis,Billikens,00539C,ebebeb,55,10,24,18,NA,NA
401822824,2026,11/6/2025,139,s:40~l:54~t:139,Saint Louis,Billikens,SLU,00539C,ebebeb,home,55,FALSE,13,7,24,34,19,56,NA,25,65,11,17,3,10,9,0,0,32,6,19,34,0,18,18,2393,s:40~l:54~t:2393,Middle Tennessee,Blue Raiders,036eb7,ffffff,73,5,20,14,NA,NA
401822201,2026,11/6/2025,294,s:40~l:54~t:294,Jacksonville,Dolphins,JAX,00523e,NA,home,75,TRUE,18,6,28,42,27,64,NA,13,71,15,21,33,17,11,0,0,35,6,17,45,0,18,18,53,s:40~l:54~t:53,Florida Tech,Panthers,000000,NA,47,19,42,22,NA,NA
401817276,2026,11/6/2025,236,s:40~l:54~t:236,Chattanooga,Mocs,UTC,00386b,dca71d,away,52,FALSE,9,2,18,33,14,42,NA,20,62,18,29,6,8,5,1,0,35,6,17,26,0,25,25,57,s:40~l:54~t:57,Florida,Gators,0021a5,fa4616,94,2,10,5,NA,NA
401817276,2026,11/6/2025,57,s:40~l:54~t:57,Florida,Gators,FLA,0021a5,fa4616,home,94,TRUE,20,4,26,52,35,67,NA,21,58,15,26,42,20,13,0,0,39,9,23,46,0,13,13,236,s:40~l:54~t:236,Chattanooga,Mocs,00386b,dca71d,52,14,44,35,NA,NA
401825124,2026,11/6/2025,288,s:40~l:54~t:288,Lipscomb,Bisons,LIP,20366C,f6b734,home,105,TRUE,22,7,32,51,38,75,NA,13,69,18,26,66,19,16,0,0,38,11,29,51,0,9,9,2553,s:40~l:54~t:2553,Sewanee,Tigers,000000,NA,46,14,54,33,NA,NA
401830364,2026,11/6/2025,2540,s:40~l:54~t:2540,UC Santa Barbara,Gauchos,UCSB,1e1840,febc11,away,50,FALSE,8,1,17,36,21,58,NA,19,80,4,5,0,7,3,2,0,15,4,27,24,0,17,17,26,s:40~l:54~t:26,UCLA,Bruins,2774ae,f2a900,87,2,30,10,NA,NA
401830364,2026,11/6/2025,26,s:40~l:54~t:26,UCLA,Bruins,UCLA,2774ae,f2a900,home,87,TRUE,22,3,29,49,30,61,NA,14,94,17,18,42,14,10,0,0,33,10,30,43,0,14,14,2540,s:40~l:54~t:2540,UC Santa Barbara,Gauchos,1e1840,febc11,50,18,34,24,NA,NA
401812774,2026,11/6/2025,2440,s:40~l:54~t:2440,Nevada,Wolf Pack,NEV,041e42,8a8d8f,away,45,FALSE,4,1,22,36,17,47,NA,16,69,11,16,0,12,8,1,0,0,0,12,34,0,24,24,16,s:40~l:54~t:16,Sacramento State,Hornets,00573C,cdb97d,65,6,32,12,NA,NA
401812774,2026,11/6/2025,16,s:40~l:54~t:16,Sacramento State,Hornets,SAC,00573C,cdb97d,home,65,TRUE,15,4,20,50,26,52,NA,19,58,7,12,23,6,12,3,1,26,6,23,26,1,19,19,2440,s:40~l:54~t:2440,Nevada,Wolf Pack,041e42,8a8d8f,45,12,40,25,NA,NA
401826596,2026,11/6/2025,2400,s:40~l:54~t:2400,Mississippi Valley State,Devilettes,MVSU,005328,cf2d34,away,50,FALSE,7,2,27,32,21,66,NA,25,38,3,8,0,14,9,1,0,25,5,20,41,0,35,35,2653,s:40~l:54~t:2653,Troy,Trojans,862633,b1b1b1,95,4,18,13,NA,NA
401826596,2026,11/6/2025,2653,s:40~l:54~t:2653,Troy,Trojans,TROY,862633,b1b1b1,home,95,TRUE,18,7,33,41,29,71,NA,20,76,29,38,47,20,23,0,0,36,8,22,53,0,23,23,2400,s:40~l:54~t:2400,Mississippi Valley State,Devilettes,005328,cf2d34,50,25,40,39,NA,NA
401828539,2026,11/6/2025,339,s:40~l:54~t:339,Evansville,Purple Aces,EVAN,663399,ef6f00,away,66,FALSE,12,3,29,28,22,79,NA,19,67,14,21,8,19,6,0,0,26,8,31,48,0,21,21,2546,s:40~l:54~t:2546,Southeast Missouri State,Redhawks,c8102e,000000,71,15,24,9,NA,NA
401825131,2026,11/6/2025,2453,s:40~l:54~t:2453,North Alabama,Lions,UNA,000000,NA,home,75,TRUE,16,9,30,42,33,79,NA,20,60,3,5,36,21,8,0,0,19,6,32,51,0,17,17,2225,s:40~l:54~t:2225,Fisk,Bulldogs,000000,NA,42,13,46,27,NA,NA
401819769,2026,11/6/2025,2390,s:40~l:54~t:2390,Miami,Hurricanes,MIA,f47423,035131,home,74,TRUE,19,6,33,44,27,62,NA,14,68,15,22,33,13,6,0,0,22,5,23,46,0,14,14,2065,s:40~l:54~t:2065,Bethune-Cookman,Wildcats,7b1831,e9aa12,41,16,36,18,NA,NA
401812927,2026,11/6/2025,59,s:40~l:54~t:59,Georgia Tech,Yellow Jackets,GT,b3a369,ffffff,home,82,TRUE,24,3,38,50,28,56,NA,18,74,23,31,47,13,7,0,0,19,3,16,51,0,14,14,2515,s:40~l:54~t:2515,Radford,Highlanders,BC1515,c2c3c0,36,14,40,18,NA,NA
401822794,2026,11/5/2025,2439,s:40~l:54~t:2439,UNLV,Lady Rebels,UNLV,cf0a2c,cac8c8,home,64,TRUE,9,2,24,33,19,57,NA,14,83,24,29,15,18,9,0,0,18,2,11,42,0,12,12,265,s:40~l:54~t:265,Washington State,Cougars,a60f2d,4d4d4d,51,4,22,20,NA,NA
401829506,2026,11/5/2025,2547,s:40~l:54~t:2547,Seattle U,Redhawks,SEA,BF2E1A,c2c3c0,home,86,TRUE,18,0,33,47,35,75,NA,16,55,11,20,35,17,14,0,0,25,5,20,50,0,17,17,2465,s:40~l:54~t:2465,Northwest University,Eagles,000000,NA,56,15,58,28,NA,NA
401826636,2026,11/5/2025,324,s:40~l:54~t:324,Coastal Carolina,Chanticleers,CCU,006f71,a27752,away,57,FALSE,9,2,24,28,20,71,NA,25,56,10,18,2,19,12,0,0,19,7,36,43,0,27,27,252,s:40~l:54~t:252,BYU,Cougars,0047ba,002e5d,91,2,20,22,NA,NA
401826636,2026,11/5/2025,252,s:40~l:54~t:252,BYU,Cougars,BYU,0047ba,002e5d,home,91,TRUE,27,8,34,48,30,62,NA,18,72,21,29,36,12,18,1,0,28,10,36,46,0,25,25,324,s:40~l:54~t:324,Coastal Carolina,Chanticleers,006f71,a27752,57,27,38,36,NA,NA
401820508,2026,11/5/2025,357,s:40~l:54~t:357,Texas A&M-Corpus Christi,Islanders,AMCC,0067c5,007f3e,away,43,FALSE,11,5,25,33,14,43,NA,21,73,11,15,0,8,3,0,0,25,4,16,33,0,29,29,245,s:40~l:54~t:245,Texas A&M,Aggies,500000,ffffff,81,2,16,4,NA,NA
401819924,2026,11/5/2025,2582,s:40~l:54~t:2582,Southern,Jaguars,SOU,004B97,ffc82d,away,58,FALSE,8,1,16,32,19,60,NA,25,68,17,25,0,11,10,1,0,43,3,7,27,0,15,15,66,s:40~l:54~t:66,Iowa State,Cyclones,ae192d,ffc72a,85,0,18,13,NA,NA
401819924,2026,11/5/2025,66,s:40~l:54~t:66,Iowa State,Cyclones,ISU,ae192d,ffc72a,home,85,TRUE,20,1,35,57,33,58,NA,17,74,14,19,32,9,5,0,0,29,5,17,44,0,16,16,2582,s:40~l:54~t:2582,Southern,Jaguars,004B97,ffc82d,58,3,38,21,NA,NA
401824188,2026,11/5/2025,197,s:40~l:54~t:197,Oklahoma State,Cowgirls,OKST,fe5c00,000000,home,97,TRUE,17,2,26,48,31,65,NA,13,68,23,34,44,22,7,0,0,40,12,30,48,0,11,11,2837,s:40~l:54~t:2837,East Texas A&M,Lions,000000,NA,59,8,32,25,NA,NA
401828747,2026,11/5/2025,2310,s:40~l:54~t:2310,Kentucky State,Thorobreds,KYSU,000000,NA,away,33,FALSE,8,1,19,21,14,66,NA,22,29,2,7,0,20,12,3,0,12,3,25,39,0,29,29,98,s:40~l:54~t:98,Western Kentucky,Lady Toppers,e13a3e,ffffff,81,2,18,5,NA,NA
401828747,2026,11/5/2025,98,s:40~l:54~t:98,Western Kentucky,Lady Toppers,WKU,e13a3e,ffffff,home,81,TRUE,18,4,35,48,28,58,NA,14,60,15,25,51,15,12,2,0,40,10,25,50,0,22,22,2310,s:40~l:54~t:2310,Kentucky State,Thorobreds,000000,NA,33,13,34,38,NA,NA
401825943,2026,11/5/2025,140,s:40~l:54~t:140,Kansas City,Roos,KC,004b87,ffc72c,away,64,FALSE,13,2,24,38,23,61,NA,21,56,9,16,5,12,9,0,0,39,9,23,36,0,15,15,2305,s:40~l:54~t:2305,Kansas,Jayhawks,0051ba,e8000d,74,0,18,11,NA,NA
401825943,2026,11/5/2025,2305,s:40~l:54~t:2305,Kansas,Jayhawks,KU,0051ba,e8000d,home,74,TRUE,20,3,30,57,28,49,NA,19,43,9,21,16,6,6,0,0,43,9,21,36,0,18,18,140,s:40~l:54~t:140,Kansas City,Roos,004b87,ffc72c,64,13,34,15,NA,NA
401822813,2026,11/5/2025,2539,s:40~l:54~t:2539,San Francisco,Dons,SF,005a36,ffffff,home,64,TRUE,17,3,40,44,25,57,NA,20,83,10,12,24,12,9,1,0,29,4,14,52,0,19,19,2430,s:40~l:54~t:2430,UNC Greensboro,Spartans,003559,ffd90a,40,10,42,16,NA,NA
401812564,2026,11/5/2025,2473,s:40~l:54~t:2473,Oakland,Golden Grizzlies,OAK,04091c,bc955c,away,68,FALSE,15,2,20,37,26,71,NA,10,63,5,8,1,11,10,0,0,38,11,29,31,0,9,9,275,s:40~l:54~t:275,Wisconsin,Badgers,a00000,ffffff,79,10,30,17,NA,NA
401812564,2026,11/5/2025,275,s:40~l:54~t:275,Wisconsin,Badgers,WIS,a00000,ffffff,home,79,TRUE,14,9,35,50,30,60,NA,16,79,11,14,22,13,6,1,0,33,8,24,48,0,18,18,2473,s:40~l:54~t:2473,Oakland,Golden Grizzlies,04091c,bc955c,68,11,34,14,NA,NA
401807942,2026,11/5/2025,2443,s:40~l:54~t:2443,New Orleans,Privateers,UNO,005da6,a2a9ae,away,60,FALSE,8,2,27,30,21,69,NA,18,53,9,17,0,18,12,0,0,36,9,25,45,0,22,22,202,s:40~l:54~t:202,Tulsa,Golden Hurricane,003595,d0b787,77,5,20,16,NA,NA
401807942,2026,11/5/2025,202,s:40~l:54~t:202,Tulsa,Golden Hurricane,TLSA,003595,d0b787,home,77,TRUE,19,6,32,41,29,71,NA,17,75,6,8,20,14,12,0,0,39,13,33,46,0,21,21,2443,s:40~l:54~t:2443,New Orleans,Privateers,005da6,a2a9ae,60,9,32,27,NA,NA
401812420,2026,11/5/2025,87,s:40~l:54~t:87,Notre Dame,Fighting Irish,ND,062340,c99700,home,98,TRUE,20,4,26,54,37,68,NA,11,75,15,20,48,15,11,1,0,53,9,17,41,0,8,8,161,s:40~l:54~t:161,Fairleigh Dickinson,Knights,72293c,28334a,52,27,42,32,NA,NA
401830462,2026,11/5/2025,2016,s:40~l:54~t:2016,Alcorn State,Lady Braves,ALCN,4b0058,46166a,home,81,TRUE,25,7,30,44,33,75,NA,21,75,9,12,30,18,12,4,0,32,6,19,48,0,19,19,130263,s:40~l:54~t:130263,Mississippi University For Women,Owls,NA,NA,56,24,50,32,NA,NA
401830431,2026,11/5/2025,2681,s:40~l:54~t:2681,Wagner,Seahawks,WAG,00483A,ffffff,home,88,TRUE,18,1,29,49,31,63,NA,22,73,22,30,42,15,17,1,0,25,4,16,44,0,18,18,111998,s:40~l:54~t:111998,SUNY-New Paltz,Hawks,NA,NA,46,15,48,29,NA,NA
401828645,2026,11/5/2025,3111,s:40~l:54~t:3111,Apprentice School,Builders,APPR,000000,NA,away,21,FALSE,4,3,24,22,8,37,NA,17,67,4,6,0,6,5,4,0,10,1,10,30,0,48,48,2261,s:40~l:54~t:2261,Hampton,Lady Pirates,0067AC,NA,105,8,10,2,NA,NA
401828645,2026,11/5/2025,2261,s:40~l:54~t:2261,Hampton,Lady Pirates,HAMP,0067AC,NA,home,105,TRUE,26,3,24,52,45,87,NA,16,62,8,13,84,20,23,1,0,33,7,21,44,0,12,12,3111,s:40~l:54~t:3111,Apprentice School,Builders,000000,NA,21,40,62,49,NA,NA
401824255,2026,11/5/2025,2625,s:40~l:54~t:2625,Talladega,Tornadoes,TLDG,000000,NA,away,32,FALSE,4,0,22,13,7,53,NA,31,61,17,28,1,11,9,4,0,7,1,14,33,0,27,27,2010,s:40~l:54~t:2010,Alabama A&M,Bulldogs,790000,ffffff,103,6,10,6,NA,NA
401819755,2026,11/5/2025,2217,s:40~l:54~t:2217,Fairfield,Stags,FAIR,000000,ebebeb,away,75,TRUE,12,1,27,43,23,54,NA,13,84,21,25,12,6,6,0,0,33,8,24,33,0,13,13,222,s:40~l:54~t:222,Villanova,Wildcats,00205b,13b5ea,63,5,30,19,NA,NA
401822135,2026,11/5/2025,2379,s:40~l:54~t:2379,Maryland Eastern Shore,Hawks,UMES,5c2301,b5b7ba,away,48,FALSE,10,4,24,35,18,51,NA,24,44,8,18,6,7,14,2,0,25,4,16,31,0,28,28,2670,s:40~l:54~t:2670,VCU,Rams,ffaf00,000000,62,8,18,24,NA,NA
401822135,2026,11/5/2025,2670,s:40~l:54~t:2670,VCU,Rams,VCU,ffaf00,000000,home,62,TRUE,12,3,31,36,18,50,NA,18,84,21,25,16,11,10,2,0,25,5,20,42,0,26,26,2379,s:40~l:54~t:2379,Maryland Eastern Shore,Hawks,5c2301,b5b7ba,48,22,22,19,NA,NA
401830946,2026,11/5/2025,131690,s:40~l:54~t:131690,Felician,Golden Falcons,FEU,NA,NA,away,55,FALSE,10,0,23,28,17,61,NA,26,80,20,25,3,16,11,0,1,8,1,12,39,1,20,20,2169,s:40~l:54~t:2169,Delaware State,Hornets,009cdb,d51c28,66,14,28,6,NA,NA
401826059,2026,11/5/2025,301,s:40~l:54~t:301,San Diego,Toreros,USD,2f99d4,2f99d4,away,54,FALSE,7,3,19,32,19,59,NA,23,60,9,15,0,14,11,1,0,30,7,23,33,0,16,16,300,s:40~l:54~t:300,UC Irvine,Anteaters,002B5C,fec52e,72,9,20,20,NA,NA
401826059,2026,11/5/2025,300,s:40~l:54~t:300,UC Irvine,Anteaters,UCI,002B5C,fec52e,home,72,TRUE,16,2,27,41,20,49,NA,12,82,23,28,21,10,10,1,0,39,9,23,37,0,15,15,301,s:40~l:54~t:301,San Diego,Toreros,2f99d4,2f99d4,54,4,18,13,NA,NA
401825137,2026,11/5/2025,2489,s:40~l:54~t:2489,Palm Beach Atlantic,Sailfish,PBA,000000,NA,away,67,FALSE,14,3,26,42,26,62,NA,18,50,6,12,12,13,5,1,0,32,9,28,39,0,13,13,2454,s:40~l:54~t:2454,North Florida,Ospreys,004B8D,babcbe,70,2,26,7,NA,NA
401825137,2026,11/5/2025,2454,s:40~l:54~t:2454,North Florida,Ospreys,UNF,004B8D,babcbe,home,70,TRUE,15,3,25,43,27,63,NA,14,64,9,14,5,13,3,1,0,32,7,22,38,0,10,10,2489,s:40~l:54~t:2489,Palm Beach Atlantic,Sailfish,000000,NA,67,13,38,10,NA,NA
401808076,2026,11/4/2025,62,s:40~l:54~t:62,Hawai'i,Rainbow Wahine,HAW,005737,000000,home,74,TRUE,10,5,24,42,26,62,NA,22,62,18,29,11,14,10,0,0,29,4,14,38,0,11,11,2502,s:40~l:54~t:2502,Portland State,Vikings,00311e,ebebeb,63,8,42,14,NA,NA
401825926,2026,11/4/2025,2492,s:40~l:54~t:2492,Pepperdine,Waves,PEPP,003A72,dc762f,away,84,TRUE,24,5,33,62,29,47,NA,21,67,14,21,19,7,11,1,0,48,12,25,40,0,30,30,2239,s:40~l:54~t:2239,Cal State Fullerton,Titans,003767,ff8300,70,8,30,20,NA,NA
401825926,2026,11/4/2025,2239,s:40~l:54~t:2239,Cal State Fullerton,Titans,CSUF,003767,ff8300,home,70,FALSE,15,0,15,33,24,73,NA,24,67,14,21,0,20,20,0,0,31,8,26,35,0,18,18,2492,s:40~l:54~t:2492,Pepperdine,Waves,003A72,dc762f,84,17,26,24,NA,NA
401826686,2026,11/4/2025,108878,s:40~l:54~t:108878,Bethesda,Flames,BTHS,NA,NA,away,13,FALSE,4,2,13,9,4,44,NA,12,25,2,8,0,4,2,8,0,14,3,22,17,0,21,21,2463,s:40~l:54~t:2463,Cal State Northridge,Matadors,b50000,NA,103,0,0,0,NA,NA
401826686,2026,11/4/2025,2463,s:40~l:54~t:2463,Cal State Northridge,Matadors,CSUN,b50000,NA,home,103,TRUE,25,9,39,44,40,91,NA,11,64,9,14,90,40,11,0,0,30,14,47,79,0,8,8,108878,s:40~l:54~t:108878,Bethesda,Flames,NA,NA,13,38,52,31,NA,NA
401826076,2026,11/4/2025,2501,s:40~l:54~t:2501,Portland,Pilots,PORT,330072,a8b3ba,home,95,TRUE,23,8,24,64,43,67,NA,10,83,5,6,61,12,16,1,0,29,4,14,36,0,16,16,2930,s:40~l:54~t:2930,Willamette,Bearcats,960a2c,ab9e76,43,21,74,50,NA,NA
401825951,2026,11/4/2025,2104,s:40~l:54~t:2104,Carroll (MT),Fighting Saints,CRMT,000000,NA,away,41,FALSE,4,1,22,31,13,42,NA,12,83,10,12,0,7,8,6,0,29,5,17,29,0,37,37,147,s:40~l:54~t:147,Montana State,Bobcats,00205c,bc955c,93,7,16,7,NA,NA
401825775,2026,11/4/2025,149,s:40~l:54~t:149,Montana,Lady Griz,MONT,751D4A,666666,home,81,TRUE,10,1,38,43,26,60,NA,17,83,25,30,50,10,10,0,0,18,4,22,48,0,15,15,2548,s:40~l:54~t:2548,Seattle Pacific,Falcons,000000,NA,44,7,38,20,NA,NA
401829547,2026,11/4/2025,111214,s:40~l:54~t:111214,Westminster (MO),Blue Jays,WCMO,NA,NA,away,46,FALSE,6,5,16,38,21,55,NA,20,40,2,5,0,4,1,1,0,13,2,15,20,0,26,26,2710,s:40~l:54~t:2710,Western Illinois,Leathernecks,4e1e8a,ffc90a,116,0,14,4,NA,NA
401829547,2026,11/4/2025,2710,s:40~l:54~t:2710,Western Illinois,Leathernecks,WIU,4e1e8a,ffc90a,home,116,TRUE,14,0,30,54,44,81,NA,12,87,20,23,70,19,19,0,0,44,8,18,49,0,8,8,111214,s:40~l:54~t:111214,Westminster (MO),Blue Jays,NA,NA,46,19,44,38,NA,NA
401825986,2026,11/4/2025,155,s:40~l:54~t:155,North Dakota,Fighting Hawks,UND,00A26B,c2c3c0,away,47,FALSE,7,0,28,21,11,52,NA,17,79,19,24,1,8,3,2,0,19,6,31,36,0,21,21,135,s:40~l:54~t:135,Minnesota,Golden Gophers,5e0a2f,fab41c,91,3,8,4,NA,NA
401825986,2026,11/4/2025,135,s:40~l:54~t:135,Minnesota,Golden Gophers,MINN,5e0a2f,fab41c,home,91,TRUE,18,2,35,41,35,86,NA,23,88,14,16,44,23,12,0,0,27,7,26,58,0,7,7,155,s:40~l:54~t:155,North Dakota,Fighting Hawks,00A26B,c2c3c0,47,13,44,26,NA,NA
401824755,2026,11/4/2025,2348,s:40~l:54~t:2348,Louisiana Tech,Lady Techsters,LT,003087,cb333b,away,81,FALSE,12,2,25,43,31,72,NA,17,75,12,16,15,11,6,1,0,30,7,23,36,0,16,16,8,s:40~l:54~t:8,Arkansas,Razorbacks,a32136,ffffff,93,9,34,10,NA,NA
401824755,2026,11/4/2025,8,s:40~l:54~t:8,Arkansas,Razorbacks,ARK,a32136,ffffff,home,93,TRUE,21,8,31,45,33,74,NA,21,75,18,24,12,19,10,0,0,43,9,21,50,0,16,16,2348,s:40~l:54~t:2348,Louisiana Tech,Lady Techsters,003087,cb333b,81,16,40,26,NA,NA
401813871,2026,11/4/2025,2099,s:40~l:54~t:2099,Canisius,Golden Griffins,CAN,004a81,dda50f,away,40,FALSE,5,2,22,39,12,31,NA,20,57,12,21,0,7,3,2,0,44,4,9,29,0,45,45,130,s:40~l:54~t:130,Michigan,Wolverines,00274c,ffcb05,100,3,6,5,NA,NA
401813871,2026,11/4/2025,130,s:40~l:54~t:130,Michigan,Wolverines,MICH,00274c,ffcb05,home,100,TRUE,23,4,17,52,41,79,NA,22,62,13,21,60,19,25,0,0,28,5,18,36,0,10,10,2099,s:40~l:54~t:2099,Canisius,Golden Griffins,004a81,dda50f,40,36,70,53,NA,NA
401830076,2026,11/4/2025,2660,s:40~l:54~t:2660,UMass Boston,UMASS BOSTON,MBOS,000000,NA,away,46,FALSE,9,0,17,31,18,59,NA,21,75,9,12,0,11,10,1,0,8,1,12,28,0,27,27,2771,s:40~l:54~t:2771,Merrimack,Warriors,2f4f93,e8c535,97,2,20,8,NA,NA
401830076,2026,11/4/2025,2771,s:40~l:54~t:2771,Merrimack,Warriors,MRMK,2f4f93,e8c535,home,97,TRUE,21,5,29,50,35,70,NA,17,62,16,26,51,21,19,0,0,34,11,32,50,0,21,21,2660,s:40~l:54~t:2660,UMass Boston,UMASS BOSTON,000000,NA,46,26,42,38,NA,NA
401829309,2026,11/4/2025,224,s:40~l:54~t:224,Westminster (UT),Griffins,WUUT,000000,NA,away,47,FALSE,4,2,20,30,16,53,NA,19,74,14,19,0,8,2,1,0,7,1,14,28,0,21,21,304,s:40~l:54~t:304,Idaho State,Bengals,ef8c00,e9a126,99,2,18,5,NA,NA
401829309,2026,11/4/2025,304,s:40~l:54~t:304,Idaho State,Bengals,IDST,ef8c00,e9a126,home,99,TRUE,24,5,28,59,35,59,NA,19,63,19,30,55,7,17,0,0,63,10,16,35,0,5,5,224,s:40~l:54~t:224,Westminster (UT),Griffins,000000,NA,47,23,46,29,NA,NA
401825730,2026,11/4/2025,47,s:40~l:54~t:47,Howard,Bison,HOW,003a63,e51937,away,68,TRUE,11,6,21,37,25,67,NA,15,86,12,14,18,16,8,0,1,40,6,15,37,1,12,12,2507,s:40~l:54~t:2507,Providence,Friars,000000,a3a19e,56,4,28,26,NA,NA
401825730,2026,11/4/2025,2507,s:40~l:54~t:2507,Providence,Friars,PROV,000000,a3a19e,home,56,FALSE,8,3,27,38,21,55,NA,17,75,12,16,6,12,8,1,1,11,2,19,39,1,20,20,47,s:40~l:54~t:47,Howard,Bison,003a63,e51937,68,14,30,12,NA,NA
401825722,2026,11/4/2025,2612,s:40~l:54~t:2612,Saint Peter's,Peacocks,SPU,004CC2,NA,away,39,FALSE,6,3,19,27,15,56,NA,16,63,5,8,3,12,6,1,0,14,4,28,31,0,24,24,2550,s:40~l:54~t:2550,Seton Hall,Pirates,0857B1,8a8d8f,88,0,16,14,NA,NA
401825123,2026,11/4/2025,288,s:40~l:54~t:288,Lipscomb,Bisons,LIP,20366C,f6b734,away,46,FALSE,7,9,23,30,17,57,NA,10,73,8,11,0,7,5,1,0,17,4,23,30,0,18,18,84,s:40~l:54~t:84,Indiana,Hoosiers,970310,ffffff,80,0,24,9,NA,NA
401825123,2026,11/4/2025,84,s:40~l:54~t:84,Indiana,Hoosiers,IU,970310,ffffff,home,80,TRUE,11,3,32,50,33,66,NA,21,92,11,12,35,9,11,0,0,20,3,15,41,0,10,10,288,s:40~l:54~t:288,Lipscomb,Bisons,20366C,f6b734,46,23,56,22,NA,NA
401825049,2026,11/4/2025,2227,s:40~l:54~t:2227,Florida Memorial,FLORIDA MEMORIAL,FMU,000000,NA,away,46,FALSE,6,0,15,39,20,51,NA,20,60,3,5,6,2,7,1,0,20,3,15,17,0,16,16,2226,s:40~l:54~t:2226,Florida Atlantic,Owls,003366,cc0000,89,4,28,14,NA,NA
401825009,2026,11/4/2025,223,s:40~l:54~t:223,West Chester,Golden Rams,WCHT,000000,NA,away,46,FALSE,11,2,23,35,16,46,NA,17,57,8,14,5,4,4,1,0,33,6,18,27,0,22,22,2603,s:40~l:54~t:2603,Saint Joseph's,Hawks,9e1b32,6c6f70,69,9,16,12,NA,NA
401825009,2026,11/4/2025,2603,s:40~l:54~t:2603,Saint Joseph's,Hawks,JOES,9e1b32,6c6f70,home,69,TRUE,20,2,28,37,25,68,NA,16,65,11,17,23,22,16,1,0,28,8,29,50,0,16,16,223,s:40~l:54~t:223,West Chester,Golden Rams,000000,NA,46,17,32,31,NA,NA
401824708,2026,11/4/2025,2335,s:40~l:54~t:2335,Liberty,Flames,LIB,0a254e,b72025,home,78,TRUE,19,4,25,43,29,68,NA,13,75,12,16,29,21,7,0,0,27,8,30,46,0,12,12,112702,s:40~l:54~t:112702,Frostburg State,Bobcats,NA,NA,49,9,40,26,NA,NA
401824223,2026,11/4/2025,71,s:40~l:54~t:71,Bradley,Braves,BRAD,b70002,c0c0c0,home,94,TRUE,21,4,28,53,34,64,NA,15,65,13,20,65,12,16,0,0,39,13,33,40,0,10,10,546,s:40~l:54~t:546,Judson University,Eagles,000000,NA,33,17,36,41,NA,NA
401823668,2026,11/4/2025,258,s:40~l:54~t:258,Virginia,Cavaliers,UVA,f84c1e,232d4b,home,86,TRUE,18,12,35,46,32,70,NA,10,88,15,17,50,23,12,0,0,24,7,29,58,0,16,16,2415,s:40~l:54~t:2415,Morgan State,Lady Bears,014786,f47937,36,19,46,22,NA,NA
401822226,2026,11/4/2025,2674,s:40~l:54~t:2674,Valparaiso,Beacons,VAL,794500,NA,away,54,FALSE,11,3,31,37,18,49,NA,12,71,12,17,2,7,7,2,0,32,6,19,38,0,35,35,305,s:40~l:54~t:305,DePaul,Blue Demons,2d649c,ce1125,92,11,20,7,NA,NA
401822226,2026,11/4/2025,305,s:40~l:54~t:305,DePaul,Blue Demons,DEP,2d649c,ce1125,home,92,TRUE,26,7,27,44,39,88,NA,15,38,3,8,40,18,21,0,0,44,11,25,45,0,10,10,2674,s:40~l:54~t:2674,Valparaiso,Beacons,794500,NA,54,27,48,28,NA,NA
401820298,2026,11/4/2025,2619,s:40~l:54~t:2619,Stony Brook,Seawolves,STBK,990000,NA,away,50,FALSE,11,3,18,30,18,60,NA,17,57,8,14,0,9,11,2,0,40,6,15,27,0,20,20,183,s:40~l:54~t:183,Syracuse,Orange,000e54,ff431b,74,9,24,14,NA,NA
401820298,2026,11/4/2025,183,s:40~l:54~t:183,Syracuse,Orange,SYR,000e54,ff431b,home,74,TRUE,15,6,36,49,32,65,NA,18,75,9,12,24,16,10,2,0,8,1,12,52,0,22,22,2619,s:40~l:54~t:2619,Stony Brook,Seawolves,990000,NA,50,17,54,20,NA,NA
401818616,2026,11/4/2025,356,s:40~l:54~t:356,Illinois,Fighting Illini,ILL,ff5f05,13294b,home,91,TRUE,19,3,28,53,31,59,NA,30,78,25,32,30,11,6,0,0,36,4,11,39,0,16,16,2546,s:40~l:54~t:2546,Southeast Missouri State,Redhawks,c8102e,000000,67,19,44,21,NA,NA
401825822,2026,11/4/2025,2385,s:40~l:54~t:2385,Mercyhurst,Lakers,MERC,000000,NA,away,39,FALSE,8,0,15,34,12,35,NA,20,90,9,10,0,3,0,6,0,30,6,20,18,0,36,36,127,s:40~l:54~t:127,Michigan State,Spartans,173f35,ffffff,125,0,10,0,NA,NA
401825822,2026,11/4/2025,127,s:40~l:54~t:127,Michigan State,Spartans,MSU,173f35,ffffff,home,125,TRUE,33,6,20,62,49,79,NA,11,70,14,20,86,19,24,1,0,46,13,28,39,0,3,3,2385,s:40~l:54~t:2385,Mercyhurst,Lakers,000000,NA,39,50,70,62,NA,NA
401827883,2026,11/4/2025,2329,s:40~l:54~t:2329,Lehigh,Mountain Hawks,LEH,6c2b2a,b69e70,away,88,TRUE,20,3,19,49,31,63,NA,21,68,17,25,13,13,7,1,0,38,9,24,32,0,14,14,2132,s:40~l:54~t:2132,Cincinnati,Bearcats,000000,e00122,85,7,44,19,NA,NA
401827883,2026,11/4/2025,2132,s:40~l:54~t:2132,Cincinnati,Bearcats,CIN,000000,e00122,home,85,FALSE,18,4,24,46,27,59,NA,27,77,20,26,4,11,4,1,0,55,11,20,35,0,17,17,2329,s:40~l:54~t:2329,Lehigh,Mountain Hawks,6c2b2a,b69e70,88,10,28,21,NA,NA
401822235,2026,11/4/2025,2752,s:40~l:54~t:2752,Xavier,Musketeers,XAV,21304e,a5a7a8,home,53,TRUE,13,7,22,35,18,52,NA,10,89,16,18,18,10,12,0,0,7,1,14,32,0,18,18,2441,s:40~l:54~t:2441,New Haven,Chargers,041e42,ffc425,46,5,24,25,NA,NA
401813893,2026,11/4/2025,2368,s:40~l:54~t:2368,Marist,Red Foxes,MRST,e53730,f0f0f0,away,46,FALSE,10,3,12,31,16,52,NA,19,63,5,8,0,10,8,1,0,47,9,19,22,0,17,17,399,s:40~l:54~t:399,UAlbany,Great Danes,3D2777,ffffff,74,3,8,16,0,0
401813893,2026,11/4/2025,399,s:40~l:54~t:399,UAlbany,Great Danes,UALB,3D2777,ffffff,home,74,TRUE,22,6,24,56,30,54,NA,14,71,5,7,36,9,6,1,0,43,9,21,33,0,15,15,2368,s:40~l:54~t:2368,Marist,Red Foxes,e53730,f0f0f0,46,9,38,20,0,0
401813906,2026,11/4/2025,257,s:40~l:54~t:257,Richmond,Spiders,RICH,9e0712,b90b2e,home,83,TRUE,22,2,33,44,28,63,NA,16,63,12,19,38,12,8,2,0,39,15,38,45,0,12,12,116,s:40~l:54~t:116,Mount St. Mary's,Mountaineers,005596,ebebeb,49,7,24,21,NA,NA
401825759,2026,11/4/2025,2561,s:40~l:54~t:2561,Siena,Saints,SIE,037961,eea60f,home,43,FALSE,7,3,25,25,15,60,NA,22,69,11,16,3,11,7,1,0,11,2,19,36,0,15,15,2142,s:40~l:54~t:2142,Colgate,Raiders,821019,ffffff,53,4,24,14,NA,NA
401819778,2026,11/4/2025,2182,s:40~l:54~t:2182,Drexel,Dragons,DREX,020260,ffd65a,away,68,TRUE,16,2,32,42,25,60,NA,9,76,13,17,8,12,2,1,0,36,5,14,44,0,12,12,221,s:40~l:54~t:221,Pittsburgh,Panthers,003594,ffb81c,60,7,34,12,NA,NA
401819741,2026,11/4/2025,259,s:40~l:54~t:259,Virginia Tech,Hokies,VT,6a2c3e,cf4520,home,100,TRUE,22,5,41,49,37,76,NA,19,77,23,30,44,18,10,0,0,33,3,9,59,0,14,14,119,s:40~l:54~t:119,Towson,Tigers,FFC229,NA,56,19,58,20,0,0
401817381,2026,11/4/2025,97,s:40~l:54~t:97,Louisville,Cardinals,LOU,c9001f,ffffff,away,66,FALSE,11,1,31,34,22,64,NA,14,82,14,17,0,12,3,0,0,33,8,24,43,0,12,12,41,s:40~l:54~t:41,UConn,Huskies,0c2340,a2aaad,79,10,18,13,NA,NA
401817381,2026,11/4/2025,41,s:40~l:54~t:41,UConn,Huskies,CONN,0c2340,a2aaad,home,79,TRUE,17,2,32,45,35,78,NA,16,63,5,8,28,15,8,1,0,15,4,26,47,0,8,8,97,s:40~l:54~t:97,Louisville,Cardinals,c9001f,ffffff,66,15,50,16,NA,NA
401817573,2026,11/4/2025,2633,s:40~l:54~t:2633,Tennessee,Lady Volunteers,TENN,ff8200,ffffff,away,77,FALSE,14,4,32,39,30,77,NA,23,57,8,14,10,16,6,0,1,27,9,33,48,1,11,11,152,s:40~l:54~t:152,NC State,Wolfpack,cc0000,ffffff,80,6,38,16,NA,NA
401817573,2026,11/4/2025,152,s:40~l:54~t:152,NC State,Wolfpack,NCSU,cc0000,ffffff,home,80,TRUE,16,5,33,39,30,76,NA,10,71,15,21,8,15,7,0,0,29,5,17,48,0,10,10,2633,s:40~l:54~t:2633,Tennessee,Lady Volunteers,ff8200,ffffff,77,12,38,9,NA,NA
401830618,2026,11/4/2025,79,s:40~l:54~t:79,Southern Illinois,Salukis,SIU,85283D,c2c3c0,home,69,TRUE,17,3,32,40,25,63,NA,19,62,13,21,16,15,12,0,0,43,6,14,47,0,16,16,2332,s:40~l:54~t:2332,Lewis,Flyers,000000,NA,53,16,36,21,NA,NA
401822217,2026,11/3/2025,26,s:40~l:54~t:26,UCLA,Bruins,UCLA,2774ae,f2a900,away,77,TRUE,21,9,34,48,32,66,NA,10,86,6,7,29,15,5,1,0,26,7,27,49,0,13,13,21,s:40~l:54~t:21,San Diego State,Aztecs,a6192e,000000,53,10,48,11,NA,NA
401822217,2026,11/3/2025,21,s:40~l:54~t:21,San Diego State,Aztecs,SDSU,a6192e,000000,home,53,FALSE,13,3,17,34,21,62,NA,9,33,1,3,0,8,6,0,0,40,10,25,25,0,10,10,26,s:40~l:54~t:26,UCLA,Bruins,2774ae,f2a900,77,3,20,16,NA,NA
401819603,2026,11/3/2025,24,s:40~l:54~t:24,Stanford,Cardinal,STAN,8c1515,ffffff,home,87,TRUE,15,4,33,57,33,58,NA,11,88,14,16,48,11,7,0,0,47,7,15,44,0,13,13,2430,s:40~l:54~t:2430,UNC Greensboro,Spartans,003559,ffd90a,42,15,44,16,NA,NA
401827898,2026,11/3/2025,2440,s:40~l:54~t:2440,Nevada,Wolf Pack,NEV,041e42,8a8d8f,home,70,TRUE,13,3,27,36,26,73,NA,8,65,15,23,19,23,9,0,0,21,3,14,50,0,7,7,3182,s:40~l:54~t:3182,Cal State San Marcos,Cougars,NA,NA,53,13,44,13,NA,NA
401822252,2026,11/3/2025,2934,s:40~l:54~t:2934,Cal State Bakersfield,Roadrunners,CSUB,003BAB,NA,home,42,FALSE,9,5,29,25,15,59,NA,23,56,9,16,7,11,12,0,0,14,3,21,40,0,31,31,3084,s:40~l:54~t:3084,Utah Valley,Wolverines,004812,e1c736,66,9,20,19,NA,NA
401812773,2026,11/3/2025,130215,s:40~l:54~t:130215,Stanton,Elks,STN,NA,NA,away,39,FALSE,8,0,9,34,14,41,NA,16,40,2,5,1,5,7,6,0,38,9,24,14,0,44,44,16,s:40~l:54~t:16,Sacramento State,Hornets,00573C,cdb97d,124,1,4,9,NA,NA
401812773,2026,11/3/2025,16,s:40~l:54~t:16,Sacramento State,Hornets,SAC,00573C,cdb97d,home,124,TRUE,33,5,24,60,52,86,NA,11,59,13,22,87,29,26,0,0,30,7,23,53,0,15,15,130215,s:40~l:54~t:130215,Stanton,Elks,NA,NA,39,23,86,64,NA,NA
401830367,2026,11/3/2025,498,s:40~l:54~t:498,UC Santa Cruz,Banana Slugs,UCSCRZ,NA,NA,away,27,FALSE,5,5,23,20,8,40,NA,15,60,9,15,0,8,4,5,1,13,2,15,31,1,38,38,13,s:40~l:54~t:13,Cal Poly,Mustangs,1E4D2B,eed897,87,6,12,5,NA,NA
401830367,2026,11/3/2025,13,s:40~l:54~t:13,Cal Poly,Mustangs,CP,1E4D2B,eed897,home,87,TRUE,16,3,28,49,38,77,NA,16,60,9,15,60,19,20,0,0,18,2,11,47,0,14,14,498,s:40~l:54~t:498,UC Santa Cruz,Banana Slugs,NA,NA,27,20,64,46,NA,NA
401830363,2026,11/3/2025,2863,s:40~l:54~t:2863,Cal State Monterey Bay,Otters,CSMB,000000,NA,away,44,FALSE,6,3,21,30,15,50,NA,14,56,10,18,2,15,10,2,0,24,4,17,36,0,26,26,2540,s:40~l:54~t:2540,UC Santa Barbara,Gauchos,1e1840,febc11,80,6,14,14,NA,NA
401830363,2026,11/3/2025,2540,s:40~l:54~t:2540,UC Santa Barbara,Gauchos,UCSB,1e1840,febc11,home,80,TRUE,19,7,23,51,31,61,NA,16,53,8,15,43,14,12,1,0,43,10,23,37,0,18,18,2863,s:40~l:54~t:2863,Cal State Monterey Bay,Otters,000000,NA,44,11,36,22,NA,NA
401826092,2026,11/3/2025,28,s:40~l:54~t:28,UC San Diego,Tritons,UCSD,000000,ffcd00,away,66,FALSE,10,2,17,34,23,67,NA,16,76,16,21,3,12,16,0,0,16,4,25,29,0,9,9,279,s:40~l:54~t:279,Pacific,Tigers,F47820,c2c3c0,69,4,34,26,NA,NA
401826058,2026,11/3/2025,108878,s:40~l:54~t:108878,Bethesda,Flames,BTHS,NA,NA,away,23,FALSE,5,1,14,17,7,41,NA,6,57,4,7,0,1,1,10,0,28,5,18,15,0,18,18,301,s:40~l:54~t:301,San Diego,Toreros,2f99d4,2f99d4,92,0,2,3,NA,NA
401826058,2026,11/3/2025,301,s:40~l:54~t:301,San Diego,Toreros,USD,2f99d4,2f99d4,home,92,TRUE,24,5,34,51,38,75,NA,6,44,4,9,70,25,6,0,0,34,12,35,59,0,7,7,108878,s:40~l:54~t:108878,Bethesda,Flames,NA,NA,23,34,52,40,NA,NA
401825794,2026,11/3/2025,2464,s:40~l:54~t:2464,Northern Arizona,Lumberjacks,NAU,003976,1b3069,away,59,FALSE,11,3,23,33,19,58,NA,17,63,12,19,2,10,6,0,0,33,9,27,33,0,17,17,167,s:40~l:54~t:167,New Mexico,Lobos,ba0c2f,a7a8aa,77,5,12,10,NA,NA
401825794,2026,11/3/2025,167,s:40~l:54~t:167,New Mexico,Lobos,UNM,ba0c2f,a7a8aa,home,77,TRUE,18,3,31,52,28,54,NA,21,57,13,23,19,8,14,0,0,38,8,21,39,0,15,15,2464,s:40~l:54~t:2464,Northern Arizona,Lumberjacks,003976,1b3069,59,21,34,20,NA,NA
401818674,2026,11/3/2025,2483,s:40~l:54~t:2483,Oregon,Ducks,ORE,00934b,fff41b,home,100,TRUE,30,5,20,49,43,88,NA,17,80,4,5,47,18,24,0,0,28,10,36,38,0,6,6,2698,s:40~l:54~t:2698,West Georgia,Wolves,0033a1,db1a21,59,32,54,41,NA,NA
401826138,2026,11/3/2025,253,s:40~l:54~t:253,Southern Utah,Thunderbirds,SUU,c72026,000000,home,103,TRUE,20,4,34,52,34,66,NA,15,69,24,35,48,17,10,1,0,50,11,22,51,0,14,14,116420,s:40~l:54~t:116420,Park University Gilbert,Buccaneers,NA,NA,55,20,46,31,NA,NA
401822283,2026,11/3/2025,9,s:40~l:54~t:9,Arizona State,Sun Devils,ASU,ffc627,8c1d40,home,67,TRUE,18,5,18,41,26,63,NA,23,72,13,18,14,18,19,1,0,11,2,19,36,0,23,23,2154,s:40~l:54~t:2154,Coppin State,Eagles,2e3192,ffd204,53,11,36,37,NA,NA
401809048,2026,11/3/2025,251,s:40~l:54~t:251,Texas,Longhorns,TEX,af5c37,ffffff,home,123,TRUE,16,5,32,65,51,78,NA,28,82,14,17,72,14,13,0,0,41,7,17,46,0,11,11,2916,s:40~l:54~t:2916,Incarnate Word,Cardinals,000000,080808,51,15,66,36,NA,NA
401827853,2026,11/3/2025,2235,s:40~l:54~t:2235,Fresno Pacific,Sunbirds,FPU,000000,NA,away,38,FALSE,1,2,16,22,11,49,NA,18,75,15,20,0,13,9,5,0,6,1,17,29,0,37,37,278,s:40~l:54~t:278,Fresno State,Bulldogs,b1102b,13284c,87,6,16,9,NA,NA
401827249,2026,11/3/2025,2172,s:40~l:54~t:2172,Denver,Pioneers,DEN,98002e,a8996e,home,50,FALSE,9,4,25,43,20,47,NA,14,88,7,8,7,9,7,1,0,33,3,9,34,0,24,24,2005,s:40~l:54~t:2005,Air Force,Falcons,003594,ffffff,59,16,30,15,NA,NA
401826676,2026,11/3/2025,2547,s:40~l:54~t:2547,Seattle U,Redhawks,SEA,BF2E1A,c2c3c0,away,43,FALSE,7,4,18,28,17,60,NA,20,71,5,7,0,13,4,0,0,20,4,20,31,0,21,21,264,s:40~l:54~t:264,Washington,Huskies,33006f,e8d3a2,90,0,22,9,NA,NA
401826599,2026,11/3/2025,195,s:40~l:54~t:195,Ohio,Bobcats,OHIO,154734,ffffff,away,72,TRUE,13,3,16,43,23,54,NA,17,68,19,28,13,14,17,0,0,25,7,28,30,0,23,23,326,s:40~l:54~t:326,Texas State,Bobcats,501214,6a5638,66,20,30,28,NA,NA
401826145,2026,11/3/2025,27,s:40~l:54~t:27,UC Riverside,Highlanders,UCR,14234F,NA,away,53,FALSE,10,4,38,29,19,65,NA,14,50,6,12,8,9,2,1,0,36,9,25,47,0,14,14,2856,s:40~l:54~t:2856,California Baptist,Lancers,000000,NA,56,5,18,10,NA,NA
401826129,2026,11/3/2025,2627,s:40~l:54~t:2627,Tarleton State,Texans,TAR,000000,NA,home,90,TRUE,17,6,31,45,33,74,NA,17,88,15,17,55,22,17,0,0,32,9,28,53,0,17,17,2544,s:40~l:54~t:2544,Schreiner,Mountaineers,000000,NA,35,15,48,28,NA,NA
401820859,2026,11/3/2025,2032,s:40~l:54~t:2032,Arkansas State,Red Wolves,ARST,cc092f,000000,home,66,FALSE,7,0,25,31,22,72,NA,26,51,18,35,8,14,16,0,0,14,4,29,39,0,15,15,2050,s:40~l:54~t:2050,Ball State,Cardinals,ba0c2f,ffffff,68,11,36,26,NA,NA
401820053,2026,11/3/2025,2006,s:40~l:54~t:2006,Akron,Zips,AKR,041e42,c5b783,away,63,FALSE,10,1,22,41,24,58,NA,18,75,9,12,0,11,5,2,0,27,6,22,33,0,21,21,6,s:40~l:54~t:6,South Alabama,Jaguars,00205b,bf0d3e,87,5,32,14,NA,NA
401818626,2026,11/3/2025,2582,s:40~l:54~t:2582,Southern,Jaguars,SOU,004B97,ffc82d,away,51,FALSE,9,4,13,32,18,56,NA,29,47,8,17,3,8,16,0,0,30,7,23,21,0,21,21,2294,s:40~l:54~t:2294,Iowa,Hawkeyes,231f20,fcd116,86,4,16,14,NA,NA
401818626,2026,11/3/2025,2294,s:40~l:54~t:2294,Iowa,Hawkeyes,IOWA,231f20,fcd116,home,86,TRUE,22,5,34,52,30,58,NA,17,79,22,28,42,18,10,3,0,22,4,18,52,0,24,24,2582,s:40~l:54~t:2582,Southern,Jaguars,004B97,ffc82d,51,15,48,25,NA,NA
401807941,2026,11/3/2025,2443,s:40~l:54~t:2443,New Orleans,Privateers,UNO,005da6,a2a9ae,away,48,FALSE,5,0,11,35,19,55,NA,20,58,7,12,2,7,10,1,0,20,3,15,18,0,24,24,197,s:40~l:54~t:197,Oklahoma State,Cowgirls,fe5c00,000000,109,10,26,9,NA,NA
401807941,2026,11/3/2025,197,s:40~l:54~t:197,Oklahoma State,Cowgirls,OKST,fe5c00,000000,home,109,TRUE,29,6,31,55,41,75,NA,11,83,10,12,61,23,14,1,0,43,17,40,54,0,21,21,2443,s:40~l:54~t:2443,New Orleans,Privateers,005da6,a2a9ae,48,25,42,27,NA,NA
401829536,2026,11/3/2025,2433,s:40~l:54~t:2433,UL Monroe,Warhawks,ULM,840029,fdb913,home,80,TRUE,13,3,24,48,30,62,NA,25,75,15,20,17,13,8,0,0,33,5,15,37,0,12,12,2199,s:40~l:54~t:2199,Eastern Michigan,Eagles,006938,ffffff,71,6,30,14,NA,NA
401827275,2026,11/3/2025,292,s:40~l:54~t:292,UT Rio Grande Valley,Vaqueros,RGV,dc6000,e1732d,home,64,TRUE,19,1,30,38,23,60,NA,22,73,11,15,19,15,7,0,0,28,7,25,45,0,16,16,2610,s:40~l:54~t:2610,St. Mary's (TX),Rattlers,000000,NA,46,9,28,16,NA,NA
401822856,2026,11/3/2025,2437,s:40~l:54~t:2437,Omaha,Mavericks,OMA,e3193e,474648,away,35,FALSE,8,1,16,26,12,47,NA,14,64,7,11,0,8,6,2,0,27,4,15,24,0,30,30,2306,s:40~l:54~t:2306,Kansas State,Wildcats,330a57,e2e3e4,100,0,14,2,NA,NA
401822823,2026,11/3/2025,139,s:40~l:54~t:139,Saint Louis,Billikens,SLU,00539C,ebebeb,away,66,FALSE,8,5,19,45,29,65,NA,25,29,6,21,4,14,7,0,0,33,2,6,33,0,15,15,2623,s:40~l:54~t:2623,Missouri State,Lady Bears,5e0009,ffffff,70,4,40,14,NA,NA
401820133,2026,11/3/2025,2168,s:40~l:54~t:2168,Dayton,Flyers,DAY,004B8D,ffffff,away,76,FALSE,14,4,17,53,30,57,NA,19,60,9,15,2,10,5,0,0,41,7,17,27,0,15,15,2287,s:40~l:54~t:2287,Illinois State,Redbirds,CE1126,ffe716,87,6,42,17,NA,NA
401820133,2026,11/3/2025,2287,s:40~l:54~t:2287,Illinois State,Redbirds,ILST,CE1126,ffe716,home,87,TRUE,24,2,22,51,35,68,NA,14,75,12,16,22,18,10,1,0,19,5,26,40,0,12,12,2168,s:40~l:54~t:2168,Dayton,Flyers,004B8D,ffffff,76,10,54,26,NA,NA
401817405,2026,11/3/2025,2110,s:40~l:54~t:2110,Central Arkansas,Sugar Bears,CARK,a7a9ac,8e959a,away,71,FALSE,9,1,25,41,28,69,NA,30,58,7,12,2,10,6,0,0,26,8,31,35,0,7,7,142,s:40~l:54~t:142,Missouri,Tigers,f1b82d,000000,78,0,32,9,NA,NA
401811123,2026,11/3/2025,2253,s:40~l:54~t:2253,Grand Canyon,Lopes,GCU,522398,ffffff,away,54,FALSE,6,3,19,27,17,62,NA,26,76,13,17,0,12,3,2,0,21,7,34,31,0,17,17,2579,s:40~l:54~t:2579,South Carolina,Gamecocks,73000a,000000,94,2,18,10,NA,NA
401811123,2026,11/3/2025,2579,s:40~l:54~t:2579,South Carolina,Gamecocks,SC,73000a,000000,home,94,TRUE,19,6,33,60,34,57,NA,21,68,17,25,41,5,6,0,0,47,9,19,38,0,11,11,2253,s:40~l:54~t:2253,Grand Canyon,Lopes,522398,ffffff,54,32,40,22,NA,NA
401818636,2026,11/3/2025,2352,s:40~l:54~t:2352,Loyola Maryland,Greyhounds,L-MD,76a7a0,c9cbca,away,26,FALSE,6,1,17,20,9,45,NA,16,67,4,6,1,8,5,0,0,21,4,19,25,0,29,29,120,s:40~l:54~t:120,Maryland,Terrapins,ce1126,ffffff,80,3,10,6,NA,NA
401818636,2026,11/3/2025,120,s:40~l:54~t:120,Maryland,Terrapins,MD,ce1126,ffffff,home,80,TRUE,20,3,29,51,27,53,NA,11,76,16,21,57,10,18,1,0,48,10,21,39,0,18,18,2352,s:40~l:54~t:2352,Loyola Maryland,Greyhounds,76a7a0,c9cbca,26,14,32,35,NA,NA
401828582,2026,11/3/2025,2743,s:40~l:54~t:2743,Wisconsin Stevens Point,Pointers,UWSP,000000,NA,away,37,FALSE,5,2,23,24,15,62,NA,25,18,2,11,0,8,9,2,0,20,5,25,31,0,11,11,2739,s:40~l:54~t:2739,Green Bay,Phoenix,006633,ffffff,85,4,16,5,NA,NA
401828549,2026,11/3/2025,88,s:40~l:54~t:88,Southern Indiana,Screaming Eagles,USI,000000,NA,home,85,TRUE,19,6,24,51,32,63,NA,20,65,15,23,42,14,21,1,0,27,6,22,38,0,20,20,2233,s:40~l:54~t:2233,Franklin,Grizzlies,1b295b,fdd106,45,15,46,46,NA,NA
401827476,2026,11/3/2025,231,s:40~l:54~t:231,Furman,Paladins,FUR,582c83,ffffff,home,85,TRUE,18,2,38,46,32,69,NA,17,55,17,31,63,17,15,1,0,25,4,16,55,0,13,13,2822,s:40~l:54~t:2822,North Greenville,Crusaders,d91e39,000000,27,20,52,28,NA,NA
401827454,2026,11/3/2025,451,s:40~l:54~t:451,Converse,CONVERSE,CVU,000000,NA,away,65,FALSE,6,0,19,30,17,57,NA,25,75,24,32,0,4,6,0,0,21,7,34,23,0,19,19,2747,s:40~l:54~t:2747,Wofford,Terriers,533B24,f0f0f0,126,9,20,14,NA,NA
401827283,2026,11/3/2025,2447,s:40~l:54~t:2447,Nicholls,Colonels,NICH,C41230,f0f0f0,away,72,TRUE,15,2,26,52,26,50,NA,18,68,13,19,16,5,4,1,0,39,7,18,31,0,16,16,2016,s:40~l:54~t:2016,Alcorn State,Lady Braves,4b0058,46166a,66,16,28,17,NA,NA
401827283,2026,11/3/2025,2016,s:40~l:54~t:2016,Alcorn State,Lady Braves,ALCN,4b0058,46166a,home,66,FALSE,12,1,21,45,26,58,NA,20,38,6,16,0,11,7,1,0,47,8,17,32,0,18,18,2447,s:40~l:54~t:2447,Nicholls,Colonels,C41230,f0f0f0,72,21,32,23,NA,NA
401827191,2026,11/3/2025,2460,s:40~l:54~t:2460,Northern Iowa,Panthers,UNI,473282,ffffff,home,49,FALSE,7,7,29,31,16,52,NA,22,52,14,27,3,11,3,1,0,33,3,9,40,0,17,17,2449,s:40~l:54~t:2449,North Dakota State,Bison,01402A,ffffff,63,3,24,10,NA,NA
401826604,2026,11/3/2025,2572,s:40~l:54~t:2572,Southern Miss,Lady Eagles,USM,ffc72c,231f20,home,77,TRUE,18,4,29,39,28,71,NA,14,100,9,9,23,15,8,0,0,52,12,23,44,0,10,10,2459,s:40~l:54~t:2459,Northern Illinois,Huskies,c8102e,000000,56,15,26,18,NA,NA
401825726,2026,11/3/2025,322,s:40~l:54~t:322,Lafayette,Leopards,LAF,790000,a59474,away,38,FALSE,7,5,28,25,12,48,NA,13,83,10,12,0,6,4,1,0,40,4,10,34,0,22,22,222,s:40~l:54~t:222,Villanova,Wildcats,00205b,13b5ea,70,7,14,6,NA,NA
401825713,2026,11/3/2025,2571,s:40~l:54~t:2571,South Dakota State,Jackrabbits,SDST,0033a0,ffd100,away,78,TRUE,13,7,35,53,32,60,NA,13,89,8,9,16,4,5,1,0,46,6,13,39,0,9,9,156,s:40~l:54~t:156,Creighton,Bluejays,005ca9,6cadde,62,7,44,9,NA,NA
401825713,2026,11/3/2025,156,s:40~l:54~t:156,Creighton,Bluejays,CREI,005ca9,6cadde,home,62,FALSE,15,1,25,33,23,69,NA,14,80,8,10,3,12,6,0,0,28,8,29,37,0,6,6,2571,s:40~l:54~t:2571,South Dakota State,Jackrabbits,0033a0,ffd100,78,2,28,6,NA,NA
401825179,2026,11/3/2025,2304,s:40~l:54~t:2304,Johnson C Smith,Golden Bulls,JCSU,000000,NA,away,26,FALSE,2,3,21,22,11,51,NA,18,60,3,5,0,12,5,3,0,7,1,14,33,0,30,30,2272,s:40~l:54~t:2272,High Point,Panthers,330072,ffffff,84,0,14,3,NA,NA
401825141,2026,11/3/2025,2241,s:40~l:54~t:2241,Gardner-Webb,Runnin' Bulldogs,GWEB,c12535,909090,away,47,FALSE,10,2,15,27,15,56,NA,17,59,13,22,1,13,13,1,0,22,4,18,28,0,17,17,2511,s:40~l:54~t:2511,Queens University,Royals,192C66,857040,58,7,16,16,NA,NA
401825099,2026,11/3/2025,2876,s:40~l:54~t:2876,Lincoln (MO),Blue Tigers,LNMO,000000,NA,away,42,FALSE,6,2,19,22,11,49,NA,23,58,15,26,3,9,6,3,0,17,5,29,28,0,31,31,2724,s:40~l:54~t:2724,Wichita State,Shockers,ffcd00,27251f,96,5,12,14,NA,NA
401825099,2026,11/3/2025,2724,s:40~l:54~t:2724,Wichita State,Shockers,WICH,ffcd00,27251f,home,96,TRUE,24,1,34,57,36,63,NA,23,57,16,28,60,13,21,3,0,40,8,20,47,0,22,22,2876,s:40~l:54~t:2876,Lincoln (MO),Blue Tigers,000000,NA,42,26,54,39,NA,NA
401824995,2026,11/3/2025,2350,s:40~l:54~t:2350,Loyola Chicago,Ramblers,LUC,9d1244,NA,away,59,TRUE,9,5,18,38,23,61,NA,23,50,9,18,10,14,12,0,0,21,4,19,32,0,12,12,270,s:40~l:54~t:270,Milwaukee,Panthers,000000,ffc20e,55,16,32,22,NA,NA
401824912,2026,11/3/2025,2244,s:40~l:54~t:2244,George Mason,Patriots,GMU,016600,ecb010,away,85,FALSE,13,3,24,35,28,81,NA,27,86,19,22,11,19,7,0,0,31,10,32,43,0,16,16,218,s:40~l:54~t:218,Temple,Owls,a41e35,ffffff,94,7,26,21,NA,NA
401824409,2026,11/3/2025,2296,s:40~l:54~t:2296,Jackson State,Lady Tigers,JKST,123297,b5b7ba,home,117,TRUE,29,1,30,49,43,88,NA,25,53,20,38,77,32,24,0,0,38,11,29,62,0,17,17,130263,s:40~l:54~t:130263,Mississippi University For Women,Owls,NA,NA,40,39,60,50,NA,NA
401824230,2026,11/3/2025,325,s:40~l:54~t:325,Cleveland State,Vikings,CLE,006633,231f20,home,71,TRUE,13,4,30,44,24,55,NA,14,69,18,26,27,13,14,1,0,29,5,17,43,0,17,17,2130,s:40~l:54~t:2130,Chicago State,Cougars,006700,NA,49,27,38,19,NA,NA
401822977,2026,11/3/2025,2870,s:40~l:54~t:2870,Purdue Fort Wayne,Mastodons,PFW,cfb991,000000,away,47,FALSE,10,2,28,37,19,52,NA,28,29,2,7,2,4,9,0,0,29,7,24,32,0,31,31,277,s:40~l:54~t:277,West Virginia,Mountaineers,eaaa00,002855,83,0,24,16,NA,NA
401822977,2026,11/3/2025,277,s:40~l:54~t:277,West Virginia,Mountaineers,WVU,eaaa00,002855,home,83,TRUE,8,4,32,40,27,68,NA,12,68,23,34,40,19,19,0,0,32,6,19,51,0,17,17,2870,s:40~l:54~t:2870,Purdue Fort Wayne,Mastodons,cfb991,000000,47,15,42,30,NA,NA
401822261,2026,11/3/2025,48,s:40~l:54~t:48,Delaware,Blue Hens,DEL,00539f,ffd200,home,83,TRUE,11,2,22,45,30,66,NA,17,73,16,22,28,21,10,0,0,41,7,17,43,0,13,13,2071,s:40~l:54~t:2071,Bloomsburg,Huskies,000000,NA,59,14,40,23,NA,NA
401819533,2026,11/3/2025,2453,s:40~l:54~t:2453,North Alabama,Lions,UNA,000000,NA,home,57,TRUE,11,3,32,38,21,56,NA,15,75,9,12,9,10,9,0,0,32,6,19,42,0,21,21,2630,s:40~l:54~t:2630,UT Martin,Skyhawks,FF6700,102a5c,54,13,26,14,NA,NA
401818515,2026,11/3/2025,2454,s:40~l:54~t:2454,North Florida,Ospreys,UNF,004B8D,babcbe,away,62,FALSE,11,2,20,43,23,53,NA,26,71,10,14,5,8,6,1,0,35,6,17,28,0,31,31,57,s:40~l:54~t:57,Florida,Gators,0021a5,fa4616,96,6,32,19,NA,NA
401818515,2026,11/3/2025,57,s:40~l:54~t:57,Florida,Gators,FLA,0021a5,fa4616,home,96,TRUE,15,3,25,54,35,65,NA,18,75,21,28,42,13,19,0,0,24,5,21,38,0,17,17,2454,s:40~l:54~t:2454,North Florida,Ospreys,004B8D,babcbe,62,35,56,44,NA,NA
401817300,2026,11/3/2025,2210,s:40~l:54~t:2210,Elon,Phoenix,ELON,020303,b59a57,away,65,TRUE,5,4,34,32,24,75,NA,20,72,13,18,9,17,10,0,0,18,4,22,51,0,15,15,2193,s:40~l:54~t:2193,East Tennessee State,Bucs,002d61,ffc423,56,5,30,10,NA,NA
401817300,2026,11/3/2025,2193,s:40~l:54~t:2193,East Tennessee State,Bucs,ETSU,002d61,ffc423,home,56,FALSE,9,2,37,33,19,57,NA,15,64,14,22,9,8,7,1,0,20,4,20,45,0,21,21,2210,s:40~l:54~t:2210,Elon,Phoenix,020303,b59a57,65,9,22,13,NA,NA
401813825,2026,11/3/2025,2363,s:40~l:54~t:2363,Manhattan,Jaspers,MAN,4f8537,b5b7ba,home,38,FALSE,9,1,27,23,11,48,NA,14,75,15,20,0,8,4,2,0,11,1,9,35,0,17,17,227,s:40~l:54~t:227,Rhode Island,Rams,091f3f,5ab3e8,56,5,16,5,NA,NA
401813787,2026,11/3/2025,2641,s:40~l:54~t:2641,Texas Tech,Lady Raiders,TTU,da291c,000000,home,78,TRUE,14,9,33,44,28,64,NA,19,83,15,18,40,10,11,0,0,25,7,28,43,0,14,14,2448,s:40~l:54~t:2448,North Carolina A&T,Aggies,0505aa,004684,40,20,34,21,NA,NA
401813738,2026,11/3/2025,2681,s:40~l:54~t:2681,Wagner,Seahawks,WAG,00483A,ffffff,away,50,FALSE,7,3,29,25,15,60,NA,26,75,18,24,0,15,7,0,0,11,2,18,44,0,23,23,164,s:40~l:54~t:164,Rutgers,Scarlet Knights,ce0e2d,ffffff,79,10,22,6,NA,NA
401813738,2026,11/3/2025,164,s:40~l:54~t:164,Rutgers,Scarlet Knights,RUTG,ce0e2d,ffffff,home,79,TRUE,15,4,31,35,24,69,NA,25,60,24,40,38,23,14,0,0,26,7,27,54,0,14,14,2681,s:40~l:54~t:2681,Wagner,Seahawks,00483A,ffffff,50,26,28,22,NA,NA
401813221,2026,11/3/2025,2649,s:40~l:54~t:2649,Toledo,Rockets,TOL,0b2240,ffcd00,away,51,FALSE,9,3,27,26,14,54,NA,18,75,21,28,0,7,5,4,0,9,2,22,34,0,28,28,2653,s:40~l:54~t:2653,Troy,Trojans,862633,b1b1b1,88,11,24,10,NA,NA
401813221,2026,11/3/2025,2653,s:40~l:54~t:2653,Troy,Trojans,TROY,862633,b1b1b1,home,88,TRUE,16,6,31,47,35,75,NA,21,65,11,17,38,11,9,0,0,37,7,19,42,0,20,20,2649,s:40~l:54~t:2649,Toledo,Rockets,0b2240,ffcd00,51,25,52,30,NA,NA
401813196,2026,11/3/2025,189,s:40~l:54~t:189,Bowling Green,Falcons,BGSU,fd5000,4f2c1d,away,82,TRUE,11,3,24,52,27,52,NA,19,79,23,29,20,12,7,0,1,31,5,16,36,1,23,23,309,s:40~l:54~t:309,Louisiana,Ragin' Cajuns,ce181e,000000,67,6,44,19,NA,NA
401813196,2026,11/3/2025,309,s:40~l:54~t:309,Louisiana,Ragin' Cajuns,UL,ce181e,000000,home,67,FALSE,7,2,18,42,28,67,NA,24,50,7,14,7,16,7,2,1,27,4,15,34,1,20,20,189,s:40~l:54~t:189,Bowling Green,Falcons,fd5000,4f2c1d,82,13,34,18,NA,NA
401812419,2026,11/3/2025,2509,s:40~l:54~t:2509,Purdue,Boilermakers,PUR,ceb888,000000,home,67,TRUE,11,6,33,42,22,53,NA,21,72,18,25,25,13,8,2,0,26,5,19,46,0,19,19,161,s:40~l:54~t:161,Fairleigh Dickinson,Knights,72293c,28334a,48,18,30,29,NA,NA
401828484,2026,11/3/2025,2476,s:40~l:54~t:2476,Oglethorpe,Stormy Petrels,OGLET,000000,NA,away,59,FALSE,14,4,31,36,19,53,NA,24,76,16,21,1,7,5,3,0,24,5,21,38,0,33,33,2247,s:40~l:54~t:2247,Georgia State,Panthers,0039a6,ffffff,108,2,26,9,NA,NA
401827749,2026,11/3/2025,282,s:40~l:54~t:282,Indiana State,Sycamores,INST,00669a,f0f0f0,away,64,FALSE,12,5,28,39,24,62,NA,27,70,14,20,2,13,4,3,0,9,2,23,41,0,24,24,85,s:40~l:54~t:85,IU Indianapolis,Jaguars,A81F30,d59f0f,67,6,36,18,NA,NA
401825830,2026,11/3/2025,113,s:40~l:54~t:113,Massachusetts,Minutewomen,MASS,881c1c,ffffff,away,58,TRUE,14,3,30,40,20,50,NA,16,50,14,28,18,17,6,2,0,31,4,13,47,0,22,22,295,s:40~l:54~t:295,Old Dominion,Monarchs,003768,a1d2f1,52,6,28,8,NA,NA
401825830,2026,11/3/2025,295,s:40~l:54~t:295,Old Dominion,Monarchs,ODU,003768,a1d2f1,home,52,FALSE,9,6,20,29,20,70,NA,21,75,9,12,5,20,11,0,0,15,3,20,40,0,11,11,113,s:40~l:54~t:113,Massachusetts,Minutewomen,881c1c,ffffff,58,7,26,20,NA,NA
401825064,2026,11/3/2025,249,s:40~l:54~t:249,North Texas,Mean Green,UNT,068f33,ffffff,home,106,TRUE,21,2,23,59,38,64,NA,13,78,18,23,70,14,7,0,0,55,12,22,37,0,6,6,589,s:40~l:54~t:589,Oklahoma Christian University,Eagles,000000,NA,36,17,44,37,NA,NA
401824172,2026,11/3/2025,2589,s:40~l:54~t:2589,Spalding,Pelicans,SPLD,000000,NA,away,51,FALSE,8,2,29,24,14,59,NA,20,70,16,23,0,9,7,0,0,37,7,19,38,0,16,16,91,s:40~l:54~t:91,Bellarmine,Knights,000000,NA,77,5,10,5,NA,NA
401822200,2026,11/3/2025,2127,s:40~l:54~t:2127,Charleston Southern,Buccaneers,CHSO,2e3192,ded090,away,84,FALSE,12,3,35,46,27,59,NA,33,77,20,26,3,9,7,2,0,34,10,29,44,0,24,24,294,s:40~l:54~t:294,Jacksonville,Dolphins,00523e,NA,86,5,28,21,NA,NA
401822200,2026,11/3/2025,294,s:40~l:54~t:294,Jacksonville,Dolphins,JAX,00523e,NA,home,86,TRUE,11,2,26,37,26,70,NA,22,64,27,42,20,17,16,1,0,30,7,23,43,0,14,14,2127,s:40~l:54~t:2127,Charleston Southern,Buccaneers,2e3192,ded090,84,19,32,32,NA,NA
401830417,2026,11/3/2025,2046,s:40~l:54~t:2046,Austin Peay,Governors,APSU,8e0b0b,NA,home,115,TRUE,25,5,34,56,48,86,NA,21,73,11,15,71,25,11,0,0,31,8,26,59,0,15,15,2553,s:40~l:54~t:2553,Sewanee,Tigers,000000,NA,46,33,78,36,NA,NA
401826982,2026,11/3/2025,2789,s:40~l:54~t:2789,York College Nebraska,YORK (NE),YUNE,000000,NA,away,33,FALSE,4,1,22,19,11,59,NA,18,88,7,8,0,10,5,0,0,19,4,21,32,0,30,30,233,s:40~l:54~t:233,South Dakota,Coyotes,CD1241,f0f0f0,104,3,12,4,NA,NA
401826982,2026,11/3/2025,233,s:40~l:54~t:233,South Dakota,Coyotes,SDAK,CD1241,f0f0f0,home,104,TRUE,27,12,39,51,40,78,NA,10,83,20,24,82,17,17,0,0,22,4,18,56,0,10,10,2789,s:40~l:54~t:2789,York College Nebraska,YORK (NE),000000,NA,33,25,70,39,NA,NA
401826635,2026,11/3/2025,324,s:40~l:54~t:324,Coastal Carolina,Chanticleers,CCU,006f71,a27752,home,53,FALSE,8,3,25,29,16,55,NA,17,61,14,23,5,14,14,1,0,24,7,29,39,0,26,26,193,s:40~l:54~t:193,Miami (OH),RedHawks,c41230,ffffff,63,11,14,23,NA,NA
401826628,2026,11/3/2025,2309,s:40~l:54~t:2309,Kent State,Golden Flashes,KENT,002664,eaab00,away,48,FALSE,7,2,32,25,15,59,NA,22,74,17,23,0,17,5,4,0,6,1,16,49,0,25,25,256,s:40~l:54~t:256,James Madison,Dukes,450084,cbb677,80,7,24,13,NA,NA
401826628,2026,11/3/2025,256,s:40~l:54~t:256,James Madison,Dukes,JMU,450084,cbb677,home,80,TRUE,12,4,31,41,28,69,NA,22,74,17,23,36,12,16,1,0,25,7,28,43,0,14,14,2309,s:40~l:54~t:2309,Kent State,Golden Flashes,002664,eaab00,48,26,40,35,NA,NA
401826612,2026,11/3/2025,276,s:40~l:54~t:276,Marshall,Thundering Herd,MRSH,00b140,000000,home,53,TRUE,14,2,26,34,22,65,NA,14,100,1,1,20,17,13,0,0,24,8,33,43,0,23,23,2084,s:40~l:54~t:2084,Buffalo,Bulls,005bbb,ffffff,39,2,26,16,NA,NA
401826164,2026,11/3/2025,2116,s:40~l:54~t:2116,UCF,Knights,UCF,000000,b4a169,home,75,TRUE,20,6,31,47,28,59,NA,21,68,15,22,41,14,12,2,0,25,4,16,45,0,23,23,2065,s:40~l:54~t:2065,Bethune-Cookman,Wildcats,7b1831,e9aa12,36,18,44,38,NA,NA
401825016,2026,11/3/2025,179,s:40~l:54~t:179,St. Bonaventure,Bonnies,SBU,70261D,NA,home,82,TRUE,16,6,34,43,30,69,NA,16,64,14,22,54,22,7,0,0,32,8,25,56,0,16,16,2365,s:40~l:54~t:2365,Mansfield,Mountaineers,000000,NA,34,9,34,24,NA,NA
401824215,2026,11/3/2025,2117,s:40~l:54~t:2117,Central Michigan,Chippewas,CMU,4c0027,fbab18,away,72,FALSE,7,3,21,50,28,56,NA,19,75,15,20,0,10,3,0,0,14,1,7,31,0,16,16,290,s:40~l:54~t:290,Georgia Southern,Eagles,041e42,a3aaae,98,4,46,14,NA,NA
401824161,2026,11/3/2025,151,s:40~l:54~t:151,East Carolina,Pirates,ECU,582c83,ffc72c,home,82,TRUE,12,8,21,49,31,63,NA,18,67,14,21,19,9,19,2,0,38,6,16,30,0,17,17,350,s:40~l:54~t:350,UNC Wilmington,Seahawks,00665e,ffda00,63,23,42,32,NA,NA
401823697,2026,11/3/2025,2115,s:40~l:54~t:2115,Central Connecticut,Blue Devils,CCSU,1B49A2,d1d5d8,away,50,FALSE,5,2,17,31,16,51,NA,22,76,13,17,12,8,9,0,0,28,5,18,25,0,16,16,2803,s:40~l:54~t:2803,Bryant,Bulldogs,000000,9f8343,71,2,18,8,NA,NA
401822196,2026,11/3/2025,58,s:40~l:54~t:58,South Florida,Bulls,USF,006747,cfc493,home,81,TRUE,16,4,28,38,28,73,NA,22,69,22,32,28,24,9,0,0,14,3,21,52,0,13,13,2229,s:40~l:54~t:2229,Florida International,Panthers,091f3f,c3993f,56,12,36,24,NA,NA
401820507,2026,11/3/2025,357,s:40~l:54~t:357,Texas A&M-Corpus Christi,Islanders,AMCC,0067c5,007f3e,home,100,TRUE,26,7,31,43,32,74,NA,15,78,21,27,70,20,20,0,0,43,15,35,51,0,13,13,128658,s:40~l:54~t:128658,College of Biblical Studies,Ambassadors,NA,NA,30,17,26,44,NA,NA
401819745,2026,11/3/2025,50,s:40~l:54~t:50,Florida A&M,Rattlers,FAMU,F89728,00843d,away,39,FALSE,5,5,26,19,14,74,NA,28,64,9,14,0,17,1,0,0,17,2,12,43,0,23,23,52,s:40~l:54~t:52,Florida State,Seminoles,782f40,ceb888,112,2,14,3,NA,NA
401819745,2026,11/3/2025,52,s:40~l:54~t:52,Florida State,Seminoles,FSU,782f40,ceb888,home,112,TRUE,16,11,43,47,35,75,NA,14,86,32,37,73,15,13,0,1,33,10,30,58,1,11,11,50,s:40~l:54~t:50,Florida A&M,Rattlers,F89728,00843d,39,27,48,33,NA,NA
401817538,2026,11/3/2025,107,s:40~l:54~t:107,Holy Cross,Crusaders,HC,582c83,ffffff,away,72,TRUE,15,2,27,43,25,58,NA,17,75,15,20,4,9,7,1,0,33,7,21,36,0,14,14,103,s:40~l:54~t:103,Boston College,Eagles,8c2232,dbcca6,71,9,34,12,NA,NA
401812633,2026,11/3/2025,104,s:40~l:54~t:104,Boston University,Terriers,BU,cc0000,ffffff,home,55,FALSE,13,3,23,40,20,50,NA,12,82,9,11,2,6,4,0,0,30,6,20,29,0,13,13,2514,s:40~l:54~t:2514,Quinnipiac,Bobcats,041B43,NA,65,2,24,18,NA,NA
401827851,2026,11/3/2025,201,s:40~l:54~t:201,Oklahoma,Sooners,OU,990000,ffffff,home,84,TRUE,22,5,43,46,33,71,NA,20,50,15,30,17,18,6,0,0,13,3,23,61,0,18,18,2057,s:40~l:54~t:2057,Belmont,Bruins,182142,c9262d,67,19,54,13,NA,NA
401825043,2026,11/3/2025,2429,s:40~l:54~t:2429,Charlotte,49ers,CLT,005035,a49665,home,58,FALSE,13,5,23,35,20,57,NA,20,73,11,15,8,14,8,2,0,33,7,21,37,0,27,27,2,s:40~l:54~t:2,Auburn,Tigers,002b5c,f26522,71,5,20,13,NA,NA
401827813,2026,11/3/2025,2487,s:40~l:54~t:2487,Pace,Setters,PACE,000000,NA,away,50,FALSE,7,1,21,40,19,48,NA,9,88,7,8,0,1,5,1,0,42,5,12,22,0,16,16,349,s:40~l:54~t:349,Army,Black Knights,000000,d3bc8d,86,2,20,7,NA,NA
401827813,2026,11/3/2025,349,s:40~l:54~t:349,Army,Black Knights,ARMY,000000,d3bc8d,home,86,TRUE,28,3,28,49,35,71,NA,11,40,2,5,36,15,6,0,0,34,14,41,43,0,10,10,2487,s:40~l:54~t:2487,Pace,Setters,000000,NA,50,14,34,13,NA,NA
401827459,2026,11/3/2025,2534,s:40~l:54~t:2534,Sam Houston,Bearkats,SHSU,f56423,ffffff,home,58,TRUE,9,1,24,27,21,78,NA,22,48,14,29,19,32,13,2,0,13,2,15,56,0,23,23,108784,s:40~l:54~t:108784,Southwestern Christian,Rams,NA,NA,39,5,20,23,NA,NA
401824982,2026,11/3/2025,2177,s:40~l:54~t:2177,District of Columbia,DISTRICT OF COLUMBIA,UDC,000000,NA,away,47,FALSE,8,3,14,37,17,46,NA,14,67,8,12,2,6,3,0,0,36,5,14,20,0,22,22,45,s:40~l:54~t:45,George Washington,Revolutionaries,002843,e8d2a1,86,4,18,19,NA,NA
401824982,2026,11/3/2025,45,s:40~l:54~t:45,George Washington,Revolutionaries,GW,002843,e8d2a1,home,86,TRUE,23,1,24,52,32,61,NA,17,78,7,9,39,14,8,2,0,56,15,27,38,0,19,19,2177,s:40~l:54~t:2177,District of Columbia,DISTRICT OF COLUMBIA,000000,NA,47,13,26,30,NA,NA
401823680,2026,11/3/2025,154,s:40~l:54~t:154,Wake Forest,Demon Deacons,WAKE,ceb888,2c2a29,home,71,TRUE,12,6,35,34,22,65,NA,13,67,20,30,10,13,6,0,0,24,7,29,48,0,9,9,2515,s:40~l:54~t:2515,Radford,Highlanders,BC1515,c2c3c0,64,17,28,6,NA,NA
401822186,2026,11/3/2025,2097,s:40~l:54~t:2097,Campbell,Fighting Camels,CAM,000000,NA,away,72,FALSE,13,4,20,35,25,71,NA,15,54,13,24,10,23,5,3,0,32,9,28,43,0,19,19,2655,s:40~l:54~t:2655,Tulane,Green Wave,006747,418fde,74,4,26,15,NA,NA
401822186,2026,11/3/2025,2655,s:40~l:54~t:2655,Tulane,Green Wave,TULN,006747,418fde,home,74,TRUE,19,5,18,44,27,62,NA,22,63,12,19,6,11,10,0,0,40,8,20,29,0,16,16,2097,s:40~l:54~t:2097,Campbell,Fighting Camels,000000,NA,72,12,38,21,NA,NA
401819768,2026,11/3/2025,2275,s:40~l:54~t:2275,Hofstra,Pride,HOF,003594,ffc72c,away,48,FALSE,10,4,24,36,20,56,NA,24,67,4,6,5,9,5,1,0,25,4,16,33,0,23,23,2390,s:40~l:54~t:2390,Miami,Hurricanes,f47423,035131,83,9,24,8,NA,NA
401819768,2026,11/3/2025,2390,s:40~l:54~t:2390,Miami,Hurricanes,MIA,f47423,035131,home,83,TRUE,18,3,26,44,31,71,NA,14,52,13,25,35,20,12,1,0,25,8,32,46,0,10,10,2275,s:40~l:54~t:2275,Hofstra,Pride,003594,ffc72c,48,16,38,29,NA,NA
401818527,2026,11/3/2025,2011,s:40~l:54~t:2011,Alabama State,Lady Hornets,ALST,e9a900,0a0a0a,away,44,FALSE,9,2,13,33,16,48,NA,22,44,7,16,0,15,8,3,0,42,5,12,28,0,28,28,61,s:40~l:54~t:61,Georgia,Lady Bulldogs,ba0c2f,2c2a29,73,6,16,14,NA,NA
401818527,2026,11/3/2025,61,s:40~l:54~t:61,Georgia,Lady Bulldogs,UGA,ba0c2f,2c2a29,home,73,TRUE,12,6,20,45,27,60,NA,12,72,13,18,29,19,13,1,0,27,6,22,39,0,20,20,2011,s:40~l:54~t:2011,Alabama State,Lady Hornets,e9a900,0a0a0a,44,17,30,26,NA,NA
401813262,2026,11/3/2025,56,s:40~l:54~t:56,Stetson,Hatters,STET,0a5640,56854e,away,73,FALSE,15,4,27,50,26,52,NA,26,64,9,14,8,5,5,2,0,52,12,23,32,0,17,17,333,s:40~l:54~t:333,Alabama,Crimson Tide,9e1b32,ffffff,82,15,26,7,NA,NA
401813262,2026,11/3/2025,333,s:40~l:54~t:333,Alabama,Crimson Tide,ALA,9e1b32,ffffff,home,82,TRUE,12,1,25,42,26,62,NA,13,72,23,32,9,13,12,0,0,28,7,25,38,0,8,8,56,s:40~l:54~t:56,Stetson,Hatters,0a5640,56854e,73,3,34,20,NA,NA
401825191,2026,11/3/2025,2506,s:40~l:54~t:2506,Presbyterian,Blue Hose,PRES,194896,990134,home,113,TRUE,22,3,35,47,43,91,NA,24,47,16,34,70,31,27,0,0,46,11,24,66,0,19,19,2684,s:40~l:54~t:2684,Warren Wilson,Owls,000000,NA,45,28,62,42,NA,NA
401828571,2026,11/3/2025,112358,s:40~l:54~t:112358,Long Island University,Sharks,LIU,50c9f7,ffbf00,away,75,TRUE,9,3,30,50,24,48,NA,23,70,23,33,18,2,7,0,0,24,4,17,32,0,15,15,111,s:40~l:54~t:111,Northeastern,Huskies,CC0001,c2c3c0,60,12,30,19,NA,NA
401827746,2026,11/3/2025,2157,s:40~l:54~t:2157,Covenant,Fighting Scots,COV,000000,NA,away,41,FALSE,3,2,20,24,11,46,NA,21,80,16,20,0,1,5,2,0,12,3,26,21,0,35,35,232,s:40~l:54~t:232,Charleston,Cougars,7a2531,9e8959,135,2,10,5,NA,NA
401823714,2026,11/3/2025,2349,s:40~l:54~t:2349,UMass Lowell,River Hawks,UML,000000,cf1f2f,home,54,TRUE,7,2,33,40,21,53,NA,9,77,10,13,13,16,5,4,0,11,2,19,49,0,21,21,2830,s:40~l:54~t:2830,Saint Anselm,Hawks,000000,NA,50,5,32,4,NA,NA
401817548,2026,11/3/2025,25,s:40~l:54~t:25,California,Golden Bears,CAL,041e42,ffc72c,away,65,FALSE,18,4,21,39,26,67,NA,14,46,6,13,9,20,8,0,0,25,7,28,41,0,17,17,238,s:40~l:54~t:238,Vanderbilt,Commodores,000000,cfae70,74,6,34,13,NA,NA
401827797,2026,11/3/2025,68,s:40~l:54~t:68,Boise State,Broncos,BOIS,0033a0,d64309,home,59,TRUE,14,4,30,31,19,61,NA,9,76,19,25,10,18,10,0,0,12,2,17,48,0,18,18,2202,s:40~l:54~t:2202,Eastern Oregon,Mountaineers,000000,NA,51,9,26,7,NA,NA
401824326,2026,11/3/2025,2504,s:40~l:54~t:2504,Prairie View A&M,Lady Panthers,PV,582c83,eaaa00,away,60,FALSE,7,6,29,38,22,58,NA,22,86,12,14,5,8,9,0,1,19,4,21,37,1,27,27,2638,s:40~l:54~t:2638,UTEP,Miners,ff8200,041e42,84,10,30,17,NA,NA
401824326,2026,11/3/2025,2638,s:40~l:54~t:2638,UTEP,Miners,UTEP,ff8200,041e42,home,84,TRUE,14,3,28,39,31,80,NA,19,64,16,25,27,24,11,0,0,22,6,27,52,0,18,18,2504,s:40~l:54~t:2504,Prairie View A&M,Lady Panthers,582c83,eaaa00,60,17,38,28,NA,NA
401817392,2026,11/3/2025,2599,s:40~l:54~t:2599,St. John's,Red Storm,SJU,d10000,101010,home,68,TRUE,17,7,25,40,25,63,NA,15,54,13,24,23,18,7,0,0,20,5,25,43,0,13,13,2330,s:40~l:54~t:2330,Le Moyne,Dolphins,000000,NA,53,15,34,28,NA,NA
401812465,2026,11/3/2025,2598,s:40~l:54~t:2598,Saint Francis,Red Flash,SFPA,a20012,000000,away,60,FALSE,12,2,26,34,20,59,NA,19,77,10,13,1,10,9,0,0,29,10,35,36,0,30,30,2184,s:40~l:54~t:2184,Duquesne,Dukes,002D62,b90b2e,89,15,20,12,NA,NA
401808047,2026,11/3/2025,70,s:40~l:54~t:70,Idaho,Vandals,IDHO,000000,8c6e4a,away,87,TRUE,9,6,24,43,29,68,NA,26,75,21,28,6,20,11,0,0,40,8,20,44,0,21,21,265,s:40~l:54~t:265,Washington State,Cougars,a60f2d,4d4d4d,85,14,34,23,NA,NA
401831592,2026,11/3/2025,254,s:40~l:54~t:254,Utah,Utes,UTAH,be0000,ffffff,home,88,TRUE,21,2,31,44,28,64,NA,17,85,22,26,28,18,5,0,0,31,10,32,49,0,17,17,2894,s:40~l:54~t:2894,Sioux Falls,Cougars,000000,NA,62,4,36,23,NA,NA
401825991,2026,11/3/2025,2181,s:40~l:54~t:2181,Drake,Bulldogs,DRKE,005596,bec0c2,away,83,TRUE,25,6,34,49,31,63,NA,12,56,14,25,18,16,6,0,0,30,7,23,50,0,15,15,2197,s:40~l:54~t:2197,Eastern Illinois,Panthers,000000,bebab9,65,21,48,11,NA,NA
401825092,2026,11/3/2025,5,s:40~l:54~t:5,UAB,Blazers,UAB,1a5632,fdb913,home,59,FALSE,11,3,25,32,17,53,NA,18,100,19,19,20,5,11,1,0,35,6,17,30,0,16,16,2695,s:40~l:54~t:2695,West Alabama,Tigers,d31d33,ffffff,62,12,16,15,NA,NA
401818646,2026,11/3/2025,2466,s:40~l:54~t:2466,Northwestern State,Lady Demons,NWST,492F91,ed6118,away,46,FALSE,3,1,18,36,15,42,NA,22,50,12,24,2,8,6,2,0,25,4,16,26,0,24,24,158,s:40~l:54~t:158,Nebraska,Cornhuskers,e31937,ffffff,103,2,20,11,NA,NA
401818646,2026,11/3/2025,158,s:40~l:54~t:158,Nebraska,Cornhuskers,NEB,e31937,ffffff,home,103,TRUE,19,2,25,61,36,59,NA,21,77,23,30,59,11,14,0,0,47,8,17,36,0,12,12,2466,s:40~l:54~t:2466,Northwestern State,Lady Demons,492F91,ed6118,46,16,50,35,NA,NA
401817556,2026,11/3/2025,239,s:40~l:54~t:239,Baylor,Bears,BAY,154734,ffb81c,home,58,TRUE,10,9,31,32,20,63,NA,14,75,15,20,8,20,4,4,0,20,3,15,51,0,19,19,150,s:40~l:54~t:150,Duke,Blue Devils,00539b,ffffff,52,6,28,14,NA,NA
401827820,2026,11/3/2025,145,s:40~l:54~t:145,Ole Miss,Rebels,MISS,13294b,cf142b,home,87,TRUE,22,3,21,47,33,70,NA,11,73,8,11,43,21,7,1,0,43,13,30,42,0,14,14,2450,s:40~l:54~t:2450,Norfolk State,Spartans,0c8968,fdb813,46,10,34,19,NA,NA
401819923,2026,11/3/2025,2900,s:40~l:54~t:2900,St. Thomas-Minnesota,Tommies,STMN,000000,NA,away,36,FALSE,2,2,19,25,12,48,NA,20,67,10,15,1,10,4,3,0,11,2,19,29,0,20,20,66,s:40~l:54~t:66,Iowa State,Cyclones,ae192d,ffc72a,85,1,18,3,NA,NA
401819923,2026,11/3/2025,66,s:40~l:54~t:66,Iowa State,Cyclones,ISU,ae192d,ffc72a,home,85,TRUE,23,5,29,48,30,63,NA,17,84,16,19,49,13,8,0,0,35,9,26,42,0,9,9,2900,s:40~l:54~t:2900,St. Thomas-Minnesota,Tommies,000000,NA,36,11,38,29,NA,NA
401825057,2026,11/3/2025,2029,s:40~l:54~t:2029,Arkansas-Pine Bluff,Golden Lions,UAPB,e0aa0f,eaaa00,away,69,TRUE,14,2,37,31,22,70,NA,15,53,19,36,6,25,7,1,0,35,6,17,62,0,17,17,235,s:40~l:54~t:235,Memphis,Tigers,004991,8e908f,64,15,26,6,NA,NA
401822781,2026,11/3/2025,269,s:40~l:54~t:269,Marquette,Golden Eagles,MARQ,003366,ffcc00,home,89,TRUE,27,1,31,48,31,64,NA,14,89,16,18,36,17,7,0,0,37,11,30,48,0,21,21,2737,s:40~l:54~t:2737,Winthrop,Eagles,9e0b0e,fdb41e,57,24,36,27,NA,NA
401817275,2026,11/3/2025,2312,s:40~l:54~t:2312,King (TN),Tornado,KNG,000000,NA,away,34,FALSE,8,1,22,23,11,48,NA,14,67,8,12,1,6,5,1,0,21,4,19,28,0,22,22,236,s:40~l:54~t:236,Chattanooga,Mocs,00386b,dca71d,82,0,10,9,NA,NA
401817275,2026,11/3/2025,236,s:40~l:54~t:236,Chattanooga,Mocs,UTC,00386b,dca71d,home,82,TRUE,17,3,32,54,32,59,NA,16,80,12,15,52,6,12,0,0,27,6,22,38,0,9,9,2312,s:40~l:54~t:2312,King (TN),Tornado,000000,NA,34,20,46,28,NA,NA
401807984,2026,11/3/2025,2617,s:40~l:54~t:2617,Stephen F. Austin,Ladyjacks,SFA,393996,bec0c2,home,85,TRUE,22,4,31,42,36,85,NA,10,44,4,9,33,18,18,0,0,27,9,33,49,0,9,9,2904,s:40~l:54~t:2904,Nelson,Lions,000000,NA,54,36,52,34,NA,NA
401807964,2026,11/3/2025,2113,s:40~l:54~t:2113,Centenary (LA),Gentlemen,CTLA,a20b36,NA,away,49,FALSE,9,1,21,37,18,49,NA,32,50,6,12,NA,8,2,0,0,27,7,26,29,0,29,29,2545,s:40~l:54~t:2545,SE Louisiana,Lady Lions,215732,ffc72c,105,2,18,5,NA,NA
401807964,2026,11/3/2025,2545,s:40~l:54~t:2545,SE Louisiana,Lady Lions,SELA,215732,ffc72c,home,105,TRUE,17,3,25,51,34,67,NA,10,78,32,41,NA,17,16,0,0,28,5,18,42,0,7,7,2113,s:40~l:54~t:2113,Centenary (LA),Gentlemen,a20b36,NA,49,17,50,41,NA,NA
401828506,2026,11/3/2025,2393,s:40~l:54~t:2393,Middle Tennessee,Blue Raiders,MTSU,036eb7,ffffff,home,59,TRUE,11,10,25,39,23,59,NA,23,59,10,17,13,19,10,1,0,25,3,12,44,0,20,20,2634,s:40~l:54~t:2634,Tennessee State,Lady Tigers,171796,f0f0f0,53,12,32,21,NA,NA
401807516,2026,11/3/2025,153,s:40~l:54~t:153,North Carolina,Tar Heels,UNC,7bafd4,13294b,home,90,TRUE,16,6,37,53,36,68,NA,21,53,10,19,48,11,10,0,0,40,8,20,48,0,19,19,2428,s:40~l:54~t:2428,North Carolina Central,Eagles,880023,c2c3c0,42,21,54,24,NA,NA
401830361,2026,11/3/2025,2473,s:40~l:54~t:2473,Oakland,Golden Grizzlies,OAK,04091c,bc955c,home,90,TRUE,22,6,36,51,36,71,NA,14,56,9,16,60,17,14,0,0,38,9,24,53,0,11,11,128568,s:40~l:54~t:128568,Cleary University,Cougars,NA,NA,32,13,48,34,NA,NA
401829367,2026,11/3/2025,2644,s:40~l:54~t:2644,Thiel,Tomcats,THI,000000,NA,away,33,FALSE,6,1,14,21,10,47,NA,24,71,10,14,3,7,9,0,0,20,3,15,21,0,34,34,2754,s:40~l:54~t:2754,Youngstown State,Penguins,E51937,690717,104,7,10,16,NA,NA
401829367,2026,11/3/2025,2754,s:40~l:54~t:2754,Youngstown State,Penguins,YSU,E51937,690717,home,104,TRUE,24,7,32,51,38,74,NA,18,58,18,31,77,26,24,0,0,38,10,26,58,0,20,20,2644,s:40~l:54~t:2644,Thiel,Tomcats,000000,NA,33,27,56,48,NA,NA
401825772,2026,11/3/2025,314,s:40~l:54~t:314,Iona,Gaels,IONA,6f2c3e,f0ab00,home,65,TRUE,13,3,26,34,26,77,NA,18,90,9,10,17,21,14,0,0,24,4,17,47,0,11,11,2384,s:40~l:54~t:2384,Mercy,Mavericks,000000,NA,50,13,40,29,NA,NA
401819578,2026,11/3/2025,228,s:40~l:54~t:228,Clemson,Tigers,CLEM,f56600,ffffff,home,76,TRUE,12,5,25,51,29,57,NA,9,67,10,15,44,11,12,0,0,33,8,24,36,0,9,9,2908,s:40~l:54~t:2908,South Carolina Upstate,Spartans,008545,000000,38,7,38,29,NA,NA
